"","species","genus","raw_growth_form","domain","cat_growthrate","cat_corallitesize","cat_colonydiameter","cat_skeletaldensity","cat_colonyheight","cat_SA_vol","cat_spacesize","dat_corallite","Tropical.Australia","reproductive_mode","raw_colonydiam","raw_growth","dat_growth","dat_colonydiameter","link","Growth.form.typical","sa_vol2","log_growth","log_corallite","log_diameter","PC1","PC2","PC3","PC4","PCo1","PCo2","PCo3","PCo4","dim1","dim2","dim3","dim4","mclust","kclust","clust","gen"
"Acanthastrea brevis","Acanthastrea brevis","Acanthastrea","submassive","pacific",1,5,1,4,3,1,1,25,1,"spawner",NA,NA,NA,NA,"Acanthastrea","massive",0.5,NA,3.2188758248682,NA,NA,NA,NA,NA,NA,NA,NA,NA,NA,NA,NA,NA,NA,NA,NA,"other"
"Acanthastrea echinata","Acanthastrea echinata","Acanthastrea","massive","pacific",1,4,2,4,4,1,1,22.5,1,"spawner",NA,NA,NA,100,"Acanthastrea","massive",0.5,NA,3.11351530921037,4.60517018598809,NA,NA,NA,NA,NA,NA,NA,NA,NA,NA,NA,NA,NA,NA,NA,"other"
"Acanthastrea hemprichi","Acanthastrea hemprichi","Acanthastrea","massive","pacific",1,4,2,4,4,1,1,18.8,1,"spawner",NA,NA,NA,100,"Acanthastrea","massive",0.5,NA,2.9338568698359,4.60517018598809,NA,NA,NA,NA,NA,NA,NA,NA,NA,NA,NA,NA,NA,NA,NA,"other"
"Acanthastrea ishigakiensis","Acanthastrea ishigakiensis","Acanthastrea","massive","pacific",1,4,1,4,4,1,1,21,1,"spawner",NA,NA,NA,50,"Acanthastrea","massive",0.5,NA,3.04452243772342,3.91202300542815,NA,NA,NA,NA,NA,NA,NA,NA,NA,NA,NA,NA,NA,NA,NA,"other"
"Acanthastrea pachysepta","Acanthastrea pachysepta","Lobophyllia","massive","pacific",1,5,1,4,4,1,1,32.6,1,"spawner",50,NA,NA,50,"Lobophyllia","massive",0.5,NA,3.48431228837266,3.91202300542815,NA,NA,NA,NA,NA,NA,NA,NA,NA,NA,NA,NA,NA,NA,NA,"other"
"Acanthastrea regularis","Acanthastrea regularis","Acanthastrea","massive","pacific",1,3,1,4,4,1,1,9.1,1,"spawner",NA,NA,NA,30,"Acanthastrea","massive",0.5,NA,2.2082744135228,3.40119738166216,NA,NA,NA,NA,NA,NA,NA,NA,NA,NA,NA,NA,NA,NA,NA,"other"
"Acanthastrea rotundoflora","Acanthastrea rotundoflora","Acanthastrea","encrusting","pacific",1,4,1,4,1,2,1,14.7,1,"spawner",NA,NA,NA,NA,"Acanthastrea","encrusting",1,NA,2.68784749378469,NA,NA,NA,NA,NA,NA,NA,NA,NA,NA,NA,NA,NA,NA,NA,NA,"other"
"Acanthastrea subechinata","Acanthastrea subechinata","Acanthastrea","massive","pacific",1,4,1,4,4,1,1,17.7,1,"spawner",NA,NA,NA,20,"Acanthastrea","massive",0.5,NA,2.87356463957978,2.99573227355399,NA,NA,NA,NA,NA,NA,NA,NA,NA,NA,NA,NA,NA,NA,NA,"other"
"Acropora abrolhosensis","Acropora abrolhosensis","Acropora","branching_open","pacific",5,1,5,2,5,4,5,1.5,1,"spawner",533.3,NA,58.7,533.3,"Acropora...Staghorn","branching_open",2.025,4.07243972683405,0.405465108108164,6.27908411760656,-3.21187180620535,0.804998829191073,-1.13145561908177,0.0105563927644913,-0.305034049515394,-0.0774514604312244,0.0138803896430547,0.0162115674472357,0.305034049515394,-0.0774514604312244,0.0138803896430547,0.0162115674472357,1,8,8,"Acropora"
"Acropora abrotanoides","Acropora abrotanoides","Acropora","branching_open","pacific",5,1,4,2,5,4,5,1.2,1,"spawner",NA,127.5,127.5,222.4,"Acropora...Staghorn","branching_open",2.025,4.84811636459848,0.182321556793955,5.40447756237643,-3.35032854699075,0.631874622113727,-0.0905426053679007,-0.395137873560104,-0.31074945210728,-0.0753970683801725,0.0166787515799126,0.00346091248741226,0.31074945210728,-0.0753970683801725,0.0166787515799126,0.00346091248741226,1,8,8,"Acropora"
"Acropora aculeus","Acropora aculeus","Acropora","corymbose","pacific",4,1,1,2,3,5,3,1,1,"spawner",40,NA,31.6,40,"Acropora...other","corymbose",4.05,3.45315712059287,0,3.68887945411394,-1.32930183454974,-0.844934603039826,1.37251361070305,0.55142057656859,-0.145065290076492,0.0855789327467786,-0.0871689735069403,-0.0033476870918527,0.145065290076492,0.0855789327467786,-0.0871689735069403,-0.0033476870918527,2,7,7,"Acropora"
"Acropora acuminata","Acropora acuminata","Acropora","branching_open","pacific",5,1,3,2,5,4,5,1.2,1,"spawner",133.3,NA,58.7,133.3,"Acropora...Staghorn","branching_open",2.025,4.07243972683405,0.182321556793955,4.89260222718466,-2.771115001916,0.62645319867159,0.337562101023261,-0.374426223724518,-0.281050582280679,-0.0665476187831995,0.0174560367677523,-0.0117181337245369,0.281050582280679,-0.0665476187831995,0.0174560367677523,-0.0117181337245369,1,8,8,"Acropora"
"Acropora anthocercis","Acropora anthocercis","Acropora","tables_or_plates","pacific",5,1,2,2,2,5,5,1.3,1,"spawner",75,NA,30.4,75,"Acropora...Tabular","tables_or_plates",1.242,3.41444260841218,0.262364264467491,4.31748811353631,-1.84422749598976,-1.2594032934682,0.965072989236554,0.919196384537887,-0.224343980216882,0.129723302951798,-0.0430071358796831,-0.132105867682039,0.224343980216882,0.129723302951798,-0.0430071358796831,-0.132105867682039,3,5,5,"Acropora"
"Acropora aspera","Acropora aspera","Acropora","branching_open","pacific",4,1,3,1,5,4,5,1.8,1,"spawner",NA,48.5,48.5,132.5,"Acropora...Staghorn","branching_open",2.025,3.88156379794344,0.587786664902119,4.88658264542628,-2.83335837198345,1.21865210313596,0.634984074264051,0.489001255738068,-0.299396159811763,-0.0824498745775964,0.00512432127822654,0.0028693408888653,0.299396159811763,-0.0824498745775964,0.00512432127822654,0.0028693408888653,1,8,8,"Acropora"
"Acropora austera","Acropora austera","Acropora","branching_open","pacific",5,1,3,2,5,4,5,1.5,1,"spawner",NA,62.9,62.9,152.3,"Acropora...Staghorn","branching_open",2.025,4.1415461637064,0.405465108108164,5.02585225990112,-2.79024224115205,0.678554401591051,0.196374249913663,-0.333400054944802,-0.28116148415549,-0.0697851153770795,0.0167336895634921,-0.00755462548055574,0.28116148415549,-0.0697851153770795,0.0167336895634921,-0.00755462548055574,1,8,8,"Acropora"
"Acropora awi","Acropora awi","Acropora","hispidose","pacific",5,1,3,2,4,4,5,1,1,"spawner",150,NA,58.7,150,"Acropora...Staghorn","branching_open",2.025,4.07243972683405,0,5.01063529409626,-2.65856703753977,0.091516267760056,0.248402826592751,0.0290406515961072,-0.251363409942725,-0.0455654884574192,-0.00372464480273865,0.0188563712353349,0.251363409942725,-0.0455654884574192,-0.00372464480273865,0.0188563712353349,1,8,8,"Acropora"
"Acropora azurea","Acropora azurea","Acropora","branching_closed","pacific",5,1,1,2,4,3,4,1.4,1,"spawner",15,NA,58.7,15,"Acropora...other","branching_closed",2.025,4.07243972683405,0.336472236621213,2.70805020110221,-1.16436020280592,0.289190177539326,2.48889072776169,-0.579376823335454,-0.146932124737046,-0.0724516037701478,-0.0249895079572823,-0.0361250603388702,0.146932124737046,-0.0724516037701478,-0.0249895079572823,-0.0361250603388702,4,4,4,"Acropora"
"Acropora batunai","Acropora batunai","Acropora","tables_or_plates","pacific",5,1,3,2,2,5,5,0.5,1,"spawner",125,NA,30.4,125,"Acropora...Tabular","tables_or_plates",1.242,3.41444260841218,-0.693147180559945,4.8283137373023,-2.30615406012406,-1.393838678316,0.474392932105354,0.96902429545545,-0.249661870591587,0.138265011673835,-0.0475043042919593,-0.110275663718625,0.249661870591587,0.138265011673835,-0.0475043042919593,-0.110275663718625,3,5,5,"Acropora"
"Acropora bifurcata","Acropora bifurcata","Acropora","tables_or_plates","pacific",5,1,3,2,2,5,5,0.9,1,"spawner",NA,NA,30.4,103.2,"Acropora...Tabular","tables_or_plates",1.242,3.41444260841218,-0.105360515657826,4.63666885304746,-2.06666450429724,-1.29916008153403,0.647308631683651,0.970662865780083,-0.236238106430769,0.133160851835722,-0.0447793140386087,-0.114376159788202,0.236238106430769,0.133160851835722,-0.0447793140386087,-0.114376159788202,3,5,5,"Acropora"
"Acropora bushyensis","Acropora bushyensis","Acropora","digitate","pacific",4,1,1,3,3,4,3,1.5,1,"spawner",25,NA,30.5,25,"Acropora...other","digitate",2.2,3.41772668361337,0.405465108108164,3.2188758248682,-0.481537410395013,-0.965131993509226,1.46225714197272,-0.460547043740758,-0.0783717656227183,0.0839761470328528,0.0152018111312797,-0.00361841004159228,0.0783717656227183,0.0839761470328528,0.0152018111312797,-0.00361841004159228,2,7,7,"Acropora"
"Acropora cardenae","Acropora cardenae","Acropora","branching_open","pacific",5,1,3,2,5,4,5,1,1,"spawner",NA,NA,58.7,146.7,"Acropora...Staghorn","branching_open",2.025,4.07243972683405,0,4.98838968514894,-2.85864206136922,0.600637015223658,0.24570563982547,-0.365361943772164,-0.286646463909355,-0.0660614261136365,0.0178640368790889,-0.00898569847076849,0.286646463909355,-0.0660614261136365,0.0178640368790889,-0.00898569847076849,1,8,8,"Acropora"
"Acropora carduus","Acropora carduus","Acropora","hispidose","pacific",5,1,3,2,4,4,5,0.9,1,"spawner",NA,NA,58.7,146.7,"Acropora...Staghorn","branching_open",2.025,4.07243972683405,-0.105360515657826,4.98838968514894,-2.68087392072431,0.0690141975911724,0.276931087364754,0.0138391510961558,-0.252721709350514,-0.0450165091673627,-0.00357845742356556,0.0184884909008647,0.252721709350514,-0.0450165091673627,-0.00357845742356556,0.0184884909008647,1,8,8,"Acropora"
"Acropora caroliniana","Acropora caroliniana","Acropora","tables_or_plates","pacific",5,1,1,2,2,5,5,1,1,"spawner",50,NA,30.4,50,"Acropora...Tabular","tables_or_plates",1.242,3.41444260841218,0,3.91202300542815,-1.77222660307493,-1.34964723572373,1.40427744723295,0.789134381193545,-0.224501738970123,0.137066015786608,-0.0415008490958372,-0.156378633548372,0.224501738970123,0.137066015786608,-0.0415008490958372,-0.156378633548372,3,5,5,"Acropora"
"Acropora cerealis","Acropora cerealis","Acropora","corymbose","pacific",3,1,1,2,3,5,3,0.8,1,"spawner",50,42.9,21.5,50,"Acropora...other","corymbose",4.05,3.06805293513362,-0.22314355131421,3.91202300542815,-1.28004320583743,-0.844037858385116,1.09398115192045,0.667631800526285,-0.13710049963867,0.0836950662452048,-0.0863017415695096,0.00192016715216687,0.13710049963867,0.0836950662452048,-0.0863017415695096,0.00192016715216687,2,7,7,"Acropora"
"Acropora chesterfieldensis","Acropora chesterfieldensis","Acropora","branching_closed","pacific",5,1,3,2,4,3,4,1,1,"spawner",NA,NA,58.7,146.7,"Acropora...other","branching_closed",2.025,4.07243972683405,0,4.98838968514894,-2.092327344863,0.447115507052104,0.10707596070387,-0.00857326226854907,-0.169177613813085,-0.0669090700622251,-0.0219296127343506,0.0329589585350972,0.169177613813085,-0.0669090700622251,-0.0219296127343506,0.0329589585350972,4,4,4,"Acropora"
"Acropora clathrata","Acropora clathrata","Acropora","tables_or_plates","pacific",5,1,3,2,2,5,5,0.9,1,"spawner",NA,NA,30.4,103.2,"Acropora...Tabular","tables_or_plates",1.242,3.41444260841218,-0.105360515657826,4.63666885304746,-2.06666450429724,-1.29916008153403,0.647308631683651,0.970662865780083,-0.236238106430769,0.133160851835722,-0.0447793140386086,-0.114376159788201,0.236238106430769,0.133160851835722,-0.0447793140386086,-0.114376159788201,3,5,5,"Acropora"
"Acropora convexa","Acropora convexa","Acropora","corymbose","pacific",4,1,3,2,3,5,3,1.1,1,"spawner",NA,NA,31.6,105.3,"Acropora...other","corymbose",4.05,3.45315712059287,0.0953101798043249,4.65681341913993,-1.65445892626405,-0.731955179901353,0.349905500421142,0.814823702341553,-0.156548166474924,0.0773702917841756,-0.0872094769647358,0.0371079363285668,0.156548166474924,0.0773702917841756,-0.0872094769647358,0.0371079363285668,2,7,7,"Acropora"
"Acropora cophodactyla","Acropora cophodactyla","Acropora","digitate","pacific",4,1,3,3,3,4,3,1.3,1,"spawner",NA,NA,30.5,103.3,"Acropora...other","digitate",2.2,3.41772668361337,0.262364264467491,4.63763737612559,-1.03977107610752,-0.854094649612112,-0.0228665204804837,-0.099535957828909,-0.0955599488975062,0.0750669008053984,0.0123416707389008,0.036866427356333,0.0955599488975062,0.0750669008053984,0.0123416707389008,0.036866427356333,2,7,7,"Acropora"
"Acropora copiosa","Acropora copiosa","Acropora","branching_open","pacific",5,1,3,2,5,4,5,1.1,1,"spawner",NA,NA,58.7,146.7,"Acropora...Staghorn","branching_open",2.025,4.07243972683405,0.0953101798043249,4.98838968514894,-2.83113096685647,0.619026054824566,0.241062446554458,-0.356911037401487,-0.28483822365948,-0.066524500600673,0.017449210340329,-0.00887420971193457,0.28483822365948,-0.066524500600673,0.017449210340329,-0.00887420971193457,1,8,8,"Acropora"
"Acropora cylindrica","Acropora cylindrica","Acropora","branching_open","pacific",5,1,2,2,5,4,5,1.6,1,"spawner",100,NA,58.7,100,"Acropora...Staghorn","branching_open",2.025,4.07243972683405,0.470003629245736,4.60517018598809,-2.58334984821084,0.653869246100558,0.625836134118247,-0.424627329111285,-0.269105044260908,-0.0682917861590062,0.0169967741220005,-0.0210977238520665,0.269105044260908,-0.0682917861590062,0.0169967741220005,-0.0210977238520665,1,8,8,"Acropora"
"Acropora cytherea","Acropora cytherea","Acropora","tables_or_plates","pacific",5,1,4,2,2,5,5,1,1,"spawner",300,59.7,59.7,300,"Acropora...Tabular","tables_or_plates",1.242,4.08933202039856,0,5.7037824746562,-2.76674110153439,-1.21335518530254,-0.384189061850632,1.1257519806046,-0.278487303662964,0.138174516957907,-0.0583588078417398,-0.0864570126435288,0.278487303662964,0.138174516957907,-0.0583588078417398,-0.0864570126435288,3,5,5,"Acropora"
"Acropora dendrum","Acropora dendrum","Acropora","corymbose","pacific",4,1,2,2,3,5,3,1.2,1,"spawner",100,NA,31.6,100,"Acropora...other","corymbose",4.05,3.45315712059287,0.182321556793955,4.60517018598809,-1.6105269755844,-0.720214085612613,0.399979186000122,0.808936032457023,-0.154077110855221,0.0765254525576884,-0.086589230312509,0.0349149196703604,0.154077110855221,0.0765254525576884,-0.086589230312509,0.0349149196703604,2,7,7,"Acropora"
"Acropora derawanensis","Acropora derawanensis","Acropora","branching_open","pacific",5,1,2,2,5,4,5,1,1,"spawner",100,NA,58.7,100,"Acropora...Staghorn","branching_open",2.025,4.07243972683405,0,4.60517018598809,-2.71901546432934,0.563187271011278,0.648733139381959,-0.466301331539867,-0.278140979918071,-0.0647344377799888,0.0182540717681536,-0.0214807945476105,0.278140979918071,-0.0647344377799888,0.0182540717681536,-0.0214807945476105,1,8,8,"Acropora"
"Acropora desalwii","Acropora desalwii","Acropora","corymbose","pacific",4,1,1,2,3,5,3,0.8,1,"spawner",30,NA,31.6,30,"Acropora...other","corymbose",4.05,3.45315712059287,-0.22314355131421,3.40119738166216,-1.28889438551807,-0.916101114767867,1.68593631510729,0.455860030584964,-0.146288557173995,0.0897892494347731,-0.0910622410276263,-0.0121261299845668,0.146288557173995,0.0897892494347731,-0.0910622410276263,-0.0121261299845668,2,7,7,"Acropora"
"Acropora digitifera","Acropora digitifera","Acropora","digitate","pacific",4,1,2,3,3,4,3,1.6,1,"spawner",100,37.6,37.6,100,"Acropora...other","digitate",2.2,3.62700405039585,0.470003629245736,4.60517018598809,-1.07396024783041,-0.829239128036038,0.0309030117926736,-0.131641241778875,-0.0967856054250987,0.0731478298211382,0.0115379516917263,0.0412037761017012,0.0967856054250987,0.0731478298211382,0.0115379516917263,0.0412037761017012,2,7,7,"Acropora"
"Acropora divaricata","Acropora divaricata","Acropora","tables_or_plates","pacific",5,1,3,2,2,5,5,1.1,1,"spawner",NA,41.5,41.5,121.9,"Acropora...Tabular","tables_or_plates",1.242,3.72569342723665,0.0953101798043249,4.80320103648723,-2.22699819546351,-1.26206550258675,0.506623406521599,0.969908067707351,-0.247111725321807,0.131963819192504,-0.0483959241994429,-0.1071643089247,0.247111725321807,0.131963819192504,-0.0483959241994429,-0.1071643089247,3,5,5,"Acropora"
"Acropora donei","Acropora donei","Acropora","branching_open","pacific",5,1,4,2,5,4,5,1.4,1,"spawner",266.7,NA,58.7,266.7,"Acropora...Staghorn","branching_open",2.025,4.07243972683405,0.336472236621213,5.58612443118797,-2.97930556481694,0.723968625863901,-0.399316857476745,-0.178085471409118,-0.292342033025853,-0.0720113740698398,0.015489301524029,0.00475245850236415,0.292342033025853,-0.0720113740698398,0.015489301524029,0.00475245850236415,1,8,8,"Acropora"
"Acropora echinata","Acropora echinata","Acropora","hispidose","pacific",5,1,3,2,4,4,5,1,1,"spawner",150,NA,58.7,150,"Acropora...Staghorn","branching_open",2.025,4.07243972683405,0,5.01063529409626,-2.65856703753977,0.091516267760056,0.248402826592751,0.0290406515961072,-0.251363409942725,-0.0455654884574192,-0.00372464480273886,0.0188563712353351,0.251363409942725,-0.0455654884574192,-0.00372464480273886,0.0188563712353351,1,8,8,"Acropora"
"Acropora efflorescens","Acropora efflorescens","Acropora","tables_or_plates","pacific",5,1,4,2,2,5,5,0.9,1,"spawner",200,NA,30.4,200,"Acropora...Tabular","tables_or_plates",1.242,3.41444260841218,-0.105360515657826,5.29831736654804,-2.30773712867799,-1.23450113896103,-0.0485394307592299,1.14493999942387,-0.250467344860073,0.135780459651238,-0.048559119295285,-0.0962574357667069,0.250467344860073,0.135780459651238,-0.048559119295285,-0.0962574357667069,3,5,5,"Acropora"
"Acropora elegans","Acropora elegans","Acropora","tables_or_plates","pacific",5,1,3,2,2,5,5,0.8,1,"spawner",NA,NA,30.4,103.2,"Acropora...Tabular","tables_or_plates",1.242,3.41444260841218,-0.22314355131421,4.63666885304746,-2.1006623441145,-1.32188500883401,0.653046627349192,0.960219349584544,-0.2380733325556,0.134337644944133,-0.0449293045822019,-0.1144755319888,0.2380733325556,0.134337644944133,-0.0449293045822019,-0.1144755319888,3,5,5,"Acropora"
"Acropora elseyi","Acropora elseyi","Acropora","hispidose","pacific",5,1,1,2,4,4,5,0.9,1,"spawner",50,135.1,135.1,50,"Acropora...Staghorn","branching_open",2.025,4.90601524496615,-0.105360515657826,3.91202300542815,-2.71072226704649,-0.084102910968504,1.52738987820407,-0.436822731992615,-0.254376834462292,-0.0472946108773648,-0.000983051137057462,-0.0273766441180496,0.254376834462292,-0.0472946108773648,-0.000983051137057462,-0.0273766441180496,1,8,8,"Acropora"
"Acropora exquisita","Acropora exquisita","Acropora","branching_closed","pacific",5,1,3,2,4,3,4,0.8,1,"spawner",NA,NA,58.7,146.7,"Acropora...other","branching_closed",2.025,4.07243972683405,-0.22314355131421,4.98838968514894,-2.15673728871916,0.40406243958094,0.117946768397854,-0.0283588220403201,-0.172163850400055,-0.066530173649504,-0.0223127954412733,0.0338521464128845,0.172163850400055,-0.066530173649504,-0.0223127954412733,0.0338521464128845,4,4,4,"Acropora"
"Acropora fastigata","Acropora fastigata","Acropora","branching_closed","pacific",5,1,3,2,4,3,4,1.7,1,"spawner",NA,NA,58.7,146.7,"Acropora...other","branching_closed",2.025,4.07243972683405,0.53062825106217,4.98838968514894,-1.93916255180436,0.549494328938455,0.0812255265760675,0.0384761680920779,-0.16074580343848,-0.0703667648880883,-0.022159954384443,0.0332305403138184,0.16074580343848,-0.0703667648880883,-0.022159954384443,0.0332305403138184,4,4,4,"Acropora"
"Acropora fenneri","Acropora fenneri","Acropora","branching_open","pacific",5,1,2,2,5,4,5,1.3,1,"spawner",100,NA,58.7,100,"Acropora...Staghorn","branching_open",2.025,4.07243972683405,0.262364264467491,4.60517018598809,-2.64328453934993,0.613807539056739,0.635951629685613,-0.443038172886948,-0.273094005913036,-0.0664192760842406,0.0174264392353173,-0.0212459210193835,0.273094005913036,-0.0664192760842406,0.0174264392353173,-0.0212459210193835,1,8,8,"Acropora"
"Acropora florida","Acropora florida","Acropora","branching_open","pacific",5,1,5,2,5,4,5,1.4,1,"spawner",1500,NA,58.7,1500,"Acropora...Staghorn","branching_open",2.025,4.07243972683405,0.336472236621213,7.3132203870903,-3.60857555658939,0.892747359515004,-2.21568362932854,0.27682877169856,-0.32827369679465,-0.0836836778704526,0.0138197639501538,0.0217170003688477,0.32827369679465,-0.0836836778704526,0.0138197639501538,0.0217170003688477,1,8,8,"Acropora"
"Acropora gemmifera","Acropora gemmifera","Acropora","digitate","pacific",3,1,2,2,3,4,3,1.6,1,"spawner",NA,24,24,90.9,"Acropora...other","digitate",2.2,3.17805383034795,0.470003629245736,4.50976000118343,-1.0900123888615,-0.309166651739062,0.40541493126804,0.724038448498579,-0.117033063665837,0.0567301462646803,-0.0553096982548006,0.0289738656884741,0.117033063665837,0.0567301462646803,-0.0553096982548006,0.0289738656884741,2,7,7,"Acropora"
"Acropora glauca","Acropora glauca","Acropora","tables_or_plates","pacific",5,1,3,2,2,5,5,1.3,1,"spawner",NA,NA,30.4,103.2,"Acropora...Tabular","tables_or_plates",1.242,3.41444260841218,0.262364264467491,4.63666885304746,-1.96052147527893,-1.22821167331738,0.629394309958862,1.00326806800923,-0.229828447817941,0.129198535203633,-0.0454544638426053,-0.114948703733716,0.229828447817941,0.129198535203633,-0.0454544638426053,-0.114948703733716,3,5,5,"Acropora"
"Acropora globiceps","Acropora globiceps","Acropora","digitate","pacific",4,2,3,3,3,4,3,2.1,1,"spawner",NA,NA,30.5,103.3,"Acropora...other","digitate",2.2,3.41772668361337,0.741937344729377,4.63763737612559,-0.901343256918153,-0.761566355335771,-0.0462297174002889,-0.0570134570056927,-0.0878624665837952,0.0716302718465692,0.0114676916280685,0.0366233079972372,0.0878624665837952,0.0716302718465692,0.0114676916280685,0.0366233079972372,2,7,7,"Acropora"
"Acropora gomezi","Acropora gomezi","Acropora","branching_open","pacific",4,1,3,2,5,4,5,1,1,"spawner",NA,30.6,30.6,103.4,"Acropora...Staghorn","branching_open",2.025,3.42100000895834,0,4.63860496207433,-2.40138537042602,0.603912164289736,0.520996396647196,-0.326867894769176,-0.260412263660128,-0.0581870534504008,0.0195955078052505,-0.0252708756747706,0.260412263660128,-0.0581870534504008,0.0195955078052505,-0.0252708756747706,1,8,8,"Acropora"
"Acropora grandis","Acropora grandis","Acropora","branching_open","pacific",5,1,5,2,5,4,5,1.7,1,"spawner",450,NA,58.7,450,"Acropora...Staghorn","branching_open",2.025,4.07243972683405,0.53062825106217,6.10924758276437,-3.11386351784126,0.812550559784716,-0.958938036356253,-0.0230803808931159,-0.298959546288756,-0.0776983483025732,0.0135645409615878,0.0138151791009171,0.298959546288756,-0.0776983483025732,0.0135645409615878,0.0138151791009171,1,8,8,"Acropora"
"Acropora granulosa","Acropora granulosa","Acropora","tables_or_plates","pacific",5,1,2,2,2,5,5,0.9,1,"spawner",75,7.2,7.2,75,"Acropora...Tabular","tables_or_plates",1.242,1.97408102602201,-0.105360515657826,4.31748811353631,-1.22114160063652,-1.24753150927412,0.778302659497825,1.17541266223259,-0.177529751886195,0.124244987808274,-0.0662082768706012,-0.155144659402023,0.177529751886195,0.124244987808274,-0.0662082768706012,-0.155144659402023,3,5,5,"Acropora"
"Acropora hoeksemai","Acropora hoeksemai","Acropora","branching_open","pacific",5,1,4,2,5,4,5,1.1,1,"spawner",333.3,NA,58.7,333.3,"Acropora...Staghorn","branching_open",2.025,4.07243972683405,0.0953101798043249,5.8090429853137,-3.13013722280761,0.69922358194809,-0.622009104586431,-0.140752303648201,-0.301887207206755,-0.0715756439739715,0.0153729007267927,0.00878401058259014,0.301887207206755,-0.0715756439739715,0.0153729007267927,0.00878401058259014,1,8,8,"Acropora"
"Acropora horrida","Acropora horrida","Acropora","branching_closed","pacific",5,1,4,1,4,3,4,1.5,1,"spawner",200,NA,58.7,200,"Acropora...other","branching_closed",2.025,4.07243972683405,0.405465108108164,5.29831736654804,-2.36632359038312,1.05921475682012,0.099344562250813,0.899799743787204,-0.189916071959859,-0.0855937856087843,-0.0403373779026784,0.0709282788555024,0.189916071959859,-0.0855937856087843,-0.0403373779026784,0.0709282788555024,4,4,4,"Acropora"
"Acropora humilis","Acropora humilis","Acropora","digitate","pacific",3,1,2,2,3,4,3,1.8,1,"spawner",NA,20.2,14.5,69.3,"Acropora...other","digitate",2.2,2.67414864942653,0.587786664902119,4.23844490619586,-0.702042442405981,-0.283981383616986,0.613407702575427,0.764061141761142,-0.0956276525373243,0.0544732545085261,-0.0603678388470855,0.0157036436680013,0.0956276525373243,0.0544732545085261,-0.0603678388470855,0.0157036436680013,2,7,7,"Acropora"
"Acropora hyacinthus","Acropora hyacinthus","Acropora","tables_or_plates","pacific",5,1,4,2,2,5,5,1.1,1,"spawner",300,80.6,47.5,300,"Acropora...Tabular","tables_or_plates",1.242,3.8607297110406,0.0953101798043249,5.7037824746562,-2.62349280727952,-1.18182160791471,-0.421318114635506,1.18004224988943,-0.269451091791608,0.13674042069123,-0.0564609140584976,-0.0876623150530196,0.269451091791608,0.13674042069123,-0.0564609140584976,-0.0876623150530196,3,5,5,"Acropora"
"Acropora indonesia","Acropora indonesia","Acropora","branching_open","pacific",5,1,2,2,5,4,5,1,1,"spawner",100,NA,58.7,100,"Acropora...Staghorn","branching_open",2.025,4.07243972683405,0,4.60517018598809,-2.71901546432934,0.563187271011278,0.648733139381959,-0.466301331539867,-0.278140979918071,-0.0647344377799888,0.0182540717681536,-0.0214807945476106,0.278140979918071,-0.0647344377799888,0.0182540717681536,-0.0214807945476106,1,8,8,"Acropora"
"Acropora inermis","Acropora inermis","Acropora","branching_closed","pacific",5,1,3,2,4,3,4,1.4,1,"spawner",NA,NA,58.7,146.7,"Acropora...other","branching_closed",2.025,4.07243972683405,0.336472236621213,4.98838968514894,-1.99520530059018,0.512034084443697,0.0906841583993374,0.0212608580096405,-0.16395575256091,-0.0687633678586997,-0.0218548111552538,0.0330560594781799,0.16395575256091,-0.0687633678586997,-0.0218548111552538,0.0330560594781799,4,4,4,"Acropora"
"Acropora insignis","Acropora insignis","Acropora","branching_closed","pacific",5,1,3,2,4,3,4,0.6,1,"spawner",NA,NA,58.7,146.7,"Acropora...other","branching_closed",2.025,4.07243972683405,-0.510825623765991,4.98838968514894,-2.23977614879786,0.348557381950703,0.131961677043932,-0.0538668450427272,-0.175727172191552,-0.0674646102378277,-0.0227050452045327,0.0356628660620125,0.175727172191552,-0.0674646102378277,-0.0227050452045327,0.0356628660620125,4,4,4,"Acropora"
"Acropora intermedia","Acropora intermedia","Acropora","branching_open","pacific",5,1,5,2,5,4,5,1.5,1,"spawner",500,NA,58.7,500,"Acropora...Staghorn","branching_open",2.025,4.07243972683405,0.405465108108164,6.21460809842219,-3.18837987228991,0.798697974376602,-1.06364693802526,-0.00642648497638516,-0.303705736315199,-0.076994681701229,0.0138945628747319,0.0155799012578823,0.303705736315199,-0.076994681701229,0.0138945628747319,0.0155799012578823,1,8,8,"Acropora"
"Acropora irregularis","Acropora irregularis","Acropora","branching_open","pacific",5,1,4,2,5,4,5,0.8,1,"spawner",300,NA,58.7,300,"Acropora...Staghorn","branching_open",2.025,4.07243972683405,-0.22314355131421,5.7037824746562,-3.18370643686182,0.62749499621713,-0.495793846234417,-0.196714215716937,-0.305792692896678,-0.0696653539410244,0.0167866643776517,0.00685026664131422,0.305792692896678,-0.0696653539410244,0.0167866643776517,0.00685026664131422,1,8,8,"Acropora"
"Acropora jacquelineae","Acropora jacquelineae","Acropora","tables_or_plates","pacific",5,1,2,2,2,5,5,0.5,1,"spawner",86.7,NA,30.4,86.7,"Acropora...Tabular","tables_or_plates",1.242,3.41444260841218,-0.693147180559945,4.4624538837865,-2.17285247590983,-1.42959196843237,0.859163493815969,0.872657409888473,-0.241490219196148,0.137770848535615,-0.0450745327419057,-0.125726225771368,0.241490219196148,0.137770848535615,-0.0450745327419057,-0.125726225771368,3,5,5,"Acropora"
"Acropora kimbeensis","Acropora kimbeensis","Acropora","branching_closed","pacific",5,1,3,2,4,3,4,0.6,1,"spawner",NA,NA,58.7,146.7,"Acropora...other","branching_closed",2.025,4.07243972683405,-0.510825623765991,4.98838968514894,-2.23977614879786,0.348557381950703,0.131961677043932,-0.0538668450427272,-0.175727172191552,-0.0674646102378277,-0.0227050452045327,0.0356628660620125,0.175727172191552,-0.0674646102378277,-0.0227050452045327,0.0356628660620125,4,4,4,"Acropora"
"Acropora kirstyae","Acropora kirstyae","Acropora","branching_closed","pacific",5,1,3,2,4,3,4,0.8,1,"spawner",NA,NA,58.7,146.7,"Acropora...other","branching_closed",2.025,4.07243972683405,-0.22314355131421,4.98838968514894,-2.15673728871916,0.40406243958094,0.117946768397854,-0.0283588220403201,-0.172163850400055,-0.0665301736495041,-0.0223127954412732,0.0338521464128845,0.172163850400055,-0.0665301736495041,-0.0223127954412732,0.0338521464128845,4,4,4,"Acropora"
"Acropora kosurini","Acropora kosurini","Acropora","branching_open","pacific",5,1,3,2,5,4,5,0.8,1,"spawner",NA,NA,58.7,146.7,"Acropora...Staghorn","branching_open",2.025,4.07243972683405,-0.22314355131421,4.98838968514894,-2.92305200522539,0.557583947752494,0.256576447519454,-0.385147503543935,-0.290729212171236,-0.0654462409099612,0.0185119321275102,-0.00901334402668971,0.290729212171236,-0.0654462409099612,0.0185119321275102,-0.00901334402668971,1,8,8,"Acropora"
"Acropora latistella","Acropora latistella","Acropora","corymbose","pacific",4,1,3,2,3,5,3,0.9,1,"spawner",NA,NA,31.6,105.3,"Acropora...other","corymbose",4.05,3.45315712059287,-0.105360515657826,4.65681341913993,-1.71238212481571,-0.770672359673455,0.359681505720598,0.797030752394644,-0.159281498460135,0.0791140068561893,-0.0877988268943491,0.0380798248455089,0.159281498460135,0.0791140068561893,-0.0877988268943491,0.0380798248455089,2,7,7,"Acropora"
"Acropora lianae","Acropora lianae","Acropora","branching_closed","pacific",5,1,1,2,4,3,4,0.6,1,"spawner",50,NA,58.7,50,"Acropora...other","branching_closed",2.025,4.07243972683405,-0.510825623765991,3.91202300542815,-1.8476003409759,0.243370519271377,1.26396402161073,-0.337380063713709,-0.159967005591387,-0.0663550862598779,-0.0200405129877948,-0.00513998970685306,0.159967005591387,-0.0663550862598779,-0.0200405129877948,-0.00513998970685306,4,4,4,"Acropora"
"Acropora listeri","Acropora listeri","Acropora","branching_closed","pacific",5,1,1,2,4,3,4,1,1,"spawner",50,NA,58.7,50,"Acropora...other","branching_closed",2.025,4.07243972683405,0,3.91202300542815,-1.70015153704103,0.341928644372778,1.23907830527067,-0.292086480939531,-0.153830876321735,-0.0658463709282615,-0.0192895952392246,-0.00681184126252476,0.153830876321735,-0.0658463709282615,-0.0192895952392246,-0.00681184126252476,4,4,4,"Acropora"
"Acropora loisetteae","Acropora loisetteae","Acropora","branching_open","pacific",5,1,3,2,5,4,5,1.6,1,"spawner",NA,NA,58.7,146.7,"Acropora...Staghorn","branching_open",2.025,4.07243972683405,0.470003629245736,4.98838968514894,-2.72297644525072,0.691318990312938,0.222808634561757,-0.323687941343581,-0.277473334677169,-0.0697385728003729,0.0165118239534927,-0.00870056190948723,0.277473334677169,-0.0697385728003729,0.0165118239534927,-0.00870056190948723,1,8,8,"Acropora"
"Acropora lokani","Acropora lokani","Acropora","branching_closed","pacific",5,1,1,2,4,3,4,0.9,1,"spawner",30,NA,58.7,30,"Acropora...other","branching_closed",2.025,4.07243972683405,-0.105360515657826,3.40119738166216,-1.54444356189971,0.271680578443486,1.78144049708436,-0.435979156286598,-0.152217116477022,-0.0662905809057481,-0.0210569182952401,-0.0244701565104527,0.152217116477022,-0.0662905809057481,-0.0210569182952401,-0.0244701565104527,4,4,4,"Acropora"
"Acropora longicyathus","Acropora longicyathus","Acropora","hispidose","pacific",5,1,3,2,4,4,5,1.3,1,"spawner",NA,NA,58.7,146.7,"Acropora...Staghorn","branching_open",2.025,4.07243972683405,0.262364264467491,4.98838968514894,-2.574730891706,0.139962605807826,0.259016765639964,0.0464443533253072,-0.246256455569672,-0.0471682880786759,-0.00425030970502692,0.0178244708635626,0.246256455569672,-0.0471682880786759,-0.00425030970502692,0.0178244708635626,1,8,8,"Acropora"
"Acropora loripes","Acropora loripes","Acropora","corymbose","pacific",4,1,1,2,3,5,3,1.2,1,"spawner",45,NA,31.6,45,"Acropora...other","corymbose",4.05,3.45315712059287,0.182321556793955,3.80666248977032,-1.31958950351634,-0.798247455627589,1.23976046249563,0.598610414474333,-0.143390856221856,0.0827214205961316,-0.0858508143439601,0.000801503160965285,0.143390856221856,0.0827214205961316,-0.0858508143439601,0.000801503160965285,2,7,7,"Acropora"
"Acropora loveli","Acropora loveli","Acropora","branching_open","pacific",5,1,3,2,5,4,5,1.7,1,"spawner",NA,NA,58.7,146.7,"Acropora...Staghorn","branching_open",2.025,4.07243972683405,0.53062825106217,4.98838968514894,-2.70547726831059,0.703015837110009,0.219855205697667,-0.318312513411537,-0.276297729407819,-0.0703498049001027,0.0164213455487316,-0.00885539150039574,0.276297729407819,-0.0703498049001027,0.0164213455487316,-0.00885539150039574,1,8,8,"Acropora"
"Acropora lutkeni","Acropora lutkeni","Acropora","branching_open","pacific",5,1,5,2,5,4,5,1.2,1,"spawner",600,NA,58.7,600,"Acropora...Staghorn","branching_open",2.025,4.07243972683405,0.182321556793955,6.39692965521615,-3.31921894774794,0.773462099614284,-1.24452159555635,0.0218111543842871,-0.312234294242067,-0.0761292335717526,0.0144786405322599,0.0171434122862552,0.312234294242067,-0.0761292335717526,0.0144786405322599,0.0171434122862552,1,8,8,"Acropora"
"Acropora macrostoma","Acropora macrostoma","Acropora","corymbose","pacific",4,1,2,2,3,5,3,0.6,1,"spawner",100,NA,31.6,100,"Acropora...other","corymbose",4.05,3.45315712059287,-0.510825623765991,4.60517018598809,-1.81060253555907,-0.853949128173057,0.433746998957818,0.74747647025667,-0.162947598912508,0.0817212881922359,-0.0896763441069769,0.0389967240504029,0.162947598912508,0.0817212881922359,-0.0896763441069769,0.0389967240504029,2,7,7,"Acropora"
"Acropora meridiana","Acropora meridiana","Acropora","branching_closed","pacific",5,1,2,2,4,3,4,1.4,1,"spawner",100,NA,58.7,100,"Acropora...other","branching_closed",2.025,4.07243972683405,0.336472236621213,4.60517018598809,-1.8555787035503,0.474584340231318,0.493711657955827,-0.0796785297580632,-0.157254552168832,-0.0671046335185808,-0.0212293173701412,0.0217599311250433,0.157254552168832,-0.0671046335185808,-0.0212293173701412,0.0217599311250433,4,4,4,"Acropora"
"Acropora microclados","Acropora microclados","Acropora","corymbose","pacific",4,1,2,2,3,5,3,1.2,1,"spawner",100,NA,31.6,100,"Acropora...other","corymbose",4.05,3.45315712059287,0.182321556793955,4.60517018598809,-1.6105269755844,-0.720214085612613,0.399979186000122,0.808936032457023,-0.154077110855221,0.0765254525576883,-0.086589230312509,0.0349149196703604,0.154077110855221,0.0765254525576883,-0.086589230312509,0.0349149196703604,2,7,7,"Acropora"
"Acropora microphthalma","Acropora microphthalma","Acropora","branching_open","pacific",5,1,4,2,5,4,5,1,1,"spawner",200,NA,58.7,200,"Acropora...Staghorn","branching_open",2.025,4.07243972683405,0,5.29831736654804,-2.97156467511142,0.630924389478224,-0.0802417056283513,-0.283727500636589,-0.293052096290605,-0.0677230009057629,0.017454283418768,-0.00102395911812977,0.293052096290605,-0.0677230009057629,0.017454283418768,-0.00102395911812977,1,8,8,"Acropora"
"Acropora millepora","Acropora millepora","Acropora","corymbose","pacific",4,1,3,2,3,5,3,1.6,1,"spawner",NA,NA,31.6,105.3,"Acropora...other","corymbose",4.05,3.45315712059287,0.470003629245736,4.65681341913993,-1.54630440465831,-0.659662244412982,0.331651688428442,0.848046798399459,-0.150346822694179,0.0741734236817702,-0.0882348024952637,0.0359539267238559,0.150346822694179,0.0741734236817702,-0.0882348024952637,0.0359539267238559,2,7,7,"Acropora"
"Acropora minuta","Acropora minuta","Acropora","encrusting","pacific",2,1,1,4,1,2,1,0.7,1,"spawner",NA,NA,6.3,44.5,"Acropora...other","encrusting",1,1.84054963339749,-0.356674943938732,3.7954891891722,1.69761831028215,-1.77576735834431,0.0536132543890398,-0.137198936615107,0.193883990869162,0.131221386846348,0.0351745660046095,-0.0330355998974243,-0.193883990869162,0.131221386846348,0.0351745660046095,-0.0330355998974243,5,3,3,"Acropora"
"Acropora mirabilis","Acropora mirabilis","Acropora","corymbose","pacific",4,1,3,2,3,5,3,1,1,"spawner",NA,NA,31.6,105.3,"Acropora...other","corymbose",4.05,3.45315712059287,0,4.65681341913993,-1.68197002077681,-0.750344219502262,0.354548693692154,0.806372795970876,-0.157911877045595,0.0781484851022291,-0.08730109541955,0.0374611292499653,0.157911877045595,0.0781484851022291,-0.08730109541955,0.0374611292499653,2,7,7,"Acropora"
"Acropora monticulosa","Acropora monticulosa","Acropora","digitate","pacific",4,1,4,3,3,4,3,1.2,1,"spawner",300,NA,30.5,300,"Acropora...other","digitate",2.2,3.41772668361337,0.182321556793955,5.7037824746562,-1.45132680449166,-0.765350031369481,-1.14021953366428,0.174187733888728,-0.111214154701955,0.0793327596940842,0.00935584473696316,0.0697405201767885,0.111214154701955,0.0793327596940842,0.00935584473696316,0.0697405201767885,2,7,7,"Acropora"
"Acropora multiacuta","Acropora multiacuta","Acropora","branching_closed","pacific",5,2,3,2,4,3,4,2,1,"spawner",NA,NA,58.7,146.7,"Acropora...other","branching_closed",2.025,4.07243972683405,0.693147180559945,4.98838968514894,-1.89225178488833,0.580850549612548,0.0733081477461736,0.0528862999318041,-0.157979126200765,-0.071656509486235,-0.0222333947028206,0.0331953907994618,0.157979126200765,-0.071656509486235,-0.0222333947028206,0.0331953907994618,4,4,4,"Acropora"
"Acropora muricata","Acropora muricata","Acropora","branching_open","pacific",5,1,5,3,5,4,5,1.2,1,"spawner",625,89.5,89.1,625,"Acropora...Staghorn","branching_open",2.025,4.48975933447676,0.182321556793955,6.4377516497364,-3.26726351311713,0.249873793811112,-1.5661186624765,-0.84190440146167,-0.277452049004952,-0.0536816193947649,0.120745104324403,0.0215351909234643,0.277452049004952,-0.0536816193947649,0.120745104324403,0.0215351909234643,1,8,8,"Acropora"
"Acropora nana","Acropora nana","Acropora","branching_closed","pacific",5,1,1,2,4,3,4,1,1,"spawner",15,NA,58.7,15,"Acropora...other","branching_closed",2.025,4.07243972683405,0,2.70805020110221,-1.26148224707873,0.224271600147732,2.50528253006623,-0.609210943613644,-0.152259466674825,-0.0703589199835572,-0.0250178516741054,-0.0374007149368975,0.152259466674825,-0.0703589199835572,-0.0250178516741054,-0.0374007149368975,4,4,4,"Acropora"
"Acropora nasuta","Acropora nasuta","Acropora","corymbose","pacific",4,1,2,2,3,5,3,1.1,1,"spawner",80,41.9,26.2,80,"Acropora...other","corymbose",4.05,3.26575941076705,0.0953101798043249,4.38202663467388,-1.4594638918928,-0.748033154534588,0.612265151706735,0.78002232544016,-0.145917278254734,0.0774559331175686,-0.0828916211256976,0.0221210124553966,0.145917278254734,0.0774559331175686,-0.0828916211256976,0.0221210124553966,2,7,7,"Acropora"
"Acropora navini","Acropora navini","Acropora","hispidose","pacific",5,1,3,2,4,4,5,1.1,1,"spawner",NA,NA,58.7,146.7,"Acropora...Staghorn","branching_open",2.025,4.07243972683405,0.0953101798043249,4.98838968514894,-2.62295072217266,0.107731377363274,0.267155082065298,0.0316321010430648,-0.249290489728072,-0.0459541112024255,-0.00391468646995902,0.0181270471896887,0.249290489728072,-0.0459541112024255,-0.00391468646995902,0.0181270471896887,1,8,8,"Acropora"
"Acropora ocellata","Acropora ocellata","Acropora","digitate","pacific",4,1,3,3,3,4,3,1.9,1,"spawner",NA,NA,30.5,103.3,"Acropora...other","digitate",2.2,3.41772668361337,0.641853886172395,4.63763737612559,-0.930232148883079,-0.780876346006009,-0.0413539859488799,-0.0658875976195812,-0.0895406945786509,0.0722396931801462,0.0115884004880177,0.0367356352340995,0.0895406945786509,0.0722396931801462,0.0115884004880177,0.0367356352340995,2,7,7,"Acropora"
"Acropora orbicularis","Acropora orbicularis","Acropora","tables_or_plates","pacific",5,1,3,2,2,5,5,0.6,1,"spawner",NA,NA,30.4,103.2,"Acropora...Tabular","tables_or_plates",1.242,3.41444260841218,-0.510825623765991,4.63666885304746,-2.1837012041932,-1.37739006646424,0.66706153599527,0.934711326582137,-0.242350481815293,0.136579769862105,-0.0456544993178636,-0.115520467653754,0.242350481815293,0.136579769862105,-0.0456544993178636,-0.115520467653754,3,5,5,"Acropora"
"Acropora palmerae","Acropora palmerae","Acropora","encrusting","pacific",2,1,3,4,1,2,1,1.3,1,"spawner",180,NA,6.3,180,"Acropora...other","encrusting",1,1.84054963339749,0.262364264467491,5.19295685089021,1.36713332063368,-1.51976448851375,-1.44624478654091,0.285780354824785,0.175227941393193,0.121569781446269,0.0293615671186913,0.00737281792979763,-0.175227941393193,0.121569781446269,0.0293615671186913,0.00737281792979763,5,3,3,"Acropora"
"Acropora paniculata","Acropora paniculata","Acropora","tables_or_plates","pacific",5,1,3,2,2,5,5,0.8,1,"spawner",103,NA,30.4,103,"Acropora...Tabular","tables_or_plates",1.242,3.41444260841218,-0.22314355131421,4.63472898822964,-2.09995555147002,-1.32207458019296,0.655086760663697,0.959708392372053,-0.238024450370549,0.134328926956405,-0.0449122959437983,-0.114547500257499,0.238024450370549,0.134328926956405,-0.0449122959437983,-0.114547500257499,3,5,5,"Acropora"
"Acropora papillare","Acropora papillare","Acropora","branching_open","pacific",5,1,3,2,5,4,5,1.6,1,"spawner",NA,NA,58.7,146.7,"Acropora...Staghorn","branching_open",2.025,4.07243972683405,0.470003629245736,4.98838968514894,-2.72297644525072,0.691318990312938,0.222808634561757,-0.323687941343581,-0.277473334677169,-0.069738572800373,0.0165118239534927,-0.0087005619094873,0.277473334677169,-0.069738572800373,0.0165118239534927,-0.0087005619094873,1,8,8,"Acropora"
"Acropora parilis","Acropora parilis","Acropora","branching_closed","pacific",5,1,3,2,4,3,4,0.5,1,"spawner",NA,NA,58.7,146.7,"Acropora...other","branching_closed",2.025,4.07243972683405,-0.693147180559945,4.98838968514894,-2.29240290483766,0.31338046449166,0.140843773661567,-0.0700328244689023,-0.177916245336702,-0.068495582770741,-0.0232688826306796,0.0369645880711073,0.177916245336702,-0.068495582770741,-0.0232688826306796,0.0369645880711073,4,4,4,"Acropora"
"Acropora pectinatus","Acropora pectinatus","Acropora","branching_closed","pacific",5,1,2,2,4,3,4,0.7,1,"spawner",100,NA,58.7,100,"Acropora...other","branching_closed",2.025,4.07243972683405,-0.356674943938732,4.60517018598809,-2.05565426352497,0.340849297670874,0.527479470913523,-0.141138091958416,-0.166888020563973,-0.0652647374634655,-0.0218489525094211,0.0231046274101466,0.166888020563973,-0.0652647374634655,-0.0218489525094211,0.0231046274101466,4,4,4,"Acropora"
"Acropora pichoni","Acropora pichoni","Acropora","tables_or_plates","pacific",5,1,2,2,2,5,5,0.9,1,"spawner",100,NA,30.4,100,"Acropora...Tabular","tables_or_plates",1.242,3.41444260841218,-0.105360515657826,4.60517018598809,-2.05518791789591,-1.30223825742797,0.680435414251081,0.962366168520591,-0.235451225252515,0.13302565210407,-0.0445080432029869,-0.115549649559765,0.235451225252515,0.13302565210407,-0.0445080432029869,-0.115549649559765,3,5,5,"Acropora"
"Acropora pinguis","Acropora pinguis","Acropora","branching_open","pacific",5,1,4,2,5,4,5,1.1,1,"spawner",200,NA,58.7,200,"Acropora...Staghorn","branching_open",2.025,4.07243972683405,0.0953101798043249,5.29831736654804,-2.94405358059866,0.649313429079133,-0.0848848988993633,-0.275276594265912,-0.291214688096055,-0.0681952300913986,0.0170386253913918,-0.000931318901190666,0.291214688096055,-0.0681952300913986,0.0170386253913918,-0.000931318901190666,1,8,8,"Acropora"
"Acropora plana","Acropora plana","Acropora","tables_or_plates","pacific",5,1,3,2,2,5,5,0.7,1,"spawner",NA,NA,30.4,103.2,"Acropora...Tabular","tables_or_plates",1.242,3.41444260841218,-0.356674943938732,4.63666885304746,-2.13920591596019,-1.34764840653169,0.659551830308372,0.948379467434151,-0.240062069868848,0.135474665743484,-0.0451048057995096,-0.114926126880804,0.240062069868848,0.135474665743484,-0.0451048057995096,-0.114926126880804,3,5,5,"Acropora"
"Acropora plumosa","Acropora plumosa","Acropora","tables_or_plates","pacific",5,1,3,2,2,5,5,1.2,1,"spawner",NA,NA,30.4,103.2,"Acropora...Tabular","tables_or_plates",1.242,3.41444260841218,0.182321556793955,4.63666885304746,-1.98362564421854,-1.2436550239038,0.633293723037573,0.99617088878249,-0.231354540097803,0.130086718103165,-0.0450001041743588,-0.114712143465629,0.231354540097803,0.130086718103165,-0.0450001041743588,-0.114712143465629,3,5,5,"Acropora"
"Acropora polystoma","Acropora polystoma","Acropora","corymbose","pacific",4,1,2,2,3,5,3,1.5,1,"spawner",80,NA,31.6,80,"Acropora...other","corymbose",4.05,3.45315712059287,0.405465108108164,4.38202663467388,-1.46481434543585,-0.698967499642673,0.623785861381118,0.769945946669814,-0.146749071281585,0.0750542288038338,-0.0857505820846651,0.0244596278532116,0.146749071281585,0.0750542288038338,-0.0857505820846651,0.0244596278532116,2,7,7,"Acropora"
"Acropora prostrata","Acropora prostrata","Acropora","corymbose","pacific",4,1,3,2,3,5,3,0.6,1,"spawner",NA,NA,31.6,105.3,"Acropora...other","corymbose",4.05,3.45315712059287,-0.510825623765991,4.65681341913993,-1.82941882471167,-0.848902344603663,0.379434410032216,0.761079213196698,-0.164105677263938,0.0818147114334766,-0.0901878848910143,0.040866583088263,0.164105677263938,0.0818147114334766,-0.0901878848910143,0.040866583088263,2,7,7,"Acropora"
"Acropora proximalis","Acropora proximalis","Acropora","branching_closed","pacific",5,1,3,2,4,3,4,0.6,1,"spawner",NA,NA,58.7,146.7,"Acropora...other","branching_closed",2.025,4.07243972683405,-0.510825623765991,4.98838968514894,-2.23977614879786,0.348557381950703,0.131961677043932,-0.0538668450427272,-0.175727172191552,-0.0674646102378277,-0.0227050452045327,0.0356628660620126,0.175727172191552,-0.0674646102378277,-0.0227050452045327,0.0356628660620126,4,4,4,"Acropora"
"Acropora pulchra","Acropora pulchra","Acropora","branching_open","pacific",5,1,5,4,5,4,5,1.2,1,"spawner",500,130.9,135.9,500,"Acropora...Staghorn","branching_open",2.025,4.9119193211571,0.182321556793955,6.21460809842219,-3.12158243354979,-0.299788602068789,-1.60941837945636,-1.77611864268728,-0.2893349669487,-0.00253833982729514,0.237367243788911,0.0376429347574093,0.2893349669487,-0.00253833982729514,0.237367243788911,0.0376429347574093,4,8,8,"Acropora"
"Acropora rambleri","Acropora rambleri","Acropora","tables_or_plates","pacific",5,1,2,2,2,5,5,0.7,1,"spawner",100,NA,30.4,100,"Acropora...Tabular","tables_or_plates",1.242,3.41444260841218,-0.356674943938732,4.60517018598809,-2.12772932955887,-1.35072658242563,0.692678612875801,0.94008277017466,-0.239266997325158,0.135337848270067,-0.0448326331733708,-0.116110943286645,0.239266997325158,0.135337848270067,-0.0448326331733708,-0.116110943286645,3,5,5,"Acropora"
"Acropora retusa","Acropora retusa","Acropora","digitate","pacific",4,1,3,3,3,4,3,0.9,1,"spawner",NA,NA,30.5,103.3,"Acropora...other","digitate",2.2,3.41772668361337,-0.105360515657826,4.63763737612559,-1.14591410512583,-0.925043057828765,-0.00495219875569387,-0.13214116005806,-0.100174111195044,0.0782886802239152,0.0125080927183096,0.0379142814471846,0.100174111195044,0.0782886802239152,0.0125080927183096,0.0379142814471846,2,7,7,"Acropora"
"Acropora robusta","Acropora robusta","Acropora","branching_open","pacific",3,1,2,2,5,4,5,1.5,1,"spawner",NA,22.4,22.4,87.6,"Acropora...Staghorn","branching_open",2.025,3.10906095886099,0.405465108108164,4.47278099794235,-2.06600138257399,0.683873533084037,0.631310084078355,-0.272044059528433,-0.238947094480255,-0.0613692437310864,0.0212957585303781,-0.0347095973138662,0.238947094480255,-0.0613692437310864,0.0212957585303781,-0.0347095973138662,4,8,8,"Acropora"
"Acropora rosaria","Acropora rosaria","Acropora","corymbose","pacific",4,2,3,2,3,5,3,2.3,1,"spawner",NA,NA,31.6,105.3,"Acropora...other","corymbose",4.05,3.45315712059287,0.832909122935104,4.65681341913993,-1.44155245311877,-0.589643663936668,0.313972146224543,0.880224687003483,-0.143705789646731,0.0719030531598876,-0.0899614964148341,0.0346333685888405,0.143705789646731,0.0719030531598876,-0.0899614964148341,0.0346333685888405,2,7,7,"Acropora"
"Acropora russelli","Acropora russelli","Acropora","branching_closed","pacific",5,1,3,2,4,3,4,1,1,"spawner",NA,NA,58.7,146.7,"Acropora...other","branching_closed",2.025,4.07243972683405,0,4.98838968514894,-2.092327344863,0.447115507052104,0.10707596070387,-0.00857326226854907,-0.169177613813085,-0.0669090700622252,-0.0219296127343506,0.0329589585350971,0.169177613813085,-0.0669090700622252,-0.0219296127343506,0.0329589585350971,4,4,4,"Acropora"
"Acropora samoensis","Acropora samoensis","Acropora","digitate","pacific",4,1,2,3,3,4,3,1.8,1,"spawner",100,NA,30.5,100,"Acropora...other","digitate",2.2,3.41772668361337,0.587786664902119,4.60517018598809,-0.934009075919372,-0.79448083911629,-0.00457464466553568,-0.0792334025080272,-0.0898202149550641,0.0724909746851432,0.0119332335387681,0.0358446690276807,0.0898202149550641,0.0724909746851432,0.0119332335387681,0.0358446690276807,2,7,7,"Acropora"
"Acropora sarmentosa","Acropora sarmentosa","Acropora","corymbose","pacific",4,2,1,2,3,5,3,2,1,"spawner",30,NA,31.6,30,"Acropora...other","corymbose",4.05,3.45315712059287,0.693147180559945,3.40119738166216,-1.02440888168724,-0.739313004736258,1.64129769445561,0.537105152557088,-0.131629264366659,0.0819984453950623,-0.0921905945503378,-0.0138364102886387,0.131629264366659,0.0819984453950623,-0.0921905945503378,-0.0138364102886387,2,7,7,"Acropora"
"Acropora scherzeriana","Acropora scherzeriana","Acropora","branching_open","pacific",5,1,3,2,5,4,5,0.6,1,"spawner",NA,NA,58.7,146.7,"Acropora...Staghorn","branching_open",2.025,4.07243972683405,-0.510825623765991,4.98838968514894,-3.00609086530409,0.502078890122257,0.270591356165532,-0.410655526546342,-0.295784195372737,-0.0662129907204768,0.0193839007289037,-0.00893528998483368,0.295784195372737,-0.0662129907204768,0.0193839007289037,-0.00893528998483368,1,8,8,"Acropora"
"Acropora schmitti","Acropora schmitti","Acropora","branching_open","pacific",5,1,3,2,5,4,5,1.5,1,"spawner",NA,NA,58.7,146.7,"Acropora...Staghorn","branching_open",2.025,4.07243972683405,0.405465108108164,4.98838968514894,-2.74160536147326,0.678867000153865,0.225952735513851,-0.329410404574217,-0.278731645849407,-0.0690523033308768,0.0167711985774276,-0.00872992498255815,0.278731645849407,-0.0690523033308768,0.0167711985774276,-0.00872992498255815,1,8,8,"Acropora"
"Acropora secale","Acropora secale","Acropora","branching_closed","pacific",5,1,2,2,4,3,4,1.2,1,"spawner",100,NA,58.7,100,"Acropora...other","branching_closed",2.025,4.07243972683405,0.182321556793955,4.60517018598809,-1.90007399178331,0.444842680298768,0.501221363642725,-0.0933466706100778,-0.159703790268568,-0.0661073528657892,-0.0211830973642613,0.0214735084376699,0.159703790268568,-0.0661073528657892,-0.0211830973642613,0.0214735084376699,4,4,4,"Acropora"
"Acropora sekiseiensis","Acropora sekiseiensis","Acropora","branching_closed","pacific",5,1,3,2,4,3,4,1.1,1,"spawner",NA,NA,58.7,146.7,"Acropora...other","branching_closed",2.025,4.07243972683405,0.0953101798043249,4.98838968514894,-2.06481625035024,0.465504546653012,0.102432767432858,-0.000122355897872155,-0.167794354970791,-0.067250717416369,-0.0219122468348199,0.0328560213562325,0.167794354970791,-0.067250717416369,-0.0219122468348199,0.0328560213562325,4,4,4,"Acropora"
"Acropora selago","Acropora selago","Acropora","corymbose","pacific",4,1,2,2,3,5,3,0.9,1,"spawner",75,NA,31.6,75,"Acropora...other","corymbose",4.05,3.45315712059287,-0.105360515657826,4.31748811353631,-1.58874844277526,-0.803832587499726,0.716545991356463,0.707653023242761,-0.153517523401441,0.0797734324813911,-0.085513417178395,0.0235411600948021,0.153517523401441,0.0797734324813911,-0.085513417178395,0.0235411600948021,2,7,7,"Acropora"
"Acropora seriata","Acropora seriata","Acropora","tables_or_plates","pacific",5,1,3,2,2,5,5,0.6,1,"spawner",NA,NA,30.4,103.2,"Acropora...Tabular","tables_or_plates",1.242,3.41444260841218,-0.510825623765991,4.63666885304746,-2.1837012041932,-1.37739006646424,0.66706153599527,0.934711326582137,-0.242350481815294,0.136579769862105,-0.0456544993178635,-0.115520467653754,0.242350481815294,0.136579769862105,-0.0456544993178635,-0.115520467653754,3,5,5,"Acropora"
"Acropora simplex","Acropora simplex","Acropora","tables_or_plates","pacific",5,1,2,2,2,5,5,0.8,1,"spawner",100,NA,30.4,100,"Acropora...Tabular","tables_or_plates",1.242,3.41444260841218,-0.22314355131421,4.60517018598809,-2.08918575771318,-1.32496318472794,0.686173409916621,0.951922652325052,-0.237282870422964,0.134201461658821,-0.0446577915161426,-0.115654244621074,0.237282870422964,0.134201461658821,-0.0446577915161426,-0.115654244621074,3,5,5,"Acropora"
"Acropora solitaryensis","Acropora solitaryensis","Acropora","tables_or_plates","pacific",5,1,4,2,2,5,5,1.1,1,"spawner",204,16.7,16.7,204,"Acropora...Tabular","tables_or_plates",1.242,2.81540871942271,0.0953101798043249,5.31811999384422,-1.95374906236344,-1.15940456746804,-0.16426820054338,1.28806727731006,-0.224244259599755,0.128982602262851,-0.0541374315010986,-0.105193704276377,0.224244259599755,0.128982602262851,-0.0541374315010986,-0.105193704276377,3,5,5,"Acropora"
"Acropora speciosa","Acropora speciosa","Acropora","corymbose","pacific",4,1,1,2,3,5,3,0.8,1,"spawner",50,40.3,40.3,50,"Acropora...other","corymbose",4.05,3.69635146895264,-0.22314355131421,3.91202300542815,-1.59813934891892,-0.880164762975225,1.18326641749688,0.541645302003831,-0.156928415468109,0.0844677474167551,-0.0889737198877422,0.0113768552731522,0.156928415468109,0.0844677474167551,-0.0889737198877422,0.0113768552731522,2,7,7,"Acropora"
"Acropora spicifera","Acropora spicifera","Acropora","tables_or_plates","pacific",5,1,4,2,2,5,5,1.1,1,"spawner",NA,111,111,206.5,"Acropora...Tabular","tables_or_plates",1.242,4.70953020131233,0.0953101798043249,5.33030041240109,-2.91714634110536,-1.26712544624651,0.0920886483476959,0.911466109352093,-0.283271431576291,0.14070690475011,-0.0602446216719601,-0.0942654982691583,0.283271431576291,0.14070690475011,-0.0602446216719601,-0.0942654982691583,3,5,5,"Acropora"
"Acropora stoddarti","Acropora stoddarti","Acropora","tables_or_plates","pacific",5,1,4,2,2,5,5,1.3,1,"spawner",200,NA,30.4,200,"Acropora...Tabular","tables_or_plates",1.242,3.41444260841218,0.262364264467491,5.29831736654804,-2.20159409965968,-1.16355273074437,-0.0664537524840197,1.17754520165302,-0.243832652018748,0.131711682368965,-0.0492891331538517,-0.0970063600828073,0.243832652018748,0.131711682368965,-0.0492891331538517,-0.0970063600828073,3,5,5,"Acropora"
"Acropora striata","Acropora striata","Acropora","branching_closed","pacific",5,1,3,2,4,3,4,1.1,1,"spawner",NA,NA,58.7,146.7,"Acropora...other","branching_closed",2.025,4.07243972683405,0.0953101798043249,4.98838968514894,-2.06481625035024,0.465504546653012,0.102432767432858,-0.000122355897872155,-0.167794354970791,-0.067250717416369,-0.0219122468348199,0.0328560213562325,0.167794354970791,-0.067250717416369,-0.0219122468348199,0.0328560213562325,4,4,4,"Acropora"
"Acropora subglabra","Acropora subglabra","Acropora","hispidose","pacific",5,1,3,2,4,4,5,0.8,1,"spawner",NA,NA,58.7,146.7,"Acropora...Staghorn","branching_open",2.025,4.07243972683405,-0.22314355131421,4.98838968514894,-2.71487176054158,0.0462892702912012,0.282669083030294,0.00339563490061689,-0.254673940820277,-0.044765640075069,-0.00345378297337626,0.0188304497001268,0.254673940820277,-0.044765640075069,-0.00345378297337626,0.0188304497001268,1,8,8,"Acropora"
"Acropora subulata","Acropora subulata","Acropora","tables_or_plates","pacific",5,1,4,2,2,5,5,1.2,1,"spawner",250,NA,30.4,250,"Acropora...Tabular","tables_or_plates",1.242,3.41444260841218,0.182321556793955,5.52146091786225,-2.30600095489167,-1.15718959982957,-0.297231822480288,1.22922366798526,-0.249550987560446,0.133980041997995,-0.0508694323637452,-0.0935847934253201,0.249550987560446,0.133980041997995,-0.0508694323637452,-0.0935847934253201,3,5,5,"Acropora"
"Acropora tenella","Acropora tenella","Acropora","tables_or_plates","pacific",5,1,3,2,2,5,5,0.8,1,"spawner",NA,NA,30.4,103.2,"Acropora...Tabular","tables_or_plates",1.242,3.41444260841218,-0.22314355131421,4.63666885304746,-2.1006623441145,-1.32188500883401,0.653046627349192,0.960219349584544,-0.2380733325556,0.134337644944133,-0.0449293045822019,-0.1144755319888,0.2380733325556,0.134337644944133,-0.0449293045822019,-0.1144755319888,3,5,5,"Acropora"
"Acropora tenuis","Acropora tenuis","Acropora","corymbose","pacific",4,1,3,2,3,5,3,1.2,1,"spawner",NA,NA,31.6,105.3,"Acropora...other","corymbose",4.05,3.45315712059287,0.182321556793955,4.65681341913993,-1.62934326473701,-0.715167302043218,0.34566659707452,0.822538775397051,-0.155201243523889,0.076610899448043,-0.0871022881194001,0.0367384769043526,0.155201243523889,0.076610899448043,-0.0871022881194001,0.0367384769043526,2,7,7,"Acropora"
"Acropora teres","Acropora teres","Acropora","branching_open","pacific",5,1,3,2,5,4,5,1,1,"spawner",NA,NA,58.7,146.7,"Acropora...Staghorn","branching_open",2.025,4.07243972683405,0,4.98838968514894,-2.85864206136922,0.600637015223658,0.24570563982547,-0.365361943772164,-0.286646463909355,-0.0660614261136365,0.0178640368790891,-0.0089856984707683,0.286646463909355,-0.0660614261136365,0.0178640368790891,-0.0089856984707683,1,8,8,"Acropora"
"Acropora tizardi","Acropora tizardi","Acropora","branching_closed","pacific",5,1,3,2,4,3,4,0.6,1,"spawner",NA,NA,58.7,146.7,"Acropora...other","branching_closed",2.025,4.07243972683405,-0.510825623765991,4.98838968514894,-2.23977614879786,0.348557381950703,0.131961677043932,-0.0538668450427272,-0.175727172191552,-0.0674646102378277,-0.0227050452045328,0.0356628660620125,0.175727172191552,-0.0674646102378277,-0.0227050452045328,0.0356628660620125,4,4,4,"Acropora"
"Acropora torihalimeda","Acropora torihalimeda","Acropora","branching_closed","pacific",5,1,3,2,4,3,4,0.8,1,"spawner",NA,NA,58.7,146.7,"Acropora...other","branching_closed",2.025,4.07243972683405,-0.22314355131421,4.98838968514894,-2.15673728871916,0.40406243958094,0.117946768397854,-0.0283588220403201,-0.172163850400055,-0.066530173649504,-0.0223127954412732,0.0338521464128844,0.172163850400055,-0.066530173649504,-0.0223127954412732,0.0338521464128844,4,4,4,"Acropora"
"Acropora torresiana","Acropora torresiana","Acropora","branching_closed","pacific",5,1,3,2,4,3,4,1.2,1,"spawner",NA,NA,58.7,146.7,"Acropora...other","branching_closed",2.025,4.07243972683405,0.182321556793955,4.98838968514894,-2.0397005888232,0.482292424511147,0.0981938640862358,0.00759271715762591,-0.166448117632647,-0.0677259385280954,-0.021776649488193,0.0328010075348497,0.166448117632647,-0.0677259385280954,-0.021776649488193,0.0328010075348497,4,4,4,"Acropora"
"Acropora tortuosa","Acropora tortuosa","Acropora","branching_closed","pacific",5,1,3,2,4,3,4,1.3,1,"spawner",NA,NA,58.7,146.7,"Acropora...other","branching_closed",2.025,4.07243972683405,0.262364264467491,4.98838968514894,-2.01659641988359,0.497735775097564,0.0942944510075241,0.0146898963843702,-0.165145376070153,-0.068272327634066,-0.0218650406108211,0.0328652711330831,0.165145376070153,-0.068272327634066,-0.0218650406108211,0.0328652711330831,4,4,4,"Acropora"
"Acropora turaki","Acropora turaki","Acropora","hispidose","pacific",5,1,4,2,4,4,5,0.8,1,"spawner",200,NA,58.7,200,"Acropora...Staghorn","branching_open",2.025,4.07243972683405,-0.22314355131421,5.29831736654804,-2.82779437428377,0.076576644545768,-0.0432782624235272,0.0850300780361912,-0.260758894441694,-0.0460093586935473,-0.00447933984331074,0.0273276484611126,0.260758894441694,-0.0460093586935473,-0.00447933984331074,0.0273276484611126,1,8,8,"Acropora"
"Acropora tutuilensis","Acropora tutuilensis","Acropora","branching_open","pacific",5,1,3,2,5,4,5,1.2,1,"spawner",NA,NA,58.7,146.7,"Acropora...Staghorn","branching_open",2.025,4.07243972683405,0.182321556793955,4.98838968514894,-2.80601530532942,0.635813932682701,0.236823543207836,-0.349195964345989,-0.283114346524141,-0.0671173740486199,0.0172453534057635,-0.00887611332396103,0.283114346524141,-0.0671173740486199,0.0172453534057635,-0.00887611332396103,1,8,8,"Acropora"
"Acropora valenciennesi","Acropora valenciennesi","Acropora","branching_open","pacific",5,1,4,2,5,4,5,1.5,1,"spawner",333.3,179.3,179.3,333.3,"Acropora...Staghorn","branching_open",2.025,5.18906038061109,0.405465108108164,5.8090429853137,-3.60593638603817,0.694859303723632,-0.478439833814672,-0.337156580310573,-0.322595874512319,-0.0829300278629696,0.0146823053911429,0.0128617244182753,0.322595874512319,-0.0829300278629696,0.0146823053911429,0.0128617244182753,1,8,8,"Acropora"
"Acropora valida","Acropora valida","Acropora","corymbose","pacific",4,1,1,2,3,5,3,0.9,1,"spawner",50,34.3,34.3,50,"Acropora...other","corymbose",4.05,3.53514535417189,-0.105360515657826,3.91202300542815,-1.48252577932871,-0.848170551068418,1.15461999534934,0.584413887968648,-0.150896805366615,0.0836913134114596,-0.0866792313463986,0.00782030195726836,0.150896805366615,0.0836913134114596,-0.0866792313463986,0.00782030195726836,2,7,7,"Acropora"
"Acropora variabilis","Acropora variabilis","Acropora","branching_closed","pacific",5,1,3,2,4,3,4,0.9,1,"spawner",NA,NA,58.7,146.7,"Acropora...other","branching_closed",2.025,4.07243972683405,-0.105360515657826,4.98838968514894,-2.1227394489019,0.426787366880911,0.112208772732314,-0.0179153058447812,-0.170621530581667,-0.0665865427088443,-0.0221393034209855,0.0332723935349609,0.170621530581667,-0.0665865427088443,-0.0221393034209855,0.0332723935349609,4,4,4,"Acropora"
"Acropora vaughani","Acropora vaughani","Acropora","branching_closed","pacific",5,1,3,2,4,3,4,1.1,1,"spawner",NA,NA,58.7,146.7,"Acropora...other","branching_closed",2.025,4.07243972683405,0.0953101798043249,4.98838968514894,-2.06481625035024,0.465504546653012,0.102432767432858,-0.000122355897872155,-0.167794354970791,-0.067250717416369,-0.0219122468348199,0.0328560213562325,0.167794354970791,-0.067250717416369,-0.0219122468348199,0.0328560213562325,4,4,4,"Acropora"
"Acropora vermiculata","Acropora vermiculata","Acropora","corymbose","pacific",4,1,3,2,3,5,3,0.8,1,"spawner",NA,NA,31.6,105.3,"Acropora...other","corymbose",4.05,3.45315712059287,-0.22314355131421,4.65681341913993,-1.74637996463297,-0.793397286973426,0.365419501386138,0.786587236199105,-0.160751484395188,0.080061113350127,-0.0883640468893468,0.0388880090377054,0.160751484395188,0.080061113350127,-0.0883640468893468,0.0388880090377054,2,7,7,"Acropora"
"Acropora verweyi","Acropora verweyi","Acropora","corymbose","pacific",4,1,3,2,3,5,3,1.1,1,"spawner",NA,NA,31.6,105.3,"Acropora...other","corymbose",4.05,3.45315712059287,0.0953101798043249,4.65681341913993,-1.65445892626405,-0.731955179901353,0.349905500421142,0.814823702341553,-0.156548166474924,0.0773702917841757,-0.0872094769647357,0.0371079363285668,0.156548166474924,0.0773702917841757,-0.0872094769647357,0.0371079363285668,2,7,7,"Acropora"
"Acropora walindii","Acropora walindii","Acropora","branching_open","pacific",5,1,2,2,5,4,5,0.5,1,"spawner",100,NA,58.7,100,"Acropora...Staghorn","branching_open",2.025,4.07243972683405,-0.693147180559945,4.60517018598809,-2.919091024304,0.429452228450834,0.682500952339656,-0.52776089374022,-0.290128814236012,-0.0657930158729347,0.0198383041387674,-0.0217764371573612,0.290128814236012,-0.0657930158729347,0.0198383041387674,-0.0217764371573612,1,8,8,"Acropora"
"Acropora willisae","Acropora willisae","Acropora","corymbose","pacific",4,1,2,2,3,5,3,1,1,"spawner",70,NA,31.6,70,"Acropora...other","corymbose",4.05,3.45315712059287,0,4.24849524204936,-1.53319868293641,-0.790246707039538,0.783972181527793,0.698822457587265,-0.151172964187055,0.0791923754596018,-0.0846900318482345,0.020125472256417,0.151172964187055,0.0791923754596018,-0.0846900318482345,0.020125472256417,2,7,7,"Acropora"
"Acropora yongei","Acropora yongei","Acropora","branching_closed","pacific",5,1,4,2,4,3,4,1.2,1,"spawner",200,59.3,59.3,200,"Acropora...other","branching_closed",2.025,4.08260930600368,0.182321556793955,5.29831736654804,-2.15777187590537,0.511995052189672,-0.226308318713072,0.0871879550395437,-0.17145667053001,-0.0696797194700681,-0.023273411957645,0.0417218750744643,0.17145667053001,-0.0696797194700681,-0.023273411957645,0.0417218750744643,4,4,4,"Acropora"
"Alveopora allingi","Alveopora allingi","Alveopora","columnar","pacific",4,2,2,3,5,1,5,3.7,1,NA,NA,NA,25.3,93.5,"Alveopora","columnar",0.9,3.23080439573347,1.30833281965018,4.53796143629464,-0.822365914725252,1.40100317667804,0.072716006502523,-1.41133513179787,-0.0673815124460657,-0.187144894382683,0.0987477998596199,-0.1108234694726,0.0673815124460657,-0.187144894382683,0.0987477998596199,-0.1108234694726,6,9,9,"other"
"Alveopora catalai","Alveopora catalai","Alveopora","branching_closed","pacific",5,2,5,2,4,3,4,4.1,1,NA,833.3,NA,58.7,833.3,"Alveopora","branching_closed",2.025,4.07243972683405,1.41098697371026,6.72539372138816,-2.31792876687144,0.889096748199459,-1.78844959167936,0.574059307251598,-0.171173252142176,-0.0928150763008876,-0.0324398193375942,0.0748617948463631,0.171173252142176,-0.0928150763008876,-0.0324398193375942,0.0748617948463631,4,4,4,"other"
"Alveopora daedalea","Alveopora daedalea","Alveopora","columnar","pacific",4,2,2,3,5,1,5,2.2,1,"brooder",NA,NA,25.3,93.5,"Alveopora","columnar",0.9,3.23080439573347,0.78845736036427,4.53796143629464,-0.972426935747782,1.30069898642286,0.098042600569142,-1.45743114000872,-0.0764750401136996,-0.182132224497932,0.096394219308569,-0.1106566463431,0.0764750401136996,-0.182132224497932,0.096394219308569,-0.1106566463431,6,9,9,"other"
"Alveopora excelsa","Alveopora excelsa","Alveopora","submassive","pacific",3,2,4,3,3,1,1,2,1,NA,200,NA,12.8,200,"Alveopora","massive",0.5,2.54944517092557,0.693147180559945,5.29831736654804,0.663151011172176,0.408104500992722,-1.23331250435218,0.0828430067835807,0.124286201019636,-0.0248835863061002,-0.0187830815222091,0.0260627951998185,-0.124286201019636,-0.0248835863061002,-0.0187830815222091,0.0260627951998185,7,2,2,"other"
"Alveopora fenestrata","Alveopora fenestrata","Alveopora","massive","pacific",3,2,2,3,4,1,1,3.4,1,"spawner",NA,NA,12.8,65,"Alveopora","massive",0.5,2.54944517092557,1.22377543162212,4.17438726989564,1.01764116938659,0.911943050071927,-0.103231335866192,-0.554692046008048,0.128382968128475,-0.0887027860285872,0.0285682901283296,0.0210164001580486,-0.128382968128475,-0.0887027860285872,0.0285682901283296,0.0210164001580486,8,2,2,"other"
"Alveopora gigas","Alveopora gigas","Alveopora","columnar","pacific",4,3,2,4,5,1,5,6.6,1,"spawner",NA,NA,25.3,93.5,"Alveopora","columnar",0.9,3.23080439573347,1.88706964903238,4.53796143629464,-0.377204344203259,1.00908212333027,-0.293446968012556,-2.15080706233266,-0.0510349361586792,-0.16102813724551,0.20817358605566,-0.0945811369700694,0.0510349361586792,-0.16102813724551,0.20817358605566,-0.0945811369700694,6,9,9,"other"
"Alveopora marionensis","Alveopora marionensis","Alveopora","submassive","pacific",3,2,2,3,3,1,1,3.4,1,NA,NA,NA,12.8,65,"Alveopora","massive",0.5,2.54944517092557,1.22377543162212,4.17438726989564,1.2258214140704,0.400648372610635,-0.0771387003553518,-0.166148907563497,0.144812161876681,-0.0209855950415651,-0.0108393389189559,-0.00258820331997953,-0.144812161876681,-0.0209855950415651,-0.0108393389189559,-0.00258820331997953,7,2,2,"other"
"Alveopora minuta","Alveopora minuta","Alveopora","submassive","pacific",3,1,1,3,3,1,1,1.3,1,NA,10,NA,12.8,10,"Alveopora","massive",0.5,2.54944517092557,0.262364264467491,2.30258509299405,1.63030590559762,0.0322347711087293,1.93825066202539,-0.744424365935946,0.160461290173133,-0.0238459792637765,-0.0171839518318522,-0.0244381758675995,-0.160461290173133,-0.0238459792637765,-0.0171839518318522,-0.0244381758675995,7,2,2,"other"
"Alveopora ocellata","Alveopora ocellata","Alveopora","encrusting","pacific",2,1,1,4,1,2,1,1.5,1,NA,NA,NA,6.3,44.5,"Alveopora","encrusting",1,1.84054963339749,0.405465108108164,3.7954891891722,1.91760852587997,-1.62872090824525,0.0164843394242576,-0.069621955494997,0.197778917918999,0.123080237363092,0.0357774148416185,-0.028826729930214,-0.197778917918999,0.123080237363092,0.0357774148416185,-0.028826729930214,5,3,3,"other"
"Alveopora spongiosa","Alveopora spongiosa","Alveopora","columnar","pacific",4,1,3,3,5,1,5,1.5,1,NA,150,NA,25.3,150,"Alveopora","columnar",0.9,3.23080439573347,0.405465108108164,5.01063529409626,-1.25519631659253,1.2729964715859,-0.380404907830188,-1.36688855021389,-0.0918627468324669,-0.184875748078129,0.0960121772631102,-0.0977047890220905,0.0918627468324669,-0.184875748078129,0.0960121772631102,-0.0977047890220905,6,9,9,"other"
"Alveopora tizardi","Alveopora tizardi","Alveopora","encrusting","pacific",2,1,1,4,1,2,1,1.5,1,"spawner",NA,NA,6.3,44.5,"Alveopora","encrusting",1,1.84054963339749,0.405465108108164,3.7954891891722,1.91760852587997,-1.62872090824525,0.0164843394242576,-0.069621955494997,0.197778917918999,0.123080237363092,0.0357774148416185,-0.028826729930214,-0.197778917918999,0.123080237363092,0.0357774148416185,-0.028826729930214,5,3,3,"other"
"Alveopora verrilliana","Alveopora verrilliana","Alveopora","submassive","pacific",3,2,2,3,3,1,1,2.1,1,"spawner",NA,NA,12.8,65,"Alveopora","massive",0.5,2.54944517092557,0.741937344729377,4.17438726989564,1.08673980520587,0.30768307048564,-0.0536651598860039,-0.208872240648341,0.136072672268176,-0.0188797317906671,-0.0111831085764233,-0.00413671578580389,-0.136072672268176,-0.0188797317906671,-0.0111831085764233,-0.00413671578580389,7,2,2,"other"
"Anacropora forbesi","Anacropora forbesi","Anacropora","branching_closed","pacific",5,1,3,2,4,3,4,0.5,1,"spawner",NA,NA,58.7,146.7,NA,"branching_closed",2.025,4.07243972683405,-0.693147180559945,4.98838968514894,-2.29240290483766,0.31338046449166,0.140843773661567,-0.0700328244689023,-0.177916245336702,-0.0684955827707409,-0.0232688826306796,0.0369645880711072,0.177916245336702,-0.0684955827707409,-0.0232688826306796,0.0369645880711072,4,4,4,"other"
"Anacropora matthai","Anacropora matthai","Anacropora","branching_closed","pacific",5,1,3,2,4,3,4,0.6,1,"spawner",NA,NA,58.7,146.7,NA,"branching_closed",2.025,4.07243972683405,-0.510825623765991,4.98838968514894,-2.23977614879786,0.348557381950703,0.131961677043932,-0.0538668450427272,-0.175727172191552,-0.0674646102378277,-0.0227050452045328,0.0356628660620126,0.175727172191552,-0.0674646102378277,-0.0227050452045328,0.0356628660620126,4,4,4,"other"
"Anacropora pillai","Anacropora pillai","Anacropora","branching_closed","pacific",5,1,3,2,4,3,4,0.6,1,"spawner",NA,NA,58.7,146.7,NA,"branching_closed",2.025,4.07243972683405,-0.510825623765991,4.98838968514894,-2.23977614879786,0.348557381950703,0.131961677043932,-0.0538668450427272,-0.175727172191552,-0.0674646102378277,-0.0227050452045328,0.0356628660620125,0.175727172191552,-0.0674646102378277,-0.0227050452045328,0.0356628660620125,4,4,4,"other"
"Anacropora puertogalerae","Anacropora puertogalerae","Anacropora","branching_closed","pacific",5,1,3,2,4,3,4,0.8,1,"spawner",NA,NA,58.7,146.7,NA,"branching_closed",2.025,4.07243972683405,-0.22314355131421,4.98838968514894,-2.15673728871916,0.40406243958094,0.117946768397854,-0.0283588220403201,-0.172163850400055,-0.066530173649504,-0.0223127954412732,0.0338521464128844,0.172163850400055,-0.066530173649504,-0.0223127954412732,0.0338521464128844,4,4,4,"other"
"Anacropora reticulata","Anacropora reticulata","Anacropora","branching_closed","pacific",5,1,3,2,4,3,4,0.9,1,"spawner",NA,NA,58.7,146.7,NA,"branching_closed",2.025,4.07243972683405,-0.105360515657826,4.98838968514894,-2.1227394489019,0.426787366880911,0.112208772732314,-0.0179153058447812,-0.170621530581667,-0.0665865427088443,-0.0221393034209855,0.033272393534961,0.170621530581667,-0.0665865427088443,-0.0221393034209855,0.033272393534961,4,4,4,"other"
"Astrea annuligera","Astrea annuligera","Astrea","encrusting","pacific",1,3,2,3,1,2,1,6.3,1,"spawner",NA,NA,3.2,64.4,"Astrea","encrusting",1,1.16315080980568,1.84054963339749,4.16511363311031,2.26201400853789,-0.773184080963295,-0.200451799380044,1.08160085702333,0.211161543421318,0.0827873147737452,-0.0431840564681378,-0.028254442274622,-0.211161543421318,0.0827873147737452,-0.0431840564681378,-0.028254442274622,5,3,3,"other"
"Astrea curta","Astrea curta","Astrea","massive","pacific",1,3,2,3,4,1,1,9.3,1,"spawner",NA,2.6,2.6,58.1,"Astrea","massive",0.5,0.955511445027436,2.23001440015921,4.06216566385787,2.15595787634252,1.18676945444961,-0.260738014734089,-0.175414649445131,0.18911695434153,-0.109838105826419,0.0208411785224882,0.0275584748759119,-0.18911695434153,-0.109838105826419,0.0208411785224882,0.0275584748759119,8,2,2,"other"
"Astreopora cucullata","Astreopora cucullata","Astreopora","massive","pacific",3,2,2,3,4,1,1,2.3,1,"spawner",NA,NA,12.8,65,"Astreopora","massive",0.5,2.54944517092557,0.832909122935104,4.17438726989564,0.904818384011323,0.836529741190725,-0.0841896362483041,-0.589349147536422,0.121495807095084,-0.0866221780897536,0.0278789472177055,0.019778413649944,-0.121495807095084,-0.0866221780897536,0.0278789472177055,0.019778413649944,8,2,2,"other"
"Astreopora expansa","Astreopora expansa","Astreopora","laminar","pacific",4,2,2,5,2,4,2,2.3,1,"spawner",NA,NA,25.1,93.1,"Astreopora","laminar",2.176,3.22286784613774,0.832909122935104,4.53367418428302,0.32055050214606,-2.25270296546908,-0.741785570822179,-1.12160474186589,-0.0156068292726026,0.209231559034113,0.0786664509383158,0.0405158096941234,0.0156068292726026,0.209231559034113,0.0786664509383158,0.0405158096941234,9,6,6,"other"
"Astreopora gracilis","Astreopora gracilis","Astreopora","massive","pacific",3,1,2,3,4,1,1,1.6,1,"spawner",NA,NA,12.8,65,"Astreopora","massive",0.5,2.54944517092557,0.470003629245736,4.17438726989564,0.800066432471785,0.766511160714411,-0.0665100940444052,-0.621527036140446,0.115031954389257,-0.0854636846536994,0.0267923784690821,0.0188492821731427,-0.115031954389257,-0.0854636846536994,0.0267923784690821,0.0188492821731427,8,2,2,"other"
"Astreopora incrustans","Astreopora incrustans","Astreopora","encrusting","pacific",2,1,2,4,1,2,1,0.9,1,"spawner",100,NA,6.3,100,"Astreopora","encrusting",1,1.84054963339749,-0.105360515657826,4.60517018598809,1.47515124111147,-1.64815376364932,-0.810162051290998,0.0983531087717673,0.176536900156418,0.126339028120408,0.0290315188715865,-0.0118155138341155,-0.176536900156418,0.126339028120408,0.0290315188715865,-0.0118155138341155,5,3,3,"other"
"Astreopora listeri","Astreopora listeri","Astreopora","massive","pacific",3,1,2,3,4,1,1,1.6,1,"spawner",NA,NA,12.8,65,"Astreopora","massive",0.5,2.54944517092557,0.470003629245736,4.17438726989564,0.800066432471785,0.766511160714411,-0.0665100940444052,-0.621527036140446,0.115031954389257,-0.0854636846536994,0.0267923784690821,0.0188492821731427,-0.115031954389257,-0.0854636846536994,0.0267923784690821,0.0188492821731427,8,2,2,"other"
"Astreopora macrostoma","Astreopora macrostoma","Astreopora","encrusting","pacific",2,2,1,5,1,2,1,2.5,1,"spawner",NA,NA,6.3,44.5,"Astreopora","encrusting",1,1.84054963339749,0.916290731874155,3.7954891891722,2.34316766148872,-2.03374467372709,-0.346370228228187,-0.815115396443051,0.233617269931867,0.148714392986115,0.070924865473874,-0.0102857867340334,-0.233617269931867,0.148714392986115,0.070924865473874,-0.0102857867340334,5,3,3,"other"
"Astreopora moretonensis","Astreopora moretonensis","Astreopora","laminar","pacific",4,2,2,5,2,4,2,2.5,1,"spawner",NA,NA,25.1,93.1,"Astreopora","laminar",2.176,3.22286784613774,0.916290731874155,4.53367418428302,0.344618438318855,-2.23661541100306,-0.745847644006248,-1.11421151092637,-0.0138000927867486,0.208631212926907,0.0786133648478461,0.0404670029923719,0.0138000927867486,0.208631212926907,0.0786133648478461,0.0404670029923719,9,6,6,"other"
"Astreopora myriophthalma","Astreopora myriophthalma","Astreopora","massive","pacific",2,2,2,3,4,1,1,2.3,1,"spawner",NA,7.8,8.3,51.3,"Astreopora","massive",0.5,2.11625551480255,0.832909122935104,3.93769075217672,1.21037517369325,0.838307034738958,0.103182306020802,-0.564831379621143,0.139514908032618,-0.0898957116809524,0.0241682148878566,0.0115850287531862,-0.139514908032618,-0.0898957116809524,0.0241682148878566,0.0115850287531862,8,2,2,"other"
"Astreopora ocellata","Astreopora ocellata","Astreopora","massive","pacific",3,2,2,3,4,1,1,2.5,1,"spawner",NA,NA,12.8,65,"Astreopora","massive",0.5,2.54944517092557,0.916290731874155,4.17438726989564,0.928886320184117,0.85261729565674,-0.0882517094323733,-0.581955916596904,0.12301803728433,-0.0869255332536484,0.0280643247023086,0.0200125386705346,-0.12301803728433,-0.0869255332536484,0.0280643247023086,0.0200125386705346,8,2,2,"other"
"Astreopora randalli","Astreopora randalli","Astreopora","laminar","pacific",4,1,2,5,2,4,2,1.5,1,"spawner",NA,NA,25.1,93.1,"Astreopora","laminar",2.176,3.22286784613774,0.405465108108164,4.53367418428302,0.19716963438399,-2.33517353610446,-0.720961927666186,-1.15950509370055,-0.0248180191875715,0.212996390601861,0.0788878386967918,0.041015804950618,0.0248180191875715,0.212996390601861,0.0788878386967918,0.041015804950618,9,6,6,"other"
"Astreopora scabra","Astreopora scabra","Astreopora","massive","pacific",3,2,2,3,4,1,1,2.5,1,"spawner",NA,NA,12.8,65,"Astreopora","massive",0.5,2.54944517092557,0.916290731874155,4.17438726989564,0.928886320184117,0.85261729565674,-0.0882517094323733,-0.581955916596904,0.12301803728433,-0.0869255332536484,0.0280643247023086,0.0200125386705346,-0.12301803728433,-0.0869255332536484,0.0280643247023086,0.0200125386705346,8,2,2,"other"
"Astreopora suggesta","Astreopora suggesta","Astreopora","massive","pacific",3,1,2,3,4,1,1,1.6,1,"spawner",NA,NA,12.8,65,"Astreopora","massive",0.5,2.54944517092557,0.470003629245736,4.17438726989564,0.800066432471785,0.766511160714411,-0.0665100940444052,-0.621527036140446,0.115031954389257,-0.0854636846536993,0.0267923784690821,0.0188492821731426,-0.115031954389257,-0.0854636846536993,0.0267923784690821,0.0188492821731426,8,2,2,"other"
"Australogyra zelli","Australogyra zelli","Australogyra","branching_closed","pacific",4,3,4,2,4,3,4,7.2,1,"spawner",200,NA,29.2,200,"Australogyra","branching_closed",2.025,3.37416870927424,1.97408102602201,5.29831736654804,-1.28191344122955,0.898430162143276,-0.414270817474808,0.388115213376025,-0.13065872570089,-0.0786784170899101,-0.0231514150570016,0.0367130452636839,0.13065872570089,-0.0786784170899101,-0.0231514150570016,0.0367130452636839,4,4,4,"other"
"Australophyllia wilsoni","Australophyllia wilsoni","Hydnophyllia","massive","pacific",1,5,1,4,4,1,1,30,1,"spawner",NA,NA,NA,NA,"Other.Merulinidae","massive",0.5,NA,3.40119738166216,NA,NA,NA,NA,NA,NA,NA,NA,NA,NA,NA,NA,NA,NA,NA,NA,"other"
"Bernardpora stutchburyi","Bernardpora stutchburyi","Bernardpora","encrusting","pacific",1,2,1,3,1,2,1,2.5,1,NA,NA,NA,3.6,39.7,"Bernardpora","encrusting",1,1.28093384546206,0.916290731874155,3.68135118769314,2.11185666503803,-1.00555723993145,0.370080080523659,0.848609114500843,0.199811883259408,0.0882839692151224,-0.0429146808591924,-0.0456104914730866,-0.199811883259408,0.0882839692151224,-0.0429146808591924,-0.0456104914730866,5,3,3,"other"
"Blastomussa merleti","Blastomussa merleti","Blastomussa","encrusting","pacific",1,2,1,3,1,2,1,6,1,"spawner",NA,NA,2,73.2,"Other.Lobophyllidae","encrusting",1,0.693147180559945,1.79175946922805,4.29319542096727,2.43921833978063,-0.743055922100603,-0.399567576273982,1.20525647764986,0.21642696168878,0.0857693184703413,-0.0475658910038452,-0.0240287764719459,-0.21642696168878,0.0857693184703413,-0.0475658910038452,-0.0240287764719459,5,3,3,"other"
"Blastomussa wellsi","Blastomussa wellsi","Blastomussa","massive","pacific",1,4,1,3,4,1,1,18.9,1,"spawner",NA,NA,4.1,107,"Other.Lobophyllidae","massive",0.5,1.41098697371026,2.9391619220656,4.67282883446191,1.90755687202535,1.35707838205081,-0.872786675679901,-0.0430207090547627,0.178443202074568,-0.109835013674923,0.0141031269326051,0.0420518818850325,-0.178443202074568,-0.109835013674923,0.0141031269326051,0.0420518818850325,8,2,2,"other"
"Boninastrea boninensis","Boninastrea boninensis","Boninastrea","massive","pacific",2,3,2,3,4,1,1,6.5,1,"spawner",NA,NA,6.4,94.1,NA,"massive",0.5,1.85629799036563,1.87180217690159,4.54435804659133,1.42082123574484,1.11298330708428,-0.622395679657201,-0.260793542686254,0.153064381017681,-0.0957767400814157,0.0195735757485526,0.0289073155169797,-0.153064381017681,-0.0957767400814157,0.0195735757485526,0.0289073155169797,8,2,2,"other"
"Cantharellus jebbi","Cantharellus jebbi","Cantharellus","solitary_free","pacific",1,5,1,4,1,1,1,70,1,"spawner",20,NA,3.2,20,"Fungiidae","massive",0.5,1.16315080980568,4.24849524204936,2.99573227355399,3.92467199438229,-0.577408349182852,0.532299912611834,0.0558685244346242,0.363413961384451,0.078812446262477,0.0551210702431998,-0.0609892756225016,-0.363413961384451,0.078812446262477,0.0551210702431998,-0.0609892756225016,5,1,1,"other"
"Cantharellus noumeae","Cantharellus noumeae","Cantharellus","solitary_free","pacific",1,5,1,5,1,1,1,200,1,"spawner",20,NA,3.2,20,"Fungiidae","massive",0.5,1.16315080980568,5.29831736654804,2.99573227355399,4.5058114017327,-0.878438732036796,0.143187237688591,-0.641833495165091,0.417339990259709,0.113136954078686,0.103050799821361,-0.0454296495122031,-0.417339990259709,0.113136954078686,0.103050799821361,-0.0454296495122031,5,1,1,"other"
"Catalaphyllia jardinei","Catalaphyllia jardinei","Catalaphyllia","solitary_attached","pacific",2,4,2,3,1,1,1,21.3,1,"spawner",100,NA,6.4,100,NA,"massive",0.5,1.85629799036563,3.05870707271538,4.60517018598809,2.36580272189825,-0.185957815027864,-0.665895232197258,1.02609346826708,0.25224072264733,0.0368275625632963,-0.0436192195990269,-0.0466144205663122,-0.25224072264733,0.0368275625632963,-0.0436192195990269,-0.0466144205663122,5,1,1,"other"
"Caulastrea curvata","Caulastrea curvata","Caulastraea","branching_closed","pacific",4,4,2,2,4,3,4,13.9,1,"spawner",100,NA,29.2,100,"Other.Merulinidae","branching_closed",2.025,3.37416870927424,2.63188884013665,4.60517018598809,-0.839489308560928,0.957609748359666,0.282657830346631,0.263867494734788,-0.116666988705318,-0.0807873710759394,-0.0228308654400888,0.0197561759150474,0.116666988705318,-0.0807873710759394,-0.0228308654400888,0.0197561759150474,4,4,4,"other"
"Caulastrea echinulata","Caulastrea echinulata","Caulastraea","massive","pacific",2,4,2,3,4,1,1,13.8,1,"spawner",NA,NA,6.4,94.1,"Other.Merulinidae","massive",0.5,1.85629799036563,2.62466859216316,4.54435804659133,1.63813463446327,1.25824051206345,-0.659072814046101,-0.194038830880392,0.164815136795736,-0.102299186370773,0.0181389316247503,0.0339549268595418,-0.164815136795736,-0.102299186370773,0.0181389316247503,0.0339549268595418,8,2,2,"other"
"Caulastrea furcata","Caulastrea furcata","Caulastraea","massive","pacific",2,4,5,3,4,1,1,12.8,1,"spawner",500,NA,6.4,500,"Other.Merulinidae","massive",0.5,1.85629799036563,2.54944517092557,6.21460809842219,1.00786344130482,1.40695051346066,-2.41199077479137,0.239232428695497,0.169681693455881,-0.124308492602816,0.0116581033119035,0.0794361447582486,-0.169681693455881,-0.124308492602816,0.0116581033119035,0.0794361447582486,8,2,2,"other"
"Caulastrea tumida","Caulastrea tumida","Caulastraea","massive","pacific",2,5,2,3,4,1,1,25,1,"spawner",100,NA,6.4,100,"Other.Merulinidae","massive",0.5,1.85629799036563,3.2188758248682,4.60517018598809,1.78749438072986,1.37882899743903,-0.751976024777724,-0.125334199354726,0.172658348227751,-0.107965299535263,0.015497420990782,0.0377148834602795,-0.172658348227751,-0.107965299535263,0.015497420990782,0.0377148834602795,8,2,2,"other"
"Coelastrea aspera","Coelastrea aspera","Coelastrea","massive","pacific",1,3,5,3,4,1,1,11.5,1,"spawner",500,4,4,500,"Coelastrea","massive",0.5,1.38629436111989,2.4423470353692,6.21460809842219,1.21490408291948,1.41331213220807,-2.4735638525339,0.323981499849474,0.179309226840726,-0.126837822495691,0.0103000312976992,0.0825986861116303,-0.179309226840726,-0.126837822495691,0.0103000312976992,0.0825986861116303,8,2,2,"other"
"Coelastrea palauensis","Coelastrea palauensis","Coelastrea","massive","pacific",2,4,1,3,4,1,1,18.8,1,"spawner",20,NA,6.4,20,"Coelastrea","massive",0.5,1.85629799036563,2.9338568698359,2.99573227355399,2.29162533207301,1.16655704027308,0.954536318787957,-0.574529398010271,0.202703891783361,-0.117255643432491,0.0210573020458244,0.0120909759204076,-0.202703891783361,-0.117255643432491,0.0210573020458244,0.0120909759204076,8,2,2,"other"
"Coeloseris mayeri","Coeloseris mayeri","Coeloseris","massive","pacific",2,3,2,3,4,1,1,11.9,1,"spawner",NA,NA,6.4,57.7,"Coeloseris","massive",0.5,1.85629799036563,2.47653840011748,4.05525717351405,1.77358178190742,1.18186354220134,-0.137474694766097,-0.336001518758812,0.172704024646529,-0.103426931540477,0.0224755320795815,0.0218105521132626,-0.172704024646529,-0.103426931540477,0.0224755320795815,0.0218105521132626,8,2,2,"other"
"Coscinarea columna","Coscinarea columna","Coscinaraea","massive","pacific",2,2,2,4,4,1,1,6,1,"spawner",NA,NA,NA,NA,"Coscinarea","massive",0.5,NA,1.79175946922805,NA,NA,NA,NA,NA,NA,NA,NA,NA,NA,NA,NA,NA,NA,NA,NA,"other"
"Coscinarea crassa","Coscinarea crassa","Coscinaraea","encrusting","pacific",1,4,2,4,1,2,1,12.9,1,"spawner",NA,NA,NA,NA,"Coscinarea","encrusting",1,NA,2.55722731136763,NA,NA,NA,NA,NA,NA,NA,NA,NA,NA,NA,NA,NA,NA,NA,NA,"other"
"Coscinarea exesa","Coscinarea exesa","Coscinaraea","columnar","pacific",2,3,2,5,5,1,5,6.1,1,"spawner",NA,NA,NA,NA,"Coscinarea","columnar",0.9,NA,1.80828877117927,NA,NA,NA,NA,NA,NA,NA,NA,NA,NA,NA,NA,NA,NA,NA,NA,"other"
"Coscinarea mcneilli","Coscinarea mcneilli","Coscinaraea","encrusting","pacific",1,2,2,4,1,2,1,5.8,1,"spawner",NA,NA,NA,NA,"Coscinarea","encrusting",1,NA,1.75785791755237,NA,NA,NA,NA,NA,NA,NA,NA,NA,NA,NA,NA,NA,NA,NA,NA,"other"
"Coscinarea monile","Coscinarea monile","Coscinaraea","massive","pacific",2,2,2,4,4,1,1,5,1,"spawner",NA,NA,NA,NA,"Coscinarea","massive",0.5,NA,1.6094379124341,NA,NA,NA,NA,NA,NA,NA,NA,NA,NA,NA,NA,NA,NA,NA,NA,"other"
"Ctenactis albitentaculata","Ctenactis albitentaculata","Ctenactis","solitary_attached","pacific",2,5,1,4,1,1,1,260,1,"spawner",NA,NA,6.5,24.2,"Fungiidae","massive",0.5,1.87180217690159,5.56068163101553,3.18635263316264,3.87520185819135,-0.346355547563342,0.368605279837048,0.0803269189601288,0.360040515319337,0.0777515938227259,0.0559682478735343,-0.0589600547403846,-0.360040515319337,0.0777515938227259,0.0559682478735343,-0.0589600547403846,5,1,1,"other"
"Ctenactis crassa","Ctenactis crassa","Ctenactis","solitary_attached","pacific",2,5,1,3,1,1,1,236,1,"spawner",NA,NA,6.5,24.2,"Fungiidae","massive",0.5,1.87180217690159,5.46383180502561,3.18635263316264,3.56913601618453,0.138540245804194,0.711292330834483,0.862526519878863,0.324895874314957,0.0362588045858886,-0.0488656797223375,-0.0813281897562693,-0.324895874314957,0.0362588045858886,-0.0488656797223375,-0.0813281897562693,5,1,1,"other"
"Ctenactis echinata","Ctenactis echinata","Ctenactis","solitary_attached","pacific",2,5,1,4,1,1,1,284,1,"spawner",NA,NA,6.5,24.2,"Fungiidae","massive",0.5,1.87180217690159,5.64897423816121,3.18635263316264,3.90068734426377,-0.329320470590424,0.364303959241277,0.0881555953695425,0.361541199675923,0.0779889212249084,0.0560326912871359,-0.0590906984016495,-0.361541199675923,0.0779889212249084,0.0560326912871359,-0.0590906984016495,5,1,1,"other"
"Cycloseris costulata","Cycloseris costulata","Cycloseris","solitary_free","pacific",2,5,1,3,1,1,1,76,1,"spawner",7.7,NA,6.5,7.7,"Fungiidae","massive",0.5,1.87180217690159,4.33073334028633,2.04122032885964,3.65930005580907,-0.191985420878753,1.97081545312474,0.460431647278624,0.330984730478742,0.0350075854286134,-0.0478905360602696,-0.0906218282674673,-0.330984730478742,0.0350075854286134,-0.0478905360602696,-0.0906218282674673,5,1,1,"other"
"Cycloseris curvata","Cycloseris curvata","Cycloseris","solitary_free","pacific",2,5,1,3,1,1,1,81,1,"spawner",9,NA,6.5,9,"Fungiidae","massive",0.5,1.87180217690159,4.39444915467244,2.19722457733622,3.62085111835925,-0.164446802899114,1.80364357418383,0.507172426506484,0.328749843639072,0.034996732342475,-0.0477083698981289,-0.0897503624316705,-0.328749843639072,0.034996732342475,-0.0477083698981289,-0.0897503624316705,5,1,1,"other"
"Cycloseris cyclolites","Cycloseris cyclolites","Cycloseris","solitary_free","pacific",2,5,1,3,1,1,1,35.7,1,"spawner",16,NA,6.5,16,"Fungiidae","massive",0.5,1.87180217690159,3.57515068878559,2.77258872223978,3.17472745410862,-0.266294444987319,1.23845326252953,0.58607732954659,0.302104613507682,0.0356769469758208,-0.0426154971924117,-0.0815714171617627,-0.302104613507682,0.0356769469758208,-0.0426154971924117,-0.0815714171617627,5,1,1,"other"
"Cycloseris distorta","Cycloseris distorta","Cycloseris","solitary_free","pacific",2,5,1,3,1,1,1,40,1,"spawner",4,NA,6.5,4,"Fungiidae","massive",0.5,1.87180217690159,3.68887945411394,1.38629436111989,3.7126534583947,-0.379825981008476,2.69086246737872,0.231013702303977,0.333435569288429,0.0353168276495471,-0.0486663653538687,-0.0909452057079322,-0.333435569288429,0.0353168276495471,-0.0486663653538687,-0.0909452057079322,5,1,1,"other"
"Cycloseris explanulata","Cycloseris explanulata","Cycloseris","solitary_free","pacific",3,2,1,4,1,1,1,4.5,1,"spawner",NA,NA,12.6,34.6,"Fungiidae","massive",0.5,2.53369681395743,1.50407739677627,3.54385368206368,2.23890980384956,-1.13215446836468,0.284309258214457,-0.317919657141555,0.250139044445199,0.0780645878543126,0.0570979817267404,-0.0618520137051043,-0.250139044445199,0.0780645878543126,0.0570979817267404,-0.0618520137051043,5,3,3,"other"
"Cycloseris fragilis","Cycloseris fragilis","Cycloseris","solitary_free","pacific",2,5,1,3,1,1,1,48,1,"spawner",7,NA,6.5,7,"Fungiidae","massive",0.5,1.87180217690159,3.87120101090789,1.94591014905531,3.56138336604782,-0.289961167549145,2.09343894158583,0.394581562748827,0.324911843299398,0.0351040370242372,-0.0463683448623302,-0.0895456585774501,-0.324911843299398,0.0351040370242372,-0.0463683448623302,-0.0895456585774501,5,1,1,"other"
"Cycloseris hexagonalis","Cycloseris hexagonalis","Cycloseris","solitary_free","pacific",2,5,1,3,1,1,1,29,1,"spawner",9,NA,6.5,9,"Fungiidae","massive",0.5,1.87180217690159,3.36729582998647,2.19722457733622,3.32436534682316,-0.362624617720506,1.85368304966557,0.416097406051463,0.310705636209408,0.035124303373406,-0.0437639945891904,-0.0861413633144256,-0.310705636209408,0.035124303373406,-0.0437639945891904,-0.0861413633144256,5,1,1,"other"
"Cycloseris mokai","Cycloseris mokai","Cycloseris","solitary_free","pacific",2,3,1,3,1,1,1,7.5,1,"spawner",8.7,NA,6.5,8.7,"Fungiidae","massive",0.5,1.87180217690159,2.01490302054226,2.16332302566054,2.94635192357932,-0.62686677074141,1.9552209737702,0.287254631155955,0.285501418953916,0.0376458825581372,-0.0402129212963825,-0.0899912345828889,-0.285501418953916,0.0376458825581372,-0.0402129212963825,-0.0899912345828889,5,1,1,"other"
"Cycloseris sinensis","Cycloseris sinensis","Cycloseris","solitary_free","pacific",2,5,1,3,1,1,1,54.8,1,"spawner",NA,NA,6.5,24.2,"Fungiidae","massive",0.5,1.87180217690159,4.00369019395397,3.18635263316264,3.1476690338887,-0.143177845212486,0.782425547844161,0.733059551414118,0.300242715668505,0.0361867170948701,-0.0429364333601276,-0.0777740765996246,-0.300242715668505,0.0361867170948701,-0.0429364333601276,-0.0777740765996246,5,1,1,"other"
"Cycloseris somervillei","Cycloseris somervillei","Cycloseris","solitary_free","pacific",2,5,1,3,1,1,1,135.2,1,"spawner",13,NA,6.5,13,"Fungiidae","massive",0.5,1.87180217690159,4.90675516360886,2.56494935746154,3.63474615952914,-0.0296675157234875,1.39195385504705,0.649455375371279,0.329616342488155,0.0352492191810502,-0.0485883937031844,-0.0878608089489771,-0.329616342488155,0.0352492191810502,-0.0485883937031844,-0.0878608089489771,5,1,1,"other"
"Cycloseris tenuis","Cycloseris tenuis","Cycloseris","solitary_free","pacific",2,5,1,3,1,1,1,46.7,1,"spawner",NA,NA,6.5,24.2,"Fungiidae","massive",0.5,1.87180217690159,3.84374416467485,3.18635263316264,3.10150092952175,-0.174037653393105,0.790217583578419,0.718877551961652,0.2974995156548,0.0362140607816352,-0.0423090376988462,-0.077371269201314,-0.2974995156548,0.0362140607816352,-0.0423090376988462,-0.077371269201314,5,1,1,"other"
"Cycloseris vaughani","Cycloseris vaughani","Cycloseris","solitary_free","pacific",2,5,1,3,1,1,1,58.5,1,"spawner",NA,NA,6.5,24.2,"Fungiidae","massive",0.5,1.87180217690159,4.06902675423781,3.18635263316264,3.16652830252923,-0.130571882272185,0.779242569093267,0.738852774705423,0.301363063512798,0.0361754828347606,-0.0431924559944922,-0.0779378609143179,-0.301363063512798,0.0361754828347606,-0.0431924559944922,-0.0779378609143179,5,1,1,"other"
"Cycloseris wellsi","Cycloseris wellsi","Cycloseris","laminar","pacific",3,2,1,4,2,4,2,2.5,1,"spawner",NA,NA,12.6,34.6,"Fungiidae","laminar",2.176,2.53369681395743,0.916290731874155,3.54385368206368,0.77606546946811,-1.79013569607637,0.535168302076879,-0.445948925311292,0.025417766006728,0.185436983803209,0.0521632732613827,-0.00963707438413267,-0.025417766006728,0.185436983803209,0.0521632732613827,-0.00963707438413267,9,6,6,"other"
"Cynarina lacrymalis","Cynarina lacrymalis","Cynarina","massive","pacific",1,5,1,4,4,1,1,85,1,"spawner",NA,NA,NA,NA,"Cynarina","massive",0.5,NA,4.44265125649032,NA,NA,NA,NA,NA,NA,NA,NA,NA,NA,NA,NA,NA,NA,NA,NA,"other"
"Cyphastrea agassizi","Cyphastrea agassizi","Cyphastrea","massive","pacific",2,2,2,2,4,1,1,2.2,1,"spawner",NA,NA,6.4,94.1,"Cyphastrea","massive",0.5,1.85629799036563,0.78845736036427,4.54435804659133,0.830005569773467,1.40754585919135,-0.231649891267804,0.433936106781611,0.101271893640134,-0.112027013102396,-0.0673705794681627,0.00683708098654879,-0.101271893640134,-0.112027013102396,-0.0673705794681627,0.00683708098654879,8,2,2,"other"
"Cyphastrea chalcidicum","Cyphastrea chalcidicum","Cyphastrea","massive","pacific",2,2,2,2,4,1,1,2.8,1,"spawner",100,NA,6.4,100,"Cyphastrea","massive",0.5,1.85629799036563,1.02961941718116,4.60517018598809,0.877459525692451,1.46001820279021,-0.307353921508817,0.471337138501095,0.104511229121265,-0.113268053987888,-0.0682856113367235,0.00866804130502625,-0.104511229121265,-0.113268053987888,-0.0682856113367235,0.00866804130502625,8,2,2,"other"
"Cyphastrea decadia","Cyphastrea decadia","Cyphastrea","branching_closed","pacific",4,2,4,2,4,3,4,2.8,1,"spawner",NA,NA,29.2,212.4,"Cyphastrea","branching_closed",2.025,3.37416870927424,1.02961941718116,5.35847128936778,-1.57644758451504,0.722085276833347,-0.431522988365216,0.320216697474512,-0.141937445349777,-0.0689382067549301,-0.0214229148271734,0.0332424235879743,0.141937445349777,-0.0689382067549301,-0.0214229148271734,0.0332424235879743,4,4,4,"other"
"Cyphastrea japonica","Cyphastrea japonica","Cyphastrea","submassive","pacific",2,1,2,2,3,1,1,1.9,1,"spawner",NA,NA,6.4,94.1,"Cyphastrea","massive",0.5,1.85629799036563,0.641853886172395,4.54435804659133,0.995869012173705,0.867965671220271,-0.198415224692997,0.80948029551738,0.115310216852048,-0.0417213808385329,-0.1087055714981,-0.0137262026723059,-0.115310216852048,-0.0417213808385329,-0.1087055714981,-0.0137262026723059,7,2,2,"other"
"Cyphastrea microphthalma","Cyphastrea microphthalma","Cyphastrea","massive","pacific",2,2,2,2,4,1,1,2.7,1,"spawner",NA,NA,6.4,94.1,"Cyphastrea","massive",0.5,1.85629799036563,0.993251773010283,4.54435804659133,0.889119071117775,1.44705866434946,-0.241626790279967,0.452094696032648,0.104931347113813,-0.112866676793309,-0.0672872622400041,0.00713648014238372,-0.104931347113813,-0.112866676793309,-0.0672872622400041,0.00713648014238372,8,2,2,"other"
"Cyphastrea ocellina","Cyphastrea ocellina","Cyphastrea","massive","pacific",1,2,2,2,4,1,1,2.5,1,"brooder",NA,3.3,3.3,65.5,"Cyphastrea","massive",0.5,1.19392246847243,0.916290731874155,4.18205014264121,1.33426054879367,1.43489002492486,0.0490296869745096,0.48265907262905,0.123426167530648,-0.120029979435269,-0.0714928837524312,0.000547760120784667,-0.123426167530648,-0.120029979435269,-0.0714928837524312,0.000547760120784667,8,2,2,"other"
"Cyphastrea serailia","Cyphastrea serailia","Cyphastrea","massive","pacific",1,2,2,2,4,1,1,2.4,1,"spawner",NA,4.9,4.9,81.9,"Cyphastrea","massive",0.5,1.58923520511658,0.8754687373539,4.40549899085902,1.04092377627722,1.42611987317469,-0.127803678003999,0.4586273944489,0.110675648118681,-0.115003586160875,-0.0689259407443179,0.00421300857618939,-0.110675648118681,-0.115003586160875,-0.0689259407443179,0.00421300857618939,8,2,2,"other"
"Danafungia horrida","Danafungia horrida","Danafungia","solitary_free","pacific",2,5,1,3,1,1,1,204,1,"spawner",20,NA,6.5,20,"Fungiidae","massive",0.5,1.87180217690159,5.31811999384422,2.99573227355399,3.59652940346742,0.0917985868036431,0.918864142885997,0.79939754142844,0.326996689085935,0.0360181038838271,-0.0488100706226097,-0.0837790996221894,-0.326996689085935,0.0360181038838271,-0.0488100706226097,-0.0837790996221894,5,1,1,"other"
"Danafungia scruposa","Danafungia scruposa","Danafungia","solitary_free","pacific",2,5,1,3,1,1,1,111,1,"spawner",24,NA,6.5,24,"Fungiidae","massive",0.5,1.87180217690159,4.70953020131233,3.17805383034795,3.35443203436755,-0.00780485507821028,0.756767137408796,0.793458662581431,0.312477380553232,0.0360856642193754,-0.0457587797538675,-0.0796000742216416,-0.312477380553232,0.0360856642193754,-0.0457587797538675,-0.0796000742216416,5,1,1,"other"
"Diploastrea heliopora","Diploastrea heliopora","Diploastrea","massive","pacific",1,3,5,4,4,1,1,9,1,"spawner",633.3,2.4,2.4,633.3,"Diploastrea","massive",0.5,0.8754687373539,2.19722457733622,6.45094424352238,1.5947726163602,0.914904564130189,-3.12073474711858,-0.323858526857596,0.216778905149941,-0.105325535024696,0.110063397271714,0.133818892205185,-0.216778905149941,-0.105325535024696,0.110063397271714,0.133818892205185,8,2,2,"other"
"Dipsastrea amicorum","Dipsastrea amicorum","Dipsastraea","massive","pacific",2,4,2,3,4,1,1,13.2,1,"spawner",NA,NA,6.4,94.1,"Dipsastrea","massive",0.5,1.85629799036563,2.58021682959233,4.54435804659133,1.62530372129265,1.24966403865921,-0.656907272807198,-0.197980253341969,0.164140452846031,-0.101907245358587,0.0182404966440762,0.0337183872841445,-0.164140452846031,-0.101907245358587,0.0182404966440762,0.0337183872841445,8,2,2,"other"
"Dipsastrea danai","Dipsastrea danai","Dipsastraea","massive","pacific",2,3,2,3,4,1,1,9.2,1,"spawner",NA,NA,6.4,94.1,"Dipsastrea","massive",0.5,1.85629799036563,2.21920348405499,4.54435804659133,1.5210979345673,1.18001052713324,-0.639319909734482,-0.229990370078338,0.158621854784345,-0.0986693757944646,0.0190206069412533,0.0314664752696166,-0.158621854784345,-0.0986693757944646,0.0190206069412533,0.0314664752696166,8,2,2,"other"
"Dipsastrea faviaformis","Dipsastrea faviaformis","Dipsastraea","massive","pacific",2,4,1,3,4,1,1,20.6,1,"spawner",NA,NA,6.4,20,"Dipsastrea","massive",0.5,1.85629799036563,3.02529107579554,2.99573227355399,2.31801763441699,1.18419825381104,0.950081950002548,-0.566422164184583,0.204146095360432,-0.118083847130375,0.0208452812407547,0.0122935677620265,-0.204146095360432,-0.118083847130375,0.0208452812407547,0.0122935677620265,8,2,2,"other"
"Dipsastrea favus","Dipsastrea favus","Dipsastraea","massive","pacific",2,3,1,3,4,1,1,10,1,"spawner",37,NA,6.4,37,"Dipsastrea","massive",0.5,1.85629799036563,2.30258509299405,3.61091791264422,1.88526617808063,1.10487857337894,0.338306172287976,-0.468463739989626,0.179852783958325,-0.104754730112472,0.0227421794958549,0.0139866454576681,-0.179852783958325,-0.104754730112472,0.0227421794958549,0.0139866454576681,8,2,2,"other"
"Dipsastrea helianthoides","Dipsastrea helianthoides","Dipsastraea","submassive","pacific",2,3,2,3,3,1,1,9,1,"spawner",NA,NA,6.4,94.1,"Dipsastrea","massive",0.5,1.85629799036563,2.19722457733622,4.54435804659133,1.72293401138501,0.664475263966774,-0.612156535379268,0.156603955729499,0.175515168812754,-0.0276329200835134,-0.0233058543869013,0.0115181273951673,-0.175515168812754,-0.0276329200835134,-0.0233058543869013,0.0115181273951673,7,2,2,"other"
"Dipsastrea laddi","Dipsastrea laddi","Dipsastraea","massive","pacific",2,3,2,3,4,1,1,6.8,1,"spawner",NA,NA,6.4,94.1,"Dipsastrea","massive",0.5,1.85629799036563,1.91692261218206,4.54435804659133,1.4338451599679,1.121688793454,-0.624593796394673,-0.256792830750318,0.153788406346417,-0.096147690895593,0.0195137149488076,0.0292516314069092,-0.153788406346417,-0.096147690895593,0.0195137149488076,0.0292516314069092,8,2,2,"other"
"Dipsastrea laxa","Dipsastrea laxa","Dipsastraea","massive","pacific",2,2,2,3,4,1,1,5.8,1,"spawner",NA,NA,6.4,94.1,"Dipsastrea","massive",0.5,1.85629799036563,1.75785791755237,4.54435804659133,1.38793145110087,1.09099902899592,-0.616844696337613,-0.270896684545952,0.151221370037706,-0.0948555027240812,0.0196702643259396,0.0280444427401031,-0.151221370037706,-0.0948555027240812,0.0196702643259396,0.0280444427401031,8,2,2,"other"
"Dipsastrea lizardensis","Dipsastrea lizardensis","Dipsastraea","massive","pacific",2,4,2,3,4,1,1,16.7,1,"spawner",100,NA,6.4,100,"Dipsastrea","massive",0.5,1.85629799036563,2.81540871942271,4.60517018598809,1.67103440034279,1.30098450491019,-0.732320456475101,-0.161108580840187,0.166594883878433,-0.104262651794552,0.0166215392902554,0.0362690039247942,-0.166594883878433,-0.104262651794552,0.0166215392902554,0.0362690039247942,8,2,2,"other"
"Dipsastrea maritima","Dipsastrea maritima","Dipsastraea","massive","pacific",2,4,2,3,4,1,1,18.8,1,"spawner",NA,NA,6.4,94.1,"Dipsastrea","massive",0.5,1.85629799036563,2.9338568698359,4.54435804659133,1.72738121805754,1.31789495290003,-0.674135433100154,-0.166623908456705,0.169501514851851,-0.105132950834995,0.0172947259354594,0.0352871721625484,-0.169501514851851,-0.105132950834995,0.0172947259354594,0.0352871721625484,8,2,2,"other"
"Dipsastrea marshae","Dipsastrea marshae","Dipsastraea","massive","pacific",2,4,2,3,4,1,1,19.3,1,"spawner",60,NA,6.4,60,"Dipsastrea","massive",0.5,1.85629799036563,2.96010509591084,4.0943445622221,1.89892080183392,1.27898213636172,-0.202140200330469,-0.282829360307859,0.179321441247454,-0.10763865798423,0.0214122106123149,0.0246194962324609,-0.179321441247454,-0.10763865798423,0.0214122106123149,0.0246194962324609,8,2,2,"other"
"Dipsastrea matthaii","Dipsastrea matthaii","Dipsastraea","massive","pacific",2,4,2,3,4,1,1,13.8,1,"spawner",NA,NA,6.4,94.1,"Dipsastrea","massive",0.5,1.85629799036563,2.62466859216316,4.54435804659133,1.63813463446327,1.25824051206345,-0.659072814046101,-0.194038830880392,0.164815136795736,-0.102299186370773,0.0181389316247503,0.0339549268595417,-0.164815136795736,-0.102299186370773,0.0181389316247503,0.0339549268595417,8,2,2,"other"
"Dipsastrea maxima","Dipsastrea maxima","Dipsastraea","massive","pacific",2,5,2,3,4,1,1,29,1,"spawner",NA,NA,6.4,94.1,"Dipsastrea","massive",0.5,1.85629799036563,3.36729582998647,4.54435804659133,1.85249251490636,1.40152218158798,-0.69525112994699,-0.128192000373474,0.176027837449501,-0.109091642338786,0.0161581855678251,0.0367160723228838,-0.176027837449501,-0.109091642338786,0.0161581855678251,0.0367160723228838,8,2,2,"other"
"Dipsastrea pallida","Dipsastrea pallida","Dipsastraea","massive","pacific",1,3,2,2,4,1,1,10.2,1,"spawner",NA,4.3,4.3,76,"Dipsastrea","massive",0.5,1.45861502269952,2.32238772029023,4.33073334028633,1.55194567705015,1.70549101249664,-0.138224534451839,0.593420771890178,0.138748658802123,-0.12912930860071,-0.0759481760361185,0.0101899093069984,-0.138748658802123,-0.12912930860071,-0.0759481760361185,0.0101899093069984,8,2,2,"other"
"Dipsastrea rosaria","Dipsastrea rosaria","Dipsastraea","encrusting","pacific",1,3,2,4,1,2,1,9.3,1,"spawner",100,NA,3.2,100,"Dipsastrea","encrusting",1,1.16315080980568,2.23001440015921,4.60517018598809,2.49220731081309,-1.15861898587034,-1.0201964411641,0.441256838272113,0.23471619716147,0.118779597207022,0.0342136031426201,0.00900692012599555,-0.23471619716147,0.118779597207022,0.0342136031426201,0.00900692012599555,5,3,3,"other"
"Dipsastrea rotumana","Dipsastrea rotumana","Dipsastraea","massive","pacific",2,4,2,3,4,1,1,14.2,1,"spawner",NA,NA,6.4,94.1,"Dipsastrea","massive",0.5,1.85629799036563,2.65324196460721,4.54435804659133,1.64638228179192,1.26375342661764,-0.660464813210668,-0.191505304076488,0.165250202769966,-0.102548585420303,0.0180758576131658,0.0341041139160989,-0.165250202769966,-0.102548585420303,0.0180758576131658,0.0341041139160989,8,2,2,"other"
"Dipsastrea speciosa","Dipsastrea speciosa","Dipsastraea","massive","pacific",2,3,2,3,4,1,1,9.9,1,"spawner",75,6.4,6.3,75,"Dipsastrea","massive",0.5,1.84054963339749,2.29253475714054,4.31748811353631,1.63289836753664,1.17289386656133,-0.406533831544743,-0.280087582287002,0.164639003479642,-0.100311334058185,0.0209962243130174,0.0260008454091735,-0.164639003479642,-0.100311334058185,0.0209962243130174,0.0260008454091735,8,2,2,"other"
"Dipsastrea truncata","Dipsastrea truncata","Dipsastraea","massive","pacific",2,3,2,3,4,1,1,10.5,1,"spawner",NA,NA,6.4,94.1,"Dipsastrea","massive",0.5,1.85629799036563,2.35137525716348,4.54435804659133,1.55924905493421,1.20551160136062,-0.645758876577006,-0.218271041863038,0.160651995253631,-0.099853029939924,0.0187240852044764,0.0323595849715182,-0.160651995253631,-0.099853029939924,0.0187240852044764,0.0323595849715182,8,2,2,"other"
"Dipsastrea veroni","Dipsastrea veroni","Dipsastraea","massive","pacific",2,4,2,3,4,1,1,17.5,1,"spawner",NA,NA,6.4,94.1,"Dipsastrea","massive",0.5,1.85629799036563,2.86220088092947,4.54435804659133,1.70669785886907,1.30406972646202,-0.670644592917068,-0.17297745908886,0.168419633321601,-0.104469121343008,0.0174949220412469,0.0350093246087872,-0.168419633321601,-0.104469121343008,0.0174949220412469,0.0350093246087872,8,2,2,"other"
"Dipsastrea vietnamensis","Dipsastrea vietnamensis","Dipsastraea","massive","pacific",2,4,2,3,4,1,1,14.1,1,"spawner",NA,NA,6.4,94.1,"Dipsastrea","massive",0.5,1.85629799036563,2.64617479738412,4.54435804659133,1.64434235797884,1.2623898952698,-0.660120524454076,-0.192131931459112,0.165142480531284,-0.102487112866089,0.0180912730110565,0.0340674540201052,-0.165142480531284,-0.102487112866089,0.0180912730110565,0.0340674540201052,8,2,2,"other"
"Echinomorpha nishihirai","Echinomorpha nishihirai","Echinomorpha","solitary_attached","pacific",1,5,1,4,1,1,1,115.5,1,"spawner",NA,NA,NA,NA,NA,"massive",0.5,NA,4.74927052996185,NA,NA,NA,NA,NA,NA,NA,NA,NA,NA,NA,NA,NA,NA,NA,NA,"other"
"Echinophyllia aspera","Echinophyllia aspera","Echinophyllia","laminar","pacific",1,3,3,4,2,4,2,10.9,1,"spawner",NA,NA,NA,NA,"Echinophyllia","laminar",2.176,NA,2.3887627892351,NA,NA,NA,NA,NA,NA,NA,NA,NA,NA,NA,NA,NA,NA,NA,NA,"other"
"Echinophyllia costata","Echinophyllia costata","Echinophyllia","laminar","pacific",1,2,2,4,2,4,2,6,1,"spawner",80,NA,NA,80,"Echinophyllia","laminar",2.176,NA,1.79175946922805,4.38202663467388,NA,NA,NA,NA,NA,NA,NA,NA,NA,NA,NA,NA,NA,NA,NA,"other"
"Echinophyllia echinata","Echinophyllia echinata","Echinophyllia","laminar","pacific",1,4,1,4,2,4,2,12.9,1,"spawner",NA,NA,NA,NA,"Echinophyllia","laminar",2.176,NA,2.55722731136763,NA,NA,NA,NA,NA,NA,NA,NA,NA,NA,NA,NA,NA,NA,NA,NA,"other"
"Echinophyllia echinoporoides","Echinophyllia echinoporoides","Echinophyllia","encrusting","pacific",1,2,2,4,1,2,1,5.7,1,"spawner",NA,NA,NA,NA,"Echinophyllia","encrusting",1,NA,1.7404661748405,NA,NA,NA,NA,NA,NA,NA,NA,NA,NA,NA,NA,NA,NA,NA,NA,"other"
"Echinophyllia orpheensis","Echinophyllia orpheensis","Echinophyllia","submassive","pacific",1,3,1,4,3,1,1,10.1,1,"spawner",45,NA,NA,45,"Echinophyllia","massive",0.5,NA,2.31253542384721,3.80666248977032,NA,NA,NA,NA,NA,NA,NA,NA,NA,NA,NA,NA,NA,NA,NA,"other"
"Echinophyllia patula","Echinophyllia patula","Echinophyllia","laminar","pacific",1,3,2,4,2,4,2,7,1,"spawner",NA,NA,NA,NA,"Echinophyllia","laminar",2.176,NA,1.94591014905531,NA,NA,NA,NA,NA,NA,NA,NA,NA,NA,NA,NA,NA,NA,NA,NA,"other"
"Echinophyllia pectinata","Echinophyllia pectinata","Echinophyllia","encrusting","pacific",1,4,1,4,1,2,1,14.5,1,"spawner",NA,NA,NA,NA,"Echinophyllia","encrusting",1,NA,2.67414864942653,NA,NA,NA,NA,NA,NA,NA,NA,NA,NA,NA,NA,NA,NA,NA,NA,"other"
"Echinopora ashmorensis","Echinopora ashmorensis","Echinopora","encrusting_long_uprights","pacific",3,2,4,3,2,3,2,5.1,1,"spawner",200,NA,12.6,200,"Echinopora","encrusting",1,2.53369681395743,1.62924053973028,5.29831736654804,0.327938303294347,-0.628496931707687,-1.04854165362893,0.7297379001639,0.0375392200383663,0.0986524572337163,-0.0167497723491473,0.0275511755689654,-0.0375392200383663,0.0986524572337163,-0.0167497723491473,0.0275511755689654,9,6,6,"other"
"Echinopora gemmacea","Echinopora gemmacea","Echinopora","laminar","pacific",3,2,3,4,2,4,2,4.2,1,"spawner",NA,NA,12.5,134.8,"Echinopora","laminar",2.176,2.52572864430826,1.43508452528932,4.90379219847821,0.434352779268716,-1.55668339654541,-0.921469479072431,-0.0401454717352776,0.0131592771573624,0.170766055810601,0.0450761720418693,0.0314666354936074,-0.0131592771573624,0.170766055810601,0.0450761720418693,0.0314666354936074,9,6,6,"other"
"Echinopora hirsutissima","Echinopora hirsutissima","Echinopora","submassive","pacific",2,2,2,3,3,1,1,4.2,1,"spawner",NA,NA,6.4,94.1,"Echinopora","massive",0.5,1.85629799036563,1.43508452528932,4.54435804659133,1.50294379578719,0.517428813867716,-0.575027620414486,0.0890269746093893,0.16271124797947,-0.0235473372553113,-0.0211940989616214,0.00498112186886926,-0.16271124797947,-0.0235473372553113,-0.0211940989616214,0.00498112186886926,7,2,2,"other"
"Echinopora horrida","Echinopora horrida","Echinopora","encrusting_long_uprights","pacific",3,2,5,3,2,3,2,2.4,1,"spawner",500,NA,12.6,500,"Echinopora","encrusting",1,2.53369681395743,0.8754687373539,6.21460809842219,-0.223488330694915,-0.684385221097032,-1.97547273989244,0.90425238649376,0.0246249705080589,0.108057697379793,-0.0175022434933277,0.0434387250473535,-0.0246249705080589,0.108057697379793,-0.0175022434933277,0.0434387250473535,9,6,6,"other"
"Echinopora lamellosa","Echinopora lamellosa","Echinopora","laminar","pacific",3,2,5,4,2,4,2,3.4,1,"spawner",500,NA,12.5,500,"Echinopora","laminar",2.176,2.52572864430826,1.22377543162212,6.21460809842219,-0.104238903313153,-1.4693549575565,-2.28974507500192,0.286385058033483,0.00447593776201778,0.185934856098989,0.0486158450250008,0.0649617446942948,-0.00447593776201778,0.185934856098989,0.0486158450250008,0.0649617446942948,9,6,6,"other"
"Echinopora mammiformis","Echinopora mammiformis","Echinopora","encrusting_long_uprights","pacific",3,3,5,3,2,3,2,8.9,1,"spawner",500,NA,12.6,500,"Echinopora","encrusting",1,2.53369681395743,2.18605127673809,6.21460809842219,0.154808721957719,-0.431522890268634,-2.03931993901081,1.02045834008779,0.0456884189146066,0.103284594899834,-0.0196585855308566,0.0555806047711019,-0.0456884189146066,0.103284594899834,-0.0196585855308566,0.0555806047711019,9,6,6,"other"
"Echinopora pacificus","Echinopora pacificus","Echinopora","laminar","pacific",3,2,3,4,2,4,2,4.6,1,"spawner",NA,NA,12.5,134.8,"Echinopora","laminar",2.176,2.52572864430826,1.52605630349505,4.90379219847821,0.460611602757976,-1.53913140330162,-0.925901319923892,-0.0320792401788066,0.0146496628447907,0.170490700624923,0.0450520499988256,0.0324088445816228,-0.0146496628447907,0.170490700624923,0.0450520499988256,0.0324088445816228,9,6,6,"other"
"Echinopora taylorae","Echinopora taylorae","Echinopora","laminar","pacific",3,2,3,4,2,4,2,5,1,"spawner",NA,NA,12.5,134.8,"Echinopora","laminar",2.176,2.52572864430826,1.6094379124341,4.90379219847821,0.48467953893077,-1.52304384883561,-0.929963393107961,-0.024686009239289,0.0159780223903891,0.170419206148654,0.0450226962571867,0.0335623769194314,-0.0159780223903891,0.170419206148654,0.0450226962571867,0.0335623769194314,9,6,6,"other"
"Euphyllia ancora","Euphyllia ancora","Euphyllia","massive","pacific",1,5,2,3,4,1,1,45,1,"spawner",100,NA,NA,100,"Euphyllia","massive",0.5,NA,3.80666248977032,4.60517018598809,NA,NA,NA,NA,NA,NA,NA,NA,NA,NA,NA,NA,NA,NA,NA,"other"
"Euphyllia cristata","Euphyllia cristata","Euphyllia","massive","pacific",1,5,1,3,4,1,1,25,1,NA,12,NA,NA,12,"Euphyllia","massive",0.5,NA,3.2188758248682,2.484906649788,NA,NA,NA,NA,NA,NA,NA,NA,NA,NA,NA,NA,NA,NA,NA,"other"
"Euphyllia divisa","Euphyllia divisa","Euphyllia","massive","pacific",1,4,2,3,4,1,1,22,1,"spawner",100,NA,NA,100,"Euphyllia","massive",0.5,NA,3.09104245335832,4.60517018598809,NA,NA,NA,NA,NA,NA,NA,NA,NA,NA,NA,NA,NA,NA,NA,"other"
"Euphyllia glabrescens","Euphyllia glabrescens","Euphyllia","massive","pacific",1,4,1,3,4,1,1,19,1,"brooder",NA,NA,NA,NA,"Euphyllia","massive",0.5,NA,2.94443897916644,NA,NA,NA,NA,NA,NA,NA,NA,NA,NA,NA,NA,NA,NA,NA,NA,"other"
"Euphyllia paraancora","Euphyllia paraancora","Euphyllia","massive","pacific",1,5,1,3,4,1,1,30,1,"spawner",NA,NA,NA,NA,"Euphyllia","massive",0.5,NA,3.40119738166216,NA,NA,NA,NA,NA,NA,NA,NA,NA,NA,NA,NA,NA,NA,NA,NA,"other"
"Euphyllia paradivisa","Euphyllia paradivisa","Euphyllia","massive","pacific",1,5,1,3,4,1,1,45,1,NA,NA,NA,NA,NA,"Euphyllia","massive",0.5,NA,3.80666248977032,NA,NA,NA,NA,NA,NA,NA,NA,NA,NA,NA,NA,NA,NA,NA,NA,"other"
"Euphyllia yaeyamaensis","Euphyllia yaeyamaensis","Euphyllia","massive","pacific",1,5,1,3,4,1,1,25.2,1,NA,NA,NA,NA,NA,"Euphyllia","massive",0.5,NA,3.22684399451738,NA,NA,NA,NA,NA,NA,NA,NA,NA,NA,NA,NA,NA,NA,NA,NA,"other"
"Favites abdita","Favites abdita","Favites","massive","pacific",1,4,2,3,4,1,1,15,1,"spawner",100,0.8,0.8,100,"Favites","massive",0.5,-0.22314355131421,2.70805020110221,4.60517018598809,2.69282908426426,1.39983789682255,-1.02259233542952,0.24634208906586,0.206192016302303,-0.129196749370038,0.0101517191830039,0.0618378327992968,-0.206192016302303,-0.129196749370038,0.0101517191830039,0.0618378327992968,8,2,2,"other"
"Favites acuticollis","Favites acuticollis","Favites","massive","pacific",2,3,2,3,4,1,1,9.3,1,"spawner",NA,NA,6.4,94.1,"Favites","massive",0.5,1.85629799036563,2.23001440015921,4.54435804659133,1.52421848407548,1.1820963732073,-0.639846581418573,-0.2290317941952,0.158792066303685,-0.0987609027849381,0.0190008668427694,0.0315412054590526,-0.158792066303685,-0.0987609027849381,0.0190008668427694,0.0315412054590526,8,2,2,"other"
"Favites chinensis","Favites chinensis","Favites","massive","pacific",2,4,2,3,4,1,1,12.5,1,"spawner",NA,NA,6.4,94.1,"Favites","massive",0.5,1.85629799036563,2.52572864430826,4.54435804659133,1.60957581459626,1.23915114907042,-0.654252790612535,-0.202811579367049,0.163311184437214,-0.10142426916766,0.0183542758456085,0.0334117801118075,-0.163311184437214,-0.10142426916766,0.0183542758456085,0.0334117801118075,8,2,2,"other"
"Favites colemani","Favites colemani","Favites","encrusting","pacific",1,3,1,3,1,2,1,7.8,1,"spawner",40,NA,3.2,40,"Favites","encrusting",1,1.16315080980568,2.05412373369555,3.68887945411394,2.49717838392282,-0.778516843919252,0.289993543377316,0.975098616467208,0.225512874091107,0.0840754810388749,-0.0444293659951821,-0.0359739784720323,-0.225512874091107,0.0840754810388749,-0.0444293659951821,-0.0359739784720323,5,3,3,"other"
"Favites complanata","Favites complanata","Favites","massive","pacific",2,4,2,3,4,1,1,18.8,1,"spawner",NA,NA,6.4,94.1,"Favites","massive",0.5,1.85629799036563,2.9338568698359,4.54435804659133,1.72738121805754,1.31789495290003,-0.674135433100154,-0.166623908456705,0.169501514851851,-0.105132950834995,0.0172947259354594,0.0352871721625484,-0.169501514851851,-0.105132950834995,0.0172947259354594,0.0352871721625484,8,2,2,"other"
"Favites flexuosa","Favites flexuosa","Favites","massive","pacific",2,4,2,3,4,1,1,18.8,1,"spawner",NA,NA,6.4,94.1,"Favites","massive",0.5,1.85629799036563,2.9338568698359,4.54435804659133,1.72738121805754,1.31789495290003,-0.674135433100154,-0.166623908456705,0.169501514851851,-0.105132950834995,0.0172947259354594,0.0352871721625484,-0.169501514851851,-0.105132950834995,0.0172947259354594,0.0352871721625484,8,2,2,"other"
"Favites halicora","Favites halicora","Favites","massive","pacific",2,4,2,3,4,1,1,16.8,1,"spawner",NA,NA,6.4,94.1,"Favites","massive",0.5,1.85629799036563,2.82137888640921,4.54435804659133,1.69491467105271,1.2961935764499,-0.668655881840719,-0.176597039434456,0.16780198098171,-0.10408730698148,0.0176163722544152,0.0348457121142426,-0.16780198098171,-0.10408730698148,0.0176163722544152,0.0348457121142426,8,2,2,"other"
"Favites magnistellata","Favites magnistellata","Favites","massive","pacific",2,4,4,3,4,1,1,12.1,1,"spawner",200,NA,6.4,200,"Favites","massive",0.5,1.85629799036563,2.4932054526027,5.29831736654804,1.32548185514247,1.30655608507619,-1.44559863567838,-0.00710367768221833,0.159885737811612,-0.111639969141895,0.0141797889341566,0.0556652057290379,-0.159885737811612,-0.111639969141895,0.0141797889341566,0.0556652057290379,8,2,2,"other"
"Favites melicerum","Favites melicerum","Favites","submassive","pacific",2,3,2,3,3,1,1,8.1,1,"spawner",NA,NA,6.4,94.1,"Favites","massive",0.5,1.85629799036563,2.09186406167839,4.54435804659133,1.69252190734611,0.644147123795581,-0.607023723350824,0.147261912153267,0.173771504652594,-0.0270902196331016,-0.022953029543091,0.0105807423352918,-0.173771504652594,-0.0270902196331016,-0.022953029543091,0.0105807423352918,7,2,2,"other"
"Favites micropentagonus","Favites micropentagonus","Favites","submassive","pacific",2,2,1,2,3,1,1,5.2,1,"spawner",50,NA,6.4,50,"Favites","massive",0.5,1.85629799036563,1.64865862558738,3.91202300542815,1.5168734218396,1.00042314007628,0.417556038662826,0.732195046617451,0.145222963340997,-0.0485330726823091,-0.110592706426915,-0.0254444611356362,-0.145222963340997,-0.0485330726823091,-0.110592706426915,-0.0254444611356362,7,2,2,"other"
"Favites paraflexuosus","Favites paraflexuosus","Favites","massive","pacific",2,4,2,3,4,1,1,16.2,1,"spawner",60,NA,6.4,60,"Favites","massive",0.5,1.85629799036563,2.78501124223834,4.0943445622221,1.84838030797611,1.24519972386739,-0.19361021324161,-0.298354478049796,0.176626487025754,-0.106005865358885,0.0218597637809474,0.0240212107804118,-0.176626487025754,-0.106005865358885,0.0218597637809474,0.0240212107804118,8,2,2,"other"
"Favites pentagona","Favites pentagona","Favites","submassive","pacific",2,3,2,2,3,1,1,8.5,1,"spawner",100,NA,6.4,100,"Favites","massive",0.5,1.85629799036563,2.14006616349627,4.60517018598809,1.40616802299292,1.16297187985528,-0.335358538472927,0.958340709000208,0.139611297227996,-0.0504578755396971,-0.116345157729293,-0.00439156566104476,-0.139611297227996,-0.0504578755396971,-0.116345157729293,-0.00439156566104476,7,2,2,"other"
"Favites rotundata","Favites rotundata","Favites","massive","pacific",2,4,2,3,4,1,1,21.2,1,"spawner",NA,NA,6.4,94.1,"Favites","massive",0.5,1.85629799036563,3.05400118167797,4.54435804659133,1.76206063556617,1.341075462189,-0.679988462246052,-0.155971024027873,0.171312193789635,-0.10623044353851,0.0169497269093972,0.0357243450416443,-0.171312193789635,-0.10623044353851,0.0169497269093972,0.0357243450416443,8,2,2,"other"
"Favites stylifera","Favites stylifera","Favites","submassive","pacific",2,3,2,3,3,1,1,6.8,1,"spawner",NA,NA,6.4,94.1,"Favites","massive",0.5,1.85629799036563,1.91692261218206,4.54435804659133,1.64202540465171,0.61039411599271,-0.598501160883833,0.131750307694234,0.170861434877209,-0.0261716022618176,-0.0224077505666194,0.00911784456784568,-0.170861434877209,-0.0261716022618176,-0.0224077505666194,0.00911784456784568,7,2,2,"other"
"Favites valenciennesi","Favites valenciennesi","Favites","submassive","pacific",2,3,2,3,3,1,1,10,1,"spawner",NA,NA,6.4,94.1,"Favites","massive",0.5,1.85629799036563,2.30258509299405,4.54435804659133,1.75334611542391,0.684803404137967,-0.617289347407711,0.165945999305731,0.177221298365216,-0.0281940277572941,-0.0237093623267173,0.0123494798947091,-0.177221298365216,-0.0281940277572941,-0.0237093623267173,0.0123494798947091,7,2,2,"other"
"Favites vasta","Favites vasta","Favites","massive","pacific",2,4,2,3,4,1,1,17.5,1,"spawner",NA,NA,6.4,94.1,"Favites","massive",0.5,1.85629799036563,2.86220088092947,4.54435804659133,1.70669785886907,1.30406972646202,-0.670644592917068,-0.17297745908886,0.168419633321601,-0.104469121343008,0.017494922041247,0.0350093246087872,-0.168419633321601,-0.104469121343008,0.017494922041247,0.0350093246087872,8,2,2,"other"
"Fungia fungites","Fungia fungites","Fungia","solitary_free","pacific",2,5,1,4,1,1,1,158,1,"MIXED",28,2,6.5,28,"Fungiidae","massive",0.5,1.87180217690159,5.06259503302697,3.3322045101752,3.67828879951198,-0.428202589721301,0.239479667164455,0.0745800178237715,0.347843347557251,0.0762565414893706,0.0553511868340107,-0.0558722909220769,-0.347843347557251,0.0762565414893706,0.0553511868340107,-0.0558722909220769,5,1,1,"other"
"Galaxea acrhelia","Galaxea acrhelia","Galaxea","branching_closed","pacific",2,2,3,3,4,3,4,5.4,1,NA,125,NA,NA,125,"Galaxea","branching_closed",2.025,NA,1.68639895357023,4.8283137373023,NA,NA,NA,NA,NA,NA,NA,NA,NA,NA,NA,NA,NA,NA,NA,"other"
"Galaxea astreata","Galaxea astreata","Galaxea","submassive","pacific",1,2,3,3,3,1,1,3.7,1,"spawner",166.7,NA,NA,166.7,"Galaxea","massive",0.5,NA,1.30833281965018,5.11619578975675,NA,NA,NA,NA,NA,NA,NA,NA,NA,NA,NA,NA,NA,NA,NA,"other"
"Galaxea cryptoramosa","Galaxea cryptoramosa","Galaxea","branching_closed","pacific",2,2,1,3,4,3,4,4.6,1,NA,30,NA,NA,30,"Galaxea","branching_closed",2.025,NA,1.52605630349505,3.40119738166216,NA,NA,NA,NA,NA,NA,NA,NA,NA,NA,NA,NA,NA,NA,NA,"other"
"Galaxea fascicularis","Galaxea fascicularis","Galaxea","massive","pacific",1,3,5,3,4,1,1,10.7,1,"spawner",500,NA,NA,500,"Galaxea","massive",0.5,NA,2.37024374146786,6.21460809842219,NA,NA,NA,NA,NA,NA,NA,NA,NA,NA,NA,NA,NA,NA,NA,"other"
"Galaxea horrescens","Galaxea horrescens","Galaxea","branching_closed","pacific",1,2,4,3,4,3,4,2.9,1,"brooder",200,NA,NA,200,"Galaxea","branching_closed",2.025,NA,1.06471073699243,5.29831736654804,NA,NA,NA,NA,NA,NA,NA,NA,NA,NA,NA,NA,NA,NA,NA,"other"
"Galaxea longisepta","Galaxea longisepta","Galaxea","encrusting","pacific",1,3,1,3,1,2,1,7.6,1,NA,15,NA,NA,15,"Galaxea","encrusting",1,NA,2.02814824729229,2.70805020110221,NA,NA,NA,NA,NA,NA,NA,NA,NA,NA,NA,NA,NA,NA,NA,"other"
"Galaxea paucisepta","Galaxea paucisepta","Galaxea","encrusting","pacific",1,2,1,3,1,2,1,3.1,1,NA,NA,NA,NA,NA,"Galaxea","encrusting",1,NA,1.1314021114911,NA,NA,NA,NA,NA,NA,NA,NA,NA,NA,NA,NA,NA,NA,NA,NA,"other"
"Gardineroseris planulata","Gardineroseris planulata","Gardineroseris","massive","pacific",2,2,2,3,4,1,1,5,1,"spawner",NA,9.9,9.9,73,"Gardinoseris","massive",0.5,2.29253475714054,1.6094379124341,4.29045944114839,1.21673989033145,1.01246761767639,-0.280599901095674,-0.438407427334302,0.140359849533919,-0.0922340986024226,0.0252378267861654,0.0236217710367828,-0.140359849533919,-0.0922340986024226,0.0252378267861654,0.0236217710367828,8,2,2,"other"
"Goniastrea edwardsi","Goniastrea edwardsi","Goniastrea","massive","pacific",2,2,2,2,4,1,1,5,1,"spawner",100,9.9,9,100,"Goniastrea","massive",0.5,2.19722457733622,1.6094379124341,4.60517018598809,0.872218042612612,1.55228459835961,-0.287152877540084,0.454385499453919,0.103810261182397,-0.1153968192057,-0.0658324622936994,0.0144886551767079,-0.103810261182397,-0.1153968192057,-0.0658324622936994,0.0144886551767079,8,2,2,"other"
"Goniastrea favulus","Goniastrea favulus","Goniastrea","massive","pacific",1,3,2,3,4,1,1,7.5,1,"spawner",NA,4,4,73.6,"Goniastrea","massive",0.5,1.38629436111989,2.01490302054226,4.29864502573483,1.78960722309337,1.14360597687612,-0.437744082827321,-0.218580383995119,0.171260881743143,-0.101831431046644,0.0204728135033219,0.0267390997590086,-0.171260881743143,-0.101831431046644,0.0204728135033219,0.0267390997590086,8,2,2,"other"
"Goniastrea minuta","Goniastrea minuta","Goniastrea","submassive","pacific",2,2,2,2,3,1,1,5.9,1,"spawner",NA,NA,6.4,94.1,"Goniastrea","massive",0.5,1.85629799036563,1.77495235091167,4.54435804659133,1.32293563842183,1.08658442299052,-0.253615993148926,0.909949196677032,0.134924298322942,-0.0477573402357794,-0.112524223044892,-0.00876288680808367,-0.134924298322942,-0.0477573402357794,-0.112524223044892,-0.00876288680808367,7,2,2,"other"
"Goniastrea pectinata","Goniastrea pectinata","Goniastrea","submassive","pacific",2,4,2,3,3,1,1,15,1,"spawner",NA,NA,6.4,94.1,"Goniastrea","massive",0.5,1.85629799036563,2.70805020110221,4.54435804659133,1.87038281531987,0.763033389068174,-0.63704225171933,0.201897538503677,0.183646633599393,-0.0303115788740658,-0.0253110930486823,0.0149279251477497,-0.183646633599393,-0.0303115788740658,-0.0253110930486823,0.0149279251477497,7,2,2,"other"
"Goniastrea ramosa","Goniastrea ramosa","Goniastrea","encrusting_long_uprights","pacific",3,3,1,3,2,3,2,7.4,1,"spawner",30,NA,12.6,30,"Goniastrea","encrusting",1,2.53369681395743,2.00148000021012,3.40119738166216,1.12660298659408,-0.742071628799698,0.928503154321024,0.263045113809817,0.0675651023265668,0.106133826506143,-0.0112817315025461,-0.0138205968793245,-0.0675651023265668,0.106133826506143,-0.0112817315025461,-0.0138205968793245,9,6,6,"other"
"Goniastrea retiformis","Goniastrea retiformis","Goniastrea","massive","pacific",2,3,2,3,4,1,1,6.5,1,"spawner",100,7.3,7.6,100,"Goniastrea","massive",0.5,2.02814824729229,1.87180217690159,4.60517018598809,1.31165957617002,1.10904479453564,-0.661930073274816,-0.279235159323021,0.146765879887651,-0.0950171791544448,0.0195393275719997,0.0313367725657269,-0.146765879887651,-0.0950171791544448,0.0195393275719997,0.0313367725657269,8,2,2,"other"
"Goniastrea stelligera","Goniastrea stelligera","Goniastrea","massive","pacific",2,2,3,2,4,1,1,5.1,1,"spawner",NA,10,10,119.5,"Goniastrea","massive",0.5,2.30258509299405,1.62924053973028,4.78331637137157,0.759684086324751,1.567456267972,-0.460499463493216,0.481937856757399,0.0989970917771031,-0.117608775023793,-0.0660094385166893,0.0212856788649093,-0.0989970917771031,-0.117608775023793,-0.0660094385166893,0.0212856788649093,8,2,2,"other"
"Goniopora albiconus","Goniopora albiconus","Goniopora","encrusting","pacific",1,2,2,3,1,2,1,3.2,1,"spawner",100,NA,3.6,100,"Goniopora","encrusting",1,1.28093384546206,1.16315080980568,4.60517018598809,1.84651750510844,-0.867649040000599,-0.613515835551761,1.11382996665211,0.186399867824681,0.0850523184712737,-0.046767114568156,-0.0230286044511732,-0.186399867824681,0.0850523184712737,-0.046767114568156,-0.0230286044511732,5,3,3,"other"
"Goniopora burgosi","Goniopora burgosi","Goniopora","submassive","pacific",2,1,2,2,3,1,1,1.7,1,"spawner",NA,NA,7.4,58,"Goniopora","massive",0.5,2.00148000021012,0.53062825106217,4.06044301054642,1.06657610306274,0.790867900870977,0.336562441386348,0.643043865633269,0.117941497770649,-0.0418529092698561,-0.104947942976766,-0.0261308997000594,-0.117941497770649,-0.0418529092698561,-0.104947942976766,-0.0261308997000594,7,2,2,"other"
"Goniopora columna","Goniopora columna","Goniopora","columnar","pacific",3,2,2,2,5,1,5,3.7,1,"spawner",NA,NA,14.6,83.3,"Goniopora","columnar",0.9,2.68102152871429,1.30833281965018,4.4224485491728,-0.780043867241213,1.92490897169277,0.454040736565228,-0.5407314857,-0.085454584124261,-0.216836168679204,0.00201682629357421,-0.130753485320295,0.085454584124261,-0.216836168679204,0.00201682629357421,-0.130753485320295,6,9,9,"other"
"Goniopora djiboutiensis","Goniopora djiboutiensis","Goniopora","columnar","pacific",3,2,2,2,5,1,5,4.7,1,"spawner",NA,NA,14.6,83.3,"Goniopora","columnar",0.9,2.68102152871429,1.54756250871601,4.4224485491728,-0.710990691602894,1.97106568060862,0.442386266027272,-0.519519609827642,-0.0820447866354347,-0.220566563063345,0.00233790094396076,-0.130970773727978,0.0820447866354347,-0.220566563063345,0.00233790094396076,-0.130970773727978,6,9,9,"other"
"Goniopora eclipsensis","Goniopora eclipsensis","Goniopora","columnar","pacific",3,2,2,2,5,1,5,3.1,1,"spawner",NA,NA,14.6,83.3,"Goniopora","columnar",0.9,2.68102152871429,1.1314021114911,4.4224485491728,-0.831114565506255,1.89077215854612,0.462660209062775,-0.55641947256373,-0.0882885130978687,-0.214625164723844,0.0016829726625735,-0.130659955836664,0.0882885130978687,-0.214625164723844,0.0016829726625735,-0.130659955836664,6,9,9,"other"
"Goniopora fruticosa","Goniopora fruticosa","Goniopora","encrusting","pacific",1,2,1,3,1,2,1,3.7,1,"spawner",NA,NA,3.6,39.7,"Goniopora","encrusting",1,1.28093384546206,1.30833281965018,3.68135118769314,2.22501883671715,-0.92991707754652,0.350981100880012,0.8833704693106,0.208096975240657,0.0857333828320737,-0.0426693077258362,-0.0439749578677554,-0.208096975240657,0.0857333828320737,-0.0426693077258362,-0.0439749578677554,5,3,3,"other"
"Goniopora lobata","Goniopora lobata","Goniopora","columnar","pacific",3,2,2,2,5,1,5,4.6,1,"spawner",NA,NA,14.6,83.3,"Goniopora","columnar",0.9,2.68102152871429,1.52605630349505,4.4224485491728,-0.717198415118465,1.96691629740227,0.443433976435247,-0.521426509248922,-0.082331809836511,-0.220196832157317,0.002336896008871,-0.130919449976674,0.082331809836511,-0.220196832157317,0.002336896008871,-0.130919449976674,6,9,9,"other"
"Goniopora minor","Goniopora minor","Goniopora","encrusting","pacific",1,2,1,3,1,2,1,2.5,1,"spawner",NA,NA,3.6,39.7,"Goniopora","encrusting",1,1.28093384546206,0.916290731874155,3.68135118769314,2.11185666503803,-1.00555723993145,0.370080080523659,0.848609114500843,0.199811883259408,0.0882839692151224,-0.0429146808591924,-0.0456104914730865,-0.199811883259408,0.0882839692151224,-0.0429146808591924,-0.0456104914730865,5,3,3,"other"
"Goniopora norfolkensis","Goniopora norfolkensis","Goniopora","encrusting","pacific",1,2,1,3,1,2,1,2.4,1,"spawner",NA,NA,3.6,39.7,"Goniopora","encrusting",1,1.28093384546206,0.8754687373539,3.68135118769314,2.10007347722166,-1.01343338994357,0.372068791600009,0.844989534155247,0.19893395978211,0.0885488830425096,-0.0429824538790268,-0.0457772951659671,-0.19893395978211,0.0885488830425096,-0.0429824538790268,-0.0457772951659671,5,3,3,"other"
"Goniopora paliformis","Goniopora paliformis","Goniopora","massive","pacific",2,2,2,2,4,1,1,2.7,1,"spawner",NA,NA,7.4,58,"Goniopora","massive",0.5,2.00148000021012,0.993251773010283,4.06044301054642,0.991931221152028,1.39142064376538,0.287932334762439,0.295520354650158,0.109741077113757,-0.114246925564616,-0.0635944509684103,-0.0045765288750571,-0.109741077113757,-0.114246925564616,-0.0635944509684103,-0.0045765288750571,8,2,2,"other"
"Goniopora palmensis","Goniopora palmensis","Goniopora","submassive","pacific",2,2,2,2,3,1,1,2.4,1,"spawner",NA,NA,7.4,58,"Goniopora","massive",0.5,2.00148000021012,0.8754687373539,4.06044301054642,1.16611362601857,0.857401039004113,0.31976296593882,0.67361997689917,0.124304869171462,-0.042968835621874,-0.104714923371877,-0.025424120994482,-0.124304869171462,-0.042968835621874,-0.104714923371877,-0.025424120994482,7,2,2,"other"
"Goniopora pandoraensis","Goniopora pandoraensis","Goniopora","columnar","pacific",3,2,2,2,5,1,5,2.7,1,"spawner",NA,NA,14.6,83.3,"Goniopora","columnar",0.9,2.68102152871429,0.993251773010283,4.4224485491728,-0.870991386919436,1.86411758659569,0.469390431619684,-0.568668904659814,-0.0906892265034717,-0.213180792580505,0.00145792555414154,-0.130567463232425,0.0906892265034717,-0.213180792580505,0.00145792555414154,-0.130567463232425,6,9,9,"other"
"Goniopora pendulus","Goniopora pendulus","Goniopora","massive","pacific",2,2,2,2,4,1,1,5.6,1,"spawner",NA,NA,7.4,58,"Goniopora","massive",0.5,2.00148000021012,1.7227665977411,4.06044301054642,1.20250422954244,1.5321724189584,0.252392811783385,0.360204541506987,0.121911898391395,-0.120081045663201,-0.0656636870377882,-0.00100347766716225,-0.121911898391395,-0.120081045663201,-0.0656636870377882,-0.00100347766716225,8,2,2,"other"
"Goniopora planulata","Goniopora planulata","Goniopora","columnar","pacific",3,2,2,2,5,1,5,3.1,1,"spawner",NA,NA,14.6,83.3,"Goniopora","columnar",0.9,2.68102152871429,1.1314021114911,4.4224485491728,-0.831114565506255,1.89077215854612,0.462660209062775,-0.55641947256373,-0.0882885130978688,-0.214625164723844,0.00168297266257351,-0.130659955836664,0.0882885130978688,-0.214625164723844,0.00168297266257351,-0.130659955836664,6,9,9,"other"
"Goniopora somaliensis","Goniopora somaliensis","Goniopora","encrusting","pacific",1,2,4,3,1,2,1,3.1,1,"spawner",200,NA,3.6,200,"Goniopora","encrusting",1,1.28093384546206,1.1314021114911,5.29831736654804,1.5848040954781,-0.80603747991349,-1.34094399013844,1.2935887228446,0.182995359255455,0.0836370737070649,-0.0508629449743059,-0.00455762993637352,-0.182995359255455,0.0836370737070649,-0.0508629449743059,-0.00455762993637352,5,3,3,"other"
"Goniopora stokesi","Goniopora stokesi","Goniopora","columnar","pacific",3,2,1,2,5,1,5,4.7,1,"spawner",10,NA,14.6,10,"Goniopora","columnar",0.9,2.68102152871429,1.54756250871601,2.30258509299405,0.0613847256803826,1.76390413383736,2.67182205939307,-1.07788816854235,-0.0649521729492794,-0.246542765162885,0.00294283934408403,-0.211644178695753,0.0649521729492794,-0.246542765162885,0.00294283934408403,-0.211644178695753,6,9,9,"other"
"Goniopora tenella","Goniopora tenella","Goniopora","encrusting","pacific",1,2,1,3,1,2,1,2.9,1,"spawner",NA,NA,3.6,39.7,"Goniopora","encrusting",1,1.28093384546206,1.06471073699243,3.68135118769314,2.15469780537346,-0.976921249974342,0.362849554146901,0.861769131294065,0.202960923235064,0.0872268909078527,-0.0428200827558591,-0.0451797000689427,-0.202960923235064,0.0872268909078527,-0.0428200827558591,-0.0451797000689427,5,3,3,"other"
"Goniopora tenuidens","Goniopora tenuidens","Goniopora","massive","pacific",2,2,2,2,4,1,1,3.7,1,"spawner",NA,NA,7.4,58,"Goniopora","massive",0.5,2.00148000021012,1.30833281965018,4.06044301054642,1.08287874083025,1.45221202886246,0.272582639707983,0.323457773609972,0.115176113505056,-0.116336032150381,-0.0639136848492735,-0.00359683478116465,-0.115176113505056,-0.116336032150381,-0.0639136848492735,-0.00359683478116465,8,2,2,"other"
"Halomitra clavator","Halomitra clavator","Halomitra","massive","pacific",2,2,1,3,4,1,1,5.3,1,"spawner",NA,NA,6.5,24.2,"Halomitra","massive",0.5,1.87180217690159,1.66770682055808,3.18635263316264,1.84885132860854,0.940004165114227,0.81794894042592,-0.639695449167155,0.177533867327795,-0.103511782603589,0.0229515939133181,0.0051317321092222,-0.177533867327795,-0.103511782603589,0.0229515939133181,0.0051317321092222,8,2,2,"other"
"Halomitra pileus","Halomitra pileus","Halomitra","massive","pacific",2,2,2,3,4,1,1,4.8,1,"spawner",60,NA,6.5,60,"Halomitra","massive",0.5,1.87180217690159,1.56861591791385,4.0943445622221,1.48942072007005,1.00961828479408,-0.132148255610326,-0.409317997016095,0.156666489369635,-0.095358764841022,0.0236400401908226,0.0160105436208755,-0.156666489369635,-0.095358764841022,0.0236400401908226,0.0160105436208755,8,2,2,"other"
"Heliofungia actiniformis","Heliofungia actiniformis","Heliofungia","massive","pacific",2,5,1,3,4,1,1,142,1,"MIXED",20,5.8,5.8,20,"Fungiidae","massive",0.5,1.75785791755237,4.95582705760126,2.99573227355399,2.92510144161318,1.56233397242082,0.842043724173313,-0.375507331867601,0.236097879029426,-0.137247996217229,0.0166552801375491,0.0173889305754095,-0.236097879029426,-0.137247996217229,0.0166552801375491,0.0173889305754095,8,2,2,"other"
"Heliofungia fralinae","Heliofungia fralinae","Heliofungia","massive","pacific",2,5,1,3,4,1,1,90,1,NA,NA,NA,6.5,24.2,"Fungiidae","massive",0.5,1.87180217690159,4.49980967033027,3.18635263316264,2.66633220347305,1.48642692462668,0.679978359299396,-0.388580237080798,0.222156315036807,-0.129702718155524,0.0179645019325033,0.0165981068749076,-0.222156315036807,-0.129702718155524,0.0179645019325033,0.0165981068749076,8,2,2,"other"
"Homophyllia australis","Homophyllia australis","Homophyllia","solitary_attached","pacific",1,5,1,4,1,1,1,75,1,"spawner",4.3,NA,NA,4.3,"Homophyllia","massive",0.5,NA,4.31748811353631,1.45861502269952,NA,NA,NA,NA,NA,NA,NA,NA,NA,NA,NA,NA,NA,NA,NA,"other"
"Homophyllia bowerbanki","Homophyllia bowerbanki","Homophyllia","massive","pacific",1,5,3,4,4,1,1,25,1,"spawner",175,NA,NA,175,"Homophyllia","massive",0.5,NA,3.2188758248682,5.16478597392351,NA,NA,NA,NA,NA,NA,NA,NA,NA,NA,NA,NA,NA,NA,NA,"other"
"Hydnophora exesa","Hydnophora exesa","Hydnophora","submassive","pacific",2,2,2,3,3,1,1,4.5,1,"spawner",100,NA,6.4,100,"Hydnophora","massive",0.5,1.85629799036563,1.50407739677627,4.60517018598809,1.50070145756927,0.536683027214497,-0.642344143629063,0.111162211341116,0.1628035340881,-0.0241317252047236,-0.0222956672240177,0.00687285018258206,-0.1628035340881,-0.0241317252047236,-0.0222956672240177,0.00687285018258206,7,2,2,"other"
"Hydnophora grandis","Hydnophora grandis","Hydnophora","encrusting_long_uprights","pacific",3,2,3,3,2,3,2,4.7,1,"spawner",NA,NA,12.6,135.4,"Hydnophora","encrusting",1,2.53369681395743,1.54756250871601,4.90823336047817,0.446489791900945,-0.682376371071476,-0.634315751263036,0.619748233426443,0.0382806068170894,0.0974784076073615,-0.015530798870558,0.0159557935197816,-0.0382806068170894,0.0974784076073615,-0.015530798870558,0.0159557935197816,9,6,6,"other"
"Hydnophora microconos","Hydnophora microconos","Hydnophora","massive","pacific",2,3,3,2,4,1,1,7.2,1,"spawner",NA,8.9,9.8,118,"Hydnophora","massive",0.5,2.28238238567653,1.97408102602201,4.77068462446567,0.874052269141713,1.6339166284837,-0.466885212066619,0.513237835930605,0.104955448353217,-0.120884262793056,-0.0681261525794594,0.0230885430458952,-0.104955448353217,-0.120884262793056,-0.0681261525794594,0.0230885430458952,8,2,2,"other"
"Hydnophora pilosa","Hydnophora pilosa","Hydnophora","columnar","pacific",3,3,3,3,5,1,5,8,1,"spawner",NA,NA,12.6,135.4,"Hydnophora","columnar",0.9,2.53369681395743,2.07944154167984,4.90823336047817,-0.381763123993363,1.62604788352713,-0.453323991466968,-1.10564980703258,-0.0384186683136936,-0.204441575476187,0.10120034572776,-0.108307812044795,0.0384186683136936,-0.204441575476187,0.10120034572776,-0.108307812044795,6,9,9,"other"
"Hydnophora rigida","Hydnophora rigida","Hydnophora","branching_closed","pacific",5,3,4,2,4,3,4,6.7,1,"spawner",NA,71,71,341.8,"Hydnophora","branching_closed",2.025,4.26267987704132,1.90210752639692,5.83422577068149,-1.94778455332512,0.885825768146966,-0.848110002345624,0.344726537313846,-0.15727430131053,-0.0934554046451809,-0.0301859853518008,0.0637426251671539,0.15727430131053,-0.0934554046451809,-0.0301859853518008,0.0637426251671539,4,4,4,"other"
"Indophyllia macassarensis","Indophyllia macassarensis","Indophyllia","massive","pacific",1,5,1,4,4,1,1,45,1,"spawner",4.5,NA,NA,4.5,"Other.Lobophyllidae","massive",0.5,NA,3.80666248977032,1.50407739677627,NA,NA,NA,NA,NA,NA,NA,NA,NA,NA,NA,NA,NA,NA,NA,"other"
"Isopora brueggemanni","Isopora brueggemanni","Isopora","branching_open","pacific",5,1,3,2,5,4,5,1.6,1,"brooder",NA,74.8,74.8,167.1,"Isopora","branching_open",2.025,4.31481788498043,0.470003629245736,5.11859243560135,-2.89312767382852,0.690106281168295,0.120319409358573,-0.337994448140578,-0.285944946688985,-0.0723343451909895,0.0164231600405062,-0.00463230542783138,0.285944946688985,-0.0723343451909895,0.0164231600405062,-0.00463230542783138,1,8,8,"other"
"Isopora crateriformis","Isopora crateriformis","Isopora","encrusting","pacific",2,1,2,4,1,2,1,0.8,1,"brooder",86.7,NA,6.3,86.7,"Isopora","encrusting",1,1.84054963339749,-0.22314355131421,4.4624538837865,1.49315229921605,-1.68482549956443,-0.654330976989823,0.0503183525682315,0.17954293771079,0.127320611357917,0.0306704398833698,-0.0165646136860436,-0.17954293771079,0.127320611357917,0.0306704398833698,-0.0165646136860436,5,3,3,"other"
"Isopora cuneata","Isopora cuneata","Isopora","encrusting","pacific",2,1,1,4,1,2,1,1,1,"brooder",20,NA,6.3,20,"Isopora","encrusting",1,1.84054963339749,0,2.99573227355399,2.09196445300691,-1.78510634191324,0.877332309776161,-0.316228155017537,0.209083570729904,0.132771200650184,0.0365646211190575,-0.0453757846692022,-0.209083570729904,0.132771200650184,0.0365646211190575,-0.0453757846692022,5,3,3,"other"
"Isopora elizabethensis","Isopora elizabethensis","Isopora","branching_open","pacific",5,1,3,2,5,4,5,1.2,1,"brooder",NA,NA,58.7,146.7,"Isopora","branching_open",2.025,4.07243972683405,0.182321556793955,4.98838968514894,-2.80601530532942,0.635813932682701,0.236823543207836,-0.349195964345989,-0.283114346524141,-0.0671173740486199,0.0172453534057635,-0.00887611332396096,0.283114346524141,-0.0671173740486199,0.0172453534057635,-0.00887611332396096,1,8,8,"other"
"Isopora palifera","Isopora palifera","Isopora","branching_open","pacific",5,1,3,3,5,4,5,1.4,1,"brooder",NA,NA,58.7,146.7,"Isopora","branching_open",2.025,4.07243972683405,0.336472236621213,4.98838968514894,-2.48340968542252,0.161973702032013,-0.108655013791445,-1.12631484721621,-0.239127584346063,-0.0452853426817292,0.11058130486717,-0.00793754016531168,0.239127584346063,-0.0452853426817292,0.11058130486717,-0.00793754016531168,1,8,8,"other"
"Leptastrea aequalis","Leptastrea aequalis","Leptastrea","encrusting","pacific",1,2,1,3,1,2,1,2.8,1,NA,20,NA,3.2,20,"Leptastrea","encrusting",1,1.16315080980568,1.02961941718116,2.99573227355399,2.45400645412767,-1.04392068053072,1.06887881304876,0.701684645790901,0.218554191328979,0.0905760344465337,-0.0455334268161805,-0.0558696894575564,-0.218554191328979,0.0905760344465337,-0.0455334268161805,-0.0558696894575564,5,3,3,"other"
"Leptastrea bewickensis","Leptastrea bewickensis","Leptastrea","encrusting","pacific",1,2,2,3,1,2,1,4.2,1,NA,100,NA,3.2,100,"Leptastrea","encrusting",1,1.16315080980568,1.43508452528932,4.60517018598809,1.9846420461671,-0.808409977165394,-0.643501264358466,1.16155949235438,0.19422298242778,0.0845178603599104,-0.0475118167042587,-0.0208512753402962,-0.19422298242778,0.0845178603599104,-0.0475118167042587,-0.0208512753402962,5,3,3,"other"
"Leptastrea bottae","Leptastrea bottae","Leptastrea","encrusting","pacific",1,2,1,3,1,2,1,3.5,1,"spawner",NA,NA,3.2,16.5,"Leptastrea","encrusting",1,1.16315080980568,1.25276296849537,2.80336038090653,2.58850738446888,-1.01966696483856,1.26032329215105,0.670799764444543,0.226988908886581,0.0896927635443359,-0.0461590381976663,-0.0568728364098473,-0.226988908886581,0.0896927635443359,-0.0461590381976663,-0.0568728364098473,5,3,3,"other"
"Leptastrea inaequalis","Leptastrea inaequalis","Leptastrea","massive","pacific",2,2,1,2,4,1,1,4.1,1,NA,NA,NA,6.5,24.2,"Leptastrea","massive",0.5,1.87180217690159,1.41098697371026,3.18635263316264,1.49663932191493,1.39405481528101,1.16842432428148,0.128328891768627,0.137913614073682,-0.125925123690587,-0.0717113578718737,-0.0185239987952925,-0.137913614073682,-0.125925123690587,-0.0717113578718737,-0.0185239987952925,8,2,2,"other"
"Leptastrea pruinosa","Leptastrea pruinosa","Leptastrea","encrusting","pacific",1,2,1,3,1,2,1,3.6,1,NA,NA,NA,3.2,16.5,"Leptastrea","encrusting",1,1.16315080980568,1.28093384546206,2.80336038090653,2.59663885227567,-1.01423170731206,1.25895090122032,0.673297603018703,0.227605503037333,0.0895067241678093,-0.0461359168363016,-0.0566971781628967,-0.227605503037333,0.0895067241678093,-0.0461359168363016,-0.0566971781628967,5,3,3,"other"
"Leptastrea purpurea","Leptastrea purpurea","Leptastrea","encrusting","pacific",1,3,2,3,1,2,1,10,1,"spawner",100,1.8,1.8,100,"Leptastrea","encrusting",1,0.587786664902119,2.30258509299405,4.60517018598809,2.52634078861852,-0.60795218766952,-0.76752593956138,1.35385060546092,0.221853707923136,0.0859898145948478,-0.0533756531904254,-0.00890561161277049,-0.221853707923136,0.0859898145948478,-0.0533756531904254,-0.00890561161277049,5,3,3,"other"
"Leptastrea transversa","Leptastrea transversa","Leptastrea","encrusting","pacific",1,3,1,4,1,2,1,9.2,1,NA,NA,NA,3.2,16.5,"Leptastrea","encrusting",1,1.16315080980568,2.21920348405499,2.80336038090653,3.1455788556465,-1.33678490215852,0.87527269041188,-0.0342954860946904,0.27451323439863,0.125695820135358,0.042318847288016,-0.0260109539133404,-0.27451323439863,0.125695820135358,0.042318847288016,-0.0260109539133404,5,3,3,"other"
"Leptoria irregularis","Leptoria irregularis","Leptoria","encrusting","pacific",1,3,3,3,1,2,1,6.3,1,"spawner",150,NA,3.2,150,"Leptoria","encrusting",1,1.16315080980568,1.84054963339749,5.01063529409626,1.95394692816882,-0.690556318025116,-1.08967711697013,1.30430987624375,0.198187417776884,0.0804925641889044,-0.0509559319057296,-0.00372671283166654,-0.198187417776884,0.0804925641889044,-0.0509559319057296,-0.00372671283166654,5,3,3,"other"
"Leptoria phrygia","Leptoria phrygia","Leptoria","massive","pacific",2,2,2,3,4,1,1,3.5,1,"spawner",NA,NA,6.4,94.1,"Leptoria","massive",0.5,1.85629799036563,1.25276296849537,4.54435804659133,1.24213679506358,0.993546573869964,-0.592238159307691,-0.315682143261337,0.142843064073723,-0.0910657418418887,0.0199162517250043,0.0247788318051202,-0.142843064073723,-0.0910657418418887,0.0199162517250043,0.0247788318051202,8,2,2,"other"
"Leptoseris amitoriensis","Leptoseris amitoriensis","Leptoseris","laminar","pacific",3,2,2,5,2,4,2,3.7,1,"spawner",NA,NA,12.5,82.7,"Leptoseris","laminar",2.176,2.52572864430826,1.30833281965018,4.41521960202965,0.853888637740756,-2.13246589040193,-0.739437281878356,-0.97086046121271,0.0234301691117988,0.201166915957446,0.0730509837305544,0.0327251054026741,-0.0234301691117988,0.201166915957446,0.0730509837305544,0.0327251054026741,9,6,6,"other"
"Leptoseris explanata","Leptoseris explanata","Leptoseris","laminar","pacific",3,2,2,5,2,4,2,4,1,"spawner",NA,NA,12.5,82.7,"Leptoseris","laminar",2.176,2.52572864430826,1.38629436111989,4.41521960202965,0.876392082180131,-2.11742407769758,-0.743235307498421,-0.963947813593884,0.0249096435523203,0.200862397695448,0.0731944756481062,0.0334847580898966,-0.0249096435523203,0.200862397695448,0.0731944756481062,0.0334847580898966,9,6,6,"other"
"Leptoseris foliosa","Leptoseris foliosa","Leptoseris","laminar","pacific",3,1,2,5,2,4,2,1.4,1,"spawner",NA,NA,12.5,82.7,"Leptoseris","laminar",2.176,2.52572864430826,0.336472236621213,4.41521960202965,0.573363006503613,-2.31997558542688,-0.692091483887561,-1.0570328177164,0.0031475298325554,0.208955695967421,0.072772395348158,0.0320702018046053,-0.0031475298325554,0.208955695967421,0.072772395348158,0.0320702018046053,9,6,6,"other"
"Leptoseris gardineri","Leptoseris gardineri","Leptoseris","laminar","pacific",3,2,5,5,2,4,2,2.5,1,"spawner",866.7,NA,12.5,866.7,"Leptoseris","laminar",2.176,2.52572864430826,0.916290731874155,6.7646928961403,-0.115307638703657,-1.9785061130893,-3.19125209726249,-0.386774402455544,-0.000400521145696007,0.228831115639533,0.0812047028781198,0.0997838067335107,0.000400521145696007,0.228831115639533,0.0812047028781198,0.0997838067335107,9,6,6,"other"
"Leptoseris hawaiiensis","Leptoseris hawaiiensis","Leptoseris","encrusting","pacific",1,2,1,4,1,2,1,3.2,1,"spawner",NA,NA,3.1,39.5,"Leptoseris","encrusting",1,1.1314021114911,1.16315080980568,3.67630067190708,2.53876803462329,-1.45340576696414,0.00414717864754682,0.108364357365461,0.232785138290864,0.124683859333921,0.038938377588019,-0.0248181313432467,-0.232785138290864,0.124683859333921,0.038938377588019,-0.0248181313432467,5,3,3,"other"
"Leptoseris mycetoseroides","Leptoseris mycetoseroides","Leptoseris","laminar","pacific",3,2,3,5,2,4,2,4.4,1,"spawner",133.3,NA,12.5,133.3,"Leptoseris","laminar",2.176,2.52572864430826,1.48160454092422,4.89260222718466,0.729968104019604,-2.05238329609858,-1.24993626706067,-0.829755106454709,0.0173785398388368,0.20038518341507,0.071761375805036,0.0531168051801799,-0.0173785398388368,0.20038518341507,0.071761375805036,0.0531168051801799,9,6,6,"other"
"Leptoseris papyracea","Leptoseris papyracea","Leptoseris","laminar","pacific",3,2,2,5,2,4,2,4.4,1,"spawner",NA,NA,12.5,82.7,"Leptoseris","laminar",2.176,2.52572864430826,1.48160454092422,4.41521960202965,0.903903176692889,-2.09903503809667,-0.747878500769433,-0.955496907223207,0.0266651712910568,0.200581705571993,0.0733222991892972,0.0345432068308976,-0.0266651712910568,0.200581705571993,0.0733222991892972,0.0345432068308976,9,6,6,"other"
"Leptoseris scabra","Leptoseris scabra","Leptoseris","encrusting","pacific",1,3,1,4,1,2,1,6.3,1,"spawner",NA,NA,3.1,39.5,"Leptoseris","encrusting",1,1.1314021114911,1.84054963339749,3.67630067190708,2.73429786256953,-1.32270919480141,-0.0288534270165103,0.16842755361096,0.247933903484672,0.12178157148646,0.0401192746961876,-0.0177529723265538,-0.247933903484672,0.12178157148646,0.0401192746961876,-0.0177529723265538,5,3,3,"other"
"Leptoseris solida","Leptoseris solida","Leptoseris","encrusting","pacific",1,2,1,4,1,2,1,3.8,1,"spawner",NA,NA,3.1,39.5,"Leptoseris","encrusting",1,1.1314021114911,1.33500106673234,3.67630067190708,2.58837227070864,-1.42024917040186,-0.00422479125348291,0.123601873799126,0.2367270083172,0.123598764757401,0.0393853136691242,-0.0236631282126531,-0.2367270083172,0.123598764757401,0.0393853136691242,-0.0236631282126531,5,3,3,"other"
"Leptoseris striata","Leptoseris striata","Leptoseris","encrusting","pacific",1,2,1,5,1,2,1,4,1,"spawner",7.5,NA,3.1,7.5,"Leptoseris","encrusting",1,1.1314021114911,1.38629436111989,2.01490302054226,3.48662102651588,-2.07629302229301,1.40258014711661,-1.10024652399379,0.298882878844957,0.167914665507372,0.0821255840517959,-0.0255240880459376,-0.298882878844957,0.167914665507372,0.0821255840517959,-0.0255240880459376,5,3,3,"other"
"Leptoseris tubulifera","Leptoseris tubulifera","Leptoseris","encrusting","pacific",1,2,1,4,1,2,1,2.5,1,"spawner",NA,NA,3.1,39.5,"Leptoseris","encrusting",1,1.1314021114911,0.916290731874155,3.67630067190708,2.46751236236095,-1.50103467458226,0.0161733762172754,0.0864759147086496,0.227053010158528,0.126590743857916,0.0383329623825054,-0.0257114830794631,-0.227053010158528,0.126590743857916,0.0383329623825054,-0.0257114830794631,5,3,3,"other"
"Leptoseris yabei","Leptoseris yabei","Leptoseris","laminar","pacific",3,2,2,5,2,4,2,3.7,1,"spawner",100,NA,12.5,100,"Leptoseris","laminar",2.176,2.52572864430826,1.30833281965018,4.60517018598809,0.784679858693934,-2.11390315860511,-0.939206106428528,-0.920827788833385,0.0196092249200808,0.200633418784292,0.0709882043616963,0.0400564244922131,-0.0196092249200808,0.200633418784292,0.0709882043616963,0.0400564244922131,9,6,6,"other"
"Lithophyllon concinna","Lithophyllon concinna","Lithophyllon","massive","pacific",2,5,1,3,4,1,1,160,1,"spawner",16,NA,6.5,16,"Fungiidae","massive",0.5,1.87180217690159,5.07517381523383,2.77258872223978,2.98316542272844,1.55700237343018,1.08709924491018,-0.446548926822414,0.238815124635865,-0.140528581694526,0.0164763686832268,0.0168508495796273,-0.238815124635865,-0.140528581694526,0.0164763686832268,0.0168508495796273,8,2,2,"other"
"Lithophyllon repanda","Lithophyllon repanda","Lithophyllon","massive","pacific",2,5,1,3,4,1,1,150,1,"spawner",30,NA,6.5,30,"Fungiidae","massive",0.5,1.87180217690159,5.01063529409626,3.40119738166216,2.73550200231928,1.6059805389824,0.429142914487246,-0.286696899802648,0.224763564425738,-0.13234840227749,0.0172857091107255,0.0208276170420432,-0.224763564425738,-0.13234840227749,0.0172857091107255,0.0208276170420432,8,2,2,"other"
"Lithophyllon scabra","Lithophyllon scabra","Lithophyllon","massive","pacific",2,5,1,3,4,1,1,78,1,"spawner",NA,NA,6.5,24.2,"Fungiidae","massive",0.5,1.87180217690159,4.35670882668959,3.18635263316264,2.6250264285565,1.45881720774193,0.686949753914669,-0.401268617625825,0.220074340792087,-0.128296218046604,0.0182372512197642,0.0160559954791648,-0.220074340792087,-0.128296218046604,0.0182372512197642,0.0160559954791648,8,2,2,"other"
"Lithophyllon spinifer","Lithophyllon spinifer","Lithophyllon","massive","pacific",2,5,1,3,4,1,1,118,1,"spawner",12.5,NA,6.5,12.5,"Fungiidae","massive",0.5,1.87180217690159,4.77068462446567,2.52572864430826,2.98521905945374,1.47413041370616,1.36155281902295,-0.538569733186894,0.239020110833602,-0.140907908017018,0.0166612999245939,0.0153894334539572,-0.239020110833602,-0.140907908017018,0.0166612999245939,0.0153894334539572,8,2,2,"other"
"Lithophyllon undulatum","Lithophyllon undulatum","Lithophyllon","encrusting","pacific",1,2,1,4,1,2,1,5.1,1,"spawner",50,NA,3.2,50,"Fungiidae","encrusting",1,1.16315080980568,1.62924053973028,3.91202300542815,2.5713443374089,-1.34226874172082,-0.261953902483806,0.20541394781131,0.237329471043345,0.12056581525397,0.0393148616499784,-0.0160977936351526,-0.237329471043345,0.12056581525397,0.0393148616499784,-0.0160977936351526,5,3,3,"other"
"Lobactis scutaria","Lobactis scutaria","Lobactis","massive","pacific",2,5,1,3,4,1,1,169,1,"spawner",17,9.3,9.3,17,"Fungiidae","massive",0.5,2.23001440015921,5.12989871492307,2.83321334405622,2.7955166385093,1.5528883612974,1.07157928212446,-0.497556944591017,0.224933886000274,-0.137398392881594,0.020003351985115,0.0199423046022032,-0.224933886000274,-0.137398392881594,0.020003351985115,0.0199423046022032,8,2,2,"other"
"Lobophyllia corymbosa","Lobophyllia corymbosa","Lobophyllia","massive","pacific",1,5,3,4,4,1,1,47.5,1,"spawner",125,NA,NA,125,"Lobophyllia","massive",0.5,NA,3.8607297110406,4.8283137373023,NA,NA,NA,NA,NA,NA,NA,NA,NA,NA,NA,NA,NA,NA,NA,"other"
"Lobophyllia dentata","Lobophyllia dentata","Lobophyllia","massive","pacific",1,5,4,4,4,1,1,32.6,1,"spawner",200,NA,NA,200,"Lobophyllia","massive",0.5,NA,3.48431228837266,5.29831736654804,NA,NA,NA,NA,NA,NA,NA,NA,NA,NA,NA,NA,NA,NA,NA,"other"
"Lobophyllia diminuta","Lobophyllia diminuta","Lobophyllia","massive","pacific",1,5,1,4,4,1,1,42.5,1,"spawner",NA,NA,NA,NA,"Lobophyllia","massive",0.5,NA,3.74950407593037,NA,NA,NA,NA,NA,NA,NA,NA,NA,NA,NA,NA,NA,NA,NA,NA,"other"
"Lobophyllia flabelliformis","Lobophyllia flabelliformis","Lobophyllia","massive","pacific",1,5,4,4,4,1,1,59.5,1,"spawner",200,NA,NA,200,"Lobophyllia","massive",0.5,NA,4.08597631255158,5.29831736654804,NA,NA,NA,NA,NA,NA,NA,NA,NA,NA,NA,NA,NA,NA,NA,"other"
"Lobophyllia hataii","Lobophyllia hataii","Lobophyllia","massive","pacific",1,5,1,4,4,1,1,30,1,"spawner",NA,NA,NA,NA,"Lobophyllia","massive",0.5,NA,3.40119738166216,NA,NA,NA,NA,NA,NA,NA,NA,NA,NA,NA,NA,NA,NA,NA,NA,"other"
"Lobophyllia hemprichii","Lobophyllia hemprichii","Lobophyllia","massive","pacific",1,5,5,4,4,1,1,26.8,1,"spawner",500,NA,NA,500,"Lobophyllia","massive",0.5,NA,3.28840188751681,6.21460809842219,NA,NA,NA,NA,NA,NA,NA,NA,NA,NA,NA,NA,NA,NA,NA,"other"
"Lobophyllia robusta","Lobophyllia robusta","Lobophyllia","massive","pacific",1,5,3,4,4,1,1,47.5,1,"spawner",NA,NA,NA,NA,"Lobophyllia","massive",0.5,NA,3.8607297110406,NA,NA,NA,NA,NA,NA,NA,NA,NA,NA,NA,NA,NA,NA,NA,NA,"other"
"Lobophyllia rowleyensis","Lobophyllia rowleyensis","Parascolymia","massive","pacific",1,4,1,4,4,1,1,13.4,1,"spawner",NA,NA,NA,NA,"Other.Lobophyllidae","massive",0.5,NA,2.59525470695687,NA,NA,NA,NA,NA,NA,NA,NA,NA,NA,NA,NA,NA,NA,NA,NA,"other"
"Lobophyllia vitiensis","Lobophyllia vitiensis","Parascolymia","massive","pacific",1,5,1,4,4,1,1,70,1,"spawner",11.2,NA,NA,11.2,"Other.Lobophyllidae","massive",0.5,NA,4.24849524204936,2.41591377830105,NA,NA,NA,NA,NA,NA,NA,NA,NA,NA,NA,NA,NA,NA,NA,"other"
"Madracis kirbyi","Madracis kirbyi","Madracis","digitate","pacific",3,2,3,4,3,4,3,2.6,1,"brooder",125,NA,12.7,125,NA,"digitate",2.2,2.54160199346455,0.955511445027436,4.8283137373023,-0.187492373916687,-1.15493103439267,-0.719638258253207,-0.602958948869444,-0.057860799342831,0.104475160214413,0.0710078746547026,0.0564396426968795,0.057860799342831,0.104475160214413,0.0710078746547026,0.0564396426968795,9,7,7,"other"
"Merulina ampliata","Merulina ampliata","Merulina","laminar","pacific",3,3,3,4,2,4,2,6.2,1,"spawner",NA,22.5,22.5,184.6,"Merulina","laminar",2.176,3.11351530921037,1.82454929205105,5.21819132206875,0.134633502757973,-1.48461364706721,-1.1875645413077,-0.0406634812489159,-0.0047231005525427,0.177745396097694,0.0526598455628332,0.0502187413477085,0.0047231005525427,0.177745396097694,0.0526598455628332,0.0502187413477085,9,6,6,"other"
"Merulina scabricula","Merulina scabricula","Merulina","laminar","pacific",3,2,3,4,2,4,2,3.5,1,"spawner",NA,NA,12.5,134.8,"Merulina","laminar",2.176,2.52572864430826,1.25276296849537,4.90379219847821,0.381726023228916,-1.59186031400446,-0.912587382454797,-0.0563114511614527,0.0100568932634229,0.171497083852938,0.0450165943005292,0.030007495529996,-0.0100568932634229,0.171497083852938,0.0450165943005292,0.030007495529996,9,6,6,"other"
"Merulina triangularis","Merulina triangularis","Merulina","branching_closed","pacific",4,3,4,2,4,3,4,8.8,1,"spawner",266.7,NA,29.2,266.7,"Merulina","branching_closed",2.025,3.37416870927424,2.17475172148416,5.58612443118797,-1.32885317665622,0.965273000909461,-0.726730172318124,0.481716072272216,-0.132838069840422,-0.0831331224854139,-0.0253965035947469,0.0451196803814354,0.132838069840422,-0.0831331224854139,-0.0253965035947469,0.0451196803814354,4,4,4,"other"
"Micromussa amakusensis","Micromussa amakusensis","Micromussa","encrusting","pacific",1,3,1,4,1,2,1,11.5,1,"spawner",NA,NA,NA,NA,"Other.Lobophyllidae","encrusting",1,NA,2.4423470353692,NA,NA,NA,NA,NA,NA,NA,NA,NA,NA,NA,NA,NA,NA,NA,NA,"other"
"Micromussa diminuta","Micromussa diminuta","Micromussa","massive","pacific",1,2,1,4,4,1,1,4,1,"spawner",30,NA,NA,30,"Other.Lobophyllidae","massive",0.5,NA,1.38629436111989,3.40119738166216,NA,NA,NA,NA,NA,NA,NA,NA,NA,NA,NA,NA,NA,NA,NA,"other"
"Micromussa lordhowensis","Micromussa lordhowensis","Micromussa","massive","pacific",1,4,1,4,4,1,1,13.5,1,"spawner",NA,NA,NA,NA,"Other.Lobophyllidae","massive",0.5,NA,2.60268968544438,NA,NA,NA,NA,NA,NA,NA,NA,NA,NA,NA,NA,NA,NA,NA,NA,"other"
"Micromussa minuta","Micromussa minuta","Micromussa","massive","pacific",1,3,1,4,4,1,1,6.4,1,"spawner",NA,NA,NA,NA,"Other.Lobophyllidae","massive",0.5,NA,1.85629799036563,NA,NA,NA,NA,NA,NA,NA,NA,NA,NA,NA,NA,NA,NA,NA,NA,"other"
"Micromussa multipunctata","Micromussa multipunctata","Micromussa","encrusting","pacific",1,3,1,4,1,2,1,9.3,1,"spawner",30,NA,NA,30,"Other.Lobophyllidae","encrusting",1,NA,2.23001440015921,3.40119738166216,NA,NA,NA,NA,NA,NA,NA,NA,NA,NA,NA,NA,NA,NA,NA,"other"
"Montigyra kenti","Montigyra kenti","Montigyra","massive","pacific",1,5,1,3,4,1,1,32,1,NA,NA,NA,NA,NA,NA,"massive",0.5,NA,3.46573590279973,NA,NA,NA,NA,NA,NA,NA,NA,NA,NA,NA,NA,NA,NA,NA,NA,"other"
"Montipora aequituberculata","Montipora aequituberculata","Montipora","laminar","pacific",4,1,2,5,2,4,2,0.9,1,"spawner",NA,NA,25.1,93.1,"Montipora","laminar",2.176,3.22286784613774,-0.105360515657826,4.53367418428302,0.0497208304491251,-2.43373166120586,-0.696076211326123,-1.20479867647473,-0.0322059231920575,0.220289021188357,0.0800430055266769,0.0417378099491319,0.0322059231920575,0.220289021188357,0.0800430055266769,0.0417378099491319,9,6,6,"other"
"Montipora altasepta","Montipora altasepta","Montipora","branching_open","pacific",5,1,3,2,5,4,5,0.8,1,"spawner",NA,NA,58.7,146.7,"Montipora","branching_open",2.025,4.07243972683405,-0.22314355131421,4.98838968514894,-2.92305200522539,0.557583947752494,0.256576447519454,-0.385147503543935,-0.290729212171236,-0.0654462409099612,0.0185119321275103,-0.00901334402668951,0.290729212171236,-0.0654462409099612,0.0185119321275103,-0.00901334402668951,1,8,8,"other"
"Montipora angulata","Montipora angulata","Montipora","branching_closed","pacific",5,1,3,2,4,3,4,1.3,1,"spawner",NA,NA,58.7,146.7,"Montipora","branching_closed",2.025,4.07243972683405,0.262364264467491,4.98838968514894,-2.01659641988359,0.497735775097564,0.0942944510075241,0.0146898963843702,-0.165145376070153,-0.0682723276340659,-0.0218650406108211,0.0328652711330831,0.165145376070153,-0.0682723276340659,-0.0218650406108211,0.0328652711330831,4,4,4,"other"
"Montipora australiensis","Montipora australiensis","Montipora","columnar","pacific",4,1,2,3,5,1,5,0.1,1,"spawner",NA,NA,25.3,93.5,"Montipora","columnar",0.9,3.23080439573347,-2.30258509299405,4.53796143629464,-1.86465021401536,0.704316709109007,0.248627853364924,-1.73150585495258,-0.104564412302388,-0.202974890525548,0.111004131450101,-0.123649711970101,0.104564412302388,-0.202974890525548,0.111004131450101,-0.123649711970101,6,9,9,"other"
"Montipora cactus","Montipora cactus","Montipora","encrusting_long_uprights","pacific",4,1,2,3,2,3,2,1.2,1,"spawner",NA,NA,25.3,93.5,"Montipora","encrusting",1,3.23080439573347,0.182321556793955,4.53796143629464,-0.165608089525376,-1.02205228652911,-0.0793316176556585,0.261382745252262,0.00029623068291455,0.110149569604107,-0.00706531169535177,0.00307933701885762,-0.00029623068291455,0.110149569604107,-0.00706531169535177,0.00307933701885762,9,6,6,"other"
"Montipora calcarea","Montipora calcarea","Montipora","digitate","pacific",4,1,3,3,3,4,3,0.9,1,"spawner",NA,NA,30.5,103.3,"Montipora","digitate",2.2,3.41772668361337,-0.105360515657826,4.63763737612559,-1.14591410512583,-0.925043057828765,-0.00495219875569387,-0.13214116005806,-0.100174111195044,0.0782886802239153,0.0125080927183095,0.0379142814471846,0.100174111195044,0.0782886802239153,0.0125080927183095,0.0379142814471846,2,7,7,"other"
"Montipora caliculata","Montipora caliculata","Montipora","massive","pacific",3,1,2,3,4,1,1,1,1,"spawner",NA,NA,12.8,65,"Montipora","massive",0.5,2.54944517092557,0,4.17438726989564,0.664400816353287,0.675829185625131,-0.0436130887806927,-0.663201038569029,0.11008988616184,-0.084377075711575,0.0257081153072497,0.0166398692122701,-0.11008988616184,-0.084377075711575,0.0257081153072497,0.0166398692122701,8,2,2,"other"
"Montipora capitata","Montipora capitata","Montipora","encrusting_long_uprights","pacific",4,1,2,3,2,3,2,1,1,"spawner",NA,25.8,25.8,94.5,"Montipora","encrusting",1,3.25037449192757,0,4.5485998344997,-0.232018946320225,-1.05731484950821,-0.078856764330933,0.244094704398709,-0.00224051024099429,0.112029966696234,-0.00765872058328651,0.00369610948864966,0.00224051024099429,0.112029966696234,-0.00765872058328651,0.00369610948864966,9,6,6,"other"
"Montipora capricornis","Montipora capricornis","Montipora","laminar","pacific",4,1,2,5,2,4,2,1,1,"spawner",NA,NA,25.1,93.1,"Montipora","laminar",2.176,3.22286784613774,0,4.53367418428302,0.0801329344880247,-2.41340352103467,-0.701209023354567,-1.1954566328985,-0.0312037270641269,0.218588415263534,0.0798671346312249,0.0412369135717539,0.0312037270641269,0.218588415263534,0.0798671346312249,0.0412369135717539,9,6,6,"other"
"Montipora cebuensis","Montipora cebuensis","Montipora","laminar","pacific",4,1,2,5,2,4,2,0.8,1,"spawner",NA,NA,25.1,93.1,"Montipora","laminar",2.176,3.22286784613774,-0.22314355131421,4.53367418428302,0.0157229906318588,-2.45645658850583,-0.690338215660583,-1.21524219267027,-0.0331104493870436,0.222080347223584,0.0805637933640972,0.0425744813684575,0.0331104493870436,0.222080347223584,0.0805637933640972,0.0425744813684575,9,6,6,"other"
"Montipora cocosensis","Montipora cocosensis","Montipora","submassive","pacific",3,1,2,3,3,1,1,1.4,1,"spawner",NA,NA,12.8,65,"Montipora","massive",0.5,2.54944517092557,0.336472236621213,4.17438726989564,0.969703105309908,0.229453085555433,-0.0339122555743854,-0.244823779846288,0.129248131835457,-0.0173446877025945,-0.0115694094298673,-0.00565142224150606,-0.129248131835457,-0.0173446877025945,-0.0115694094298673,-0.00565142224150606,7,2,2,"other"
"Montipora confusa","Montipora confusa","Montipora","encrusting_long_uprights","pacific",4,1,2,3,2,3,2,0.7,1,"spawner",100,NA,25.3,100,"Montipora","encrusting",1,3.23080439573347,-0.356674943938732,4.60517018598809,-0.345675969626078,-1.11947776097288,-0.123756172401232,0.231293998380418,-0.00444015327439269,0.115452410671315,-0.00842740665469433,0.00690352176412623,0.00444015327439269,0.115452410671315,-0.00842740665469433,0.00690352176412623,9,6,6,"other"
"Montipora corbettensis","Montipora corbettensis","Montipora","digitate","pacific",4,1,3,3,3,4,3,0.8,1,"spawner",NA,NA,30.5,103.3,"Montipora","digitate",2.2,3.41772668361337,-0.22314355131421,4.63763737612559,-1.17991194494309,-0.947767985128736,0.000785796909846459,-0.142584676253599,-0.10133108386577,0.0792278395538405,0.0124911571659266,0.0387898618912863,0.10133108386577,0.0792278395538405,0.0124911571659266,0.0387898618912863,2,7,7,"other"
"Montipora crassituberculata","Montipora crassituberculata","Montipora","laminar","pacific",4,1,2,5,2,4,2,1.5,1,"spawner",NA,NA,25.1,93.1,"Montipora","laminar",2.176,3.22286784613774,0.405465108108164,4.53367418428302,0.19716963438399,-2.33517353610446,-0.720961927666186,-1.15950509370055,-0.0248180191875715,0.212996390601861,0.0788878386967917,0.0410158049506181,0.0248180191875715,0.212996390601861,0.0788878386967917,0.0410158049506181,9,6,6,"other"
"Montipora danae","Montipora danae","Montipora","laminar","pacific",4,1,2,5,2,4,2,1.4,1,"spawner",NA,NA,25.1,93.1,"Montipora","laminar",2.176,3.22286784613774,0.336472236621213,4.53367418428302,0.177254978760835,-2.34848494364308,-0.7176008256591,-1.16562251262031,-0.026087620177086,0.213860272833244,0.0789688820381696,0.0410659967205818,0.026087620177086,0.213860272833244,0.0789688820381696,0.0410659967205818,9,6,6,"other"
"Montipora delicatula","Montipora delicatula","Montipora","laminar","pacific",4,1,2,5,2,4,2,0.6,1,"spawner",NA,NA,25.1,93.1,"Montipora","laminar",2.176,3.22286784613774,-0.510825623765991,4.53367418428302,-0.0673158694468402,-2.51196164613607,-0.676323307014505,-1.24075021567267,-0.0345648588610497,0.226054513859651,0.0824857765520172,0.0449019802364721,0.0345648588610497,0.226054513859651,0.0824857765520172,0.0449019802364721,9,6,6,"other"
"Montipora digitata","Montipora digitata","Montipora","branching_open","pacific",4,1,3,2,5,4,5,0.9,1,"spawner",NA,41.5,41.5,121.8,"Montipora","branching_open",2.025,3.72569342723665,-0.105360515657826,4.8023803552758,-2.6457300306714,0.582069066517303,0.397187424287844,-0.354168929637746,-0.274748510015084,-0.0612190888971592,0.0188241877118437,-0.0173485632888148,0.274748510015084,-0.0612190888971592,0.0188241877118437,-0.0173485632888148,1,8,8,"other"
"Montipora efflorescens","Montipora efflorescens","Montipora","massive","pacific",3,1,2,3,4,1,1,1.2,1,"spawner",NA,NA,12.8,65,"Montipora","massive",0.5,2.54944517092557,0.182321556793955,4.17438726989564,0.717027572393086,0.711006103084175,-0.052495185398327,-0.647035059142854,0.111271078246098,-0.0844962503255921,0.026383377225115,0.0172029368739566,-0.111271078246098,-0.0844962503255921,0.026383377225115,0.0172029368739566,8,2,2,"other"
"Montipora effusa","Montipora effusa","Montipora","submassive","pacific",3,1,2,3,3,1,1,0.8,1,"spawner",NA,NA,12.8,65,"Montipora","massive",0.5,2.54944517092557,-0.22314355131421,4.17438726989564,0.808171117180931,0.121481440692675,-0.00664964557586848,-0.294443459896248,0.126355023690061,-0.0158445788197042,-0.0134207253031831,-0.00696930297727013,-0.126355023690061,-0.0158445788197042,-0.0134207253031831,-0.00696930297727013,7,2,2,"other"
"Montipora florida","Montipora florida","Montipora","laminar","pacific",4,1,2,5,2,4,2,0.8,1,"spawner",NA,NA,25.1,93.1,"Montipora","laminar",2.176,3.22286784613774,-0.22314355131421,4.53367418428302,0.0157229906318588,-2.45645658850583,-0.690338215660583,-1.21524219267027,-0.0331104493870436,0.222080347223584,0.0805637933640972,0.0425744813684575,0.0331104493870436,0.222080347223584,0.0805637933640972,0.0425744813684575,9,6,6,"other"
"Montipora floweri","Montipora floweri","Montipora","submassive","pacific",3,1,2,3,3,1,1,0.9,1,"spawner",NA,NA,12.8,65,"Montipora","massive",0.5,2.54944517092557,-0.105360515657826,4.17438726989564,0.842168956998197,0.144206367992646,-0.0123876412414088,-0.283999943700709,0.126180217862269,-0.0158553612241171,-0.0130914335625328,-0.00728415725235037,-0.126180217862269,-0.0158553612241171,-0.0130914335625328,-0.00728415725235037,7,2,2,"other"
"Montipora foliosa","Montipora foliosa","Montipora","laminar","pacific",4,1,3,5,2,4,2,0.9,1,"spawner",NA,32.5,32.5,106.9,"Montipora","laminar",2.176,3.48124008933569,-0.105360515657826,4.671893818031,-0.131448876478644,-2.43508058165182,-0.804723837217305,-1.22020068523831,-0.0440851516836743,0.22407514111866,0.0781478011506777,0.0532266833817482,0.0440851516836743,0.22407514111866,0.0781478011506777,0.0532266833817482,9,6,6,"other"
"Montipora foveolata","Montipora foveolata","Montipora","massive","pacific",3,2,2,3,4,1,1,2.9,1,"spawner",NA,NA,12.8,65,"Montipora","massive",0.5,2.54944517092557,1.06471073699243,4.17438726989564,0.971727460519554,0.881253285613849,-0.0954822358091314,-0.568795899803683,0.125637117331329,-0.0877471641516233,0.0283157920359793,0.0203845298353574,-0.125637117331329,-0.0877471641516233,0.0283157920359793,0.0203845298353574,8,2,2,"other"
"Montipora friabilis","Montipora friabilis","Montipora","laminar","pacific",4,1,2,5,2,4,2,1,1,"spawner",NA,NA,25.1,93.1,"Montipora","laminar",2.176,3.22286784613774,0,4.53367418428302,0.0801329344880247,-2.41340352103467,-0.701209023354567,-1.1954566328985,-0.0312037270641269,0.218588415263534,0.0798671346312249,0.0412369135717538,0.0312037270641269,0.218588415263534,0.0798671346312249,0.0412369135717538,9,6,6,"other"
"Montipora grisea","Montipora grisea","Montipora","massive","pacific",3,1,2,3,4,1,1,1.2,1,"spawner",NA,NA,12.8,65,"Montipora","massive",0.5,2.54944517092557,0.182321556793955,4.17438726989564,0.717027572393086,0.711006103084175,-0.052495185398327,-0.647035059142854,0.111271078246098,-0.0844962503255921,0.0263833772251149,0.0172029368739566,-0.111271078246098,-0.0844962503255921,0.0263833772251149,0.0172029368739566,8,2,2,"other"
"Montipora hirsuta","Montipora hirsuta","Montipora","branching_open","pacific",5,1,3,2,5,4,5,0.5,1,"spawner",NA,NA,58.7,146.7,"Montipora","branching_open",2.025,4.07243972683405,-0.693147180559945,4.98838968514894,-3.05871762134389,0.466901972663213,0.279473452783167,-0.426821505972517,-0.29888139723661,-0.0671351785594609,0.019494387156533,-0.00894576306177942,0.29888139723661,-0.0671351785594609,0.019494387156533,-0.00894576306177942,1,8,8,"other"
"Montipora hispida","Montipora hispida","Montipora","encrusting_long_uprights","pacific",4,1,2,3,2,3,2,1.4,1,"spawner",NA,NA,25.3,93.5,"Montipora","encrusting",1,3.23080439573347,0.336472236621213,4.53796143629464,-0.121112801292365,-0.992310626596557,-0.0868413233425569,0.275050886104277,0.00238161153543116,0.108656426344151,-0.00718277968212638,0.00325278914535927,-0.00238161153543116,0.108656426344151,-0.00718277968212638,0.00325278914535927,9,6,6,"other"
"Montipora hodgsoni","Montipora hodgsoni","Montipora","laminar","pacific",4,1,2,5,2,4,2,0.6,1,"spawner",NA,NA,25.1,93.1,"Montipora","laminar",2.176,3.22286784613774,-0.510825623765991,4.53367418428302,-0.0673158694468402,-2.51196164613607,-0.676323307014505,-1.24075021567267,-0.0345648588610497,0.226054513859651,0.0824857765520172,0.0449019802364721,0.0345648588610497,0.226054513859651,0.0824857765520172,0.0449019802364721,9,6,6,"other"
"Montipora hoffmeisteri","Montipora hoffmeisteri","Montipora","encrusting","pacific",2,1,1,4,1,2,1,1.1,1,"spawner",NA,NA,6.3,44.5,"Montipora","encrusting",1,1.84054963339749,0.0953101798043249,3.7954891891722,1.82808292049676,-1.68856185357455,0.031594050464864,-0.0971225883222661,0.193603049832911,0.12667923461934,0.0351698609688141,-0.0312782774158067,-0.193603049832911,0.12667923461934,0.0351698609688141,-0.0312782774158067,5,3,3,"other"
"Montipora incrassata","Montipora incrassata","Montipora","encrusting","pacific",2,1,1,4,1,2,1,1.4,1,"spawner",NA,NA,6.3,44.5,"Montipora","encrusting",1,1.84054963339749,0.336472236621213,3.7954891891722,1.89769387025681,-1.64203231578386,0.0198454414313432,-0.0757393744147533,0.196641476583906,0.123864671319761,0.0356512094518791,-0.0292847423281359,-0.196641476583906,0.123864671319761,0.0356512094518791,-0.0292847423281359,5,3,3,"other"
"Montipora informis","Montipora informis","Montipora","massive","pacific",3,1,2,3,4,1,1,1.3,1,"spawner",NA,NA,12.8,65,"Montipora","massive",0.5,2.54944517092557,0.262364264467491,4.17438726989564,0.740131741332696,0.726449453670592,-0.0563945984770387,-0.639937879916109,0.112175201903251,-0.0847073566247156,0.0264828181405918,0.0175729540734015,-0.112175201903251,-0.0847073566247156,0.0264828181405918,0.0175729540734015,8,2,2,"other"
"Montipora lobulata","Montipora lobulata","Montipora","submassive","pacific",3,1,2,3,3,1,1,1.3,1,"spawner",NA,NA,12.8,65,"Montipora","massive",0.5,2.54944517092557,0.262364264467491,4.17438726989564,0.948311986016506,0.215154776209299,-0.0303019629661986,-0.251394741471558,0.128332921525912,-0.0170066458561215,-0.0117118996557537,-0.00621105837283292,-0.128332921525912,-0.0170066458561215,-0.0117118996557537,-0.00621105837283292,7,2,2,"other"
"Montipora mactanensis","Montipora mactanensis","Montipora","digitate","pacific",4,1,3,3,3,4,3,0.9,1,"spawner",NA,NA,30.5,103.3,"Montipora","digitate",2.2,3.41772668361337,-0.105360515657826,4.63763737612559,-1.14591410512583,-0.925043057828765,-0.00495219875569387,-0.13214116005806,-0.100174111195044,0.0782886802239153,0.0125080927183095,0.0379142814471846,0.100174111195044,0.0782886802239153,0.0125080927183095,0.0379142814471846,2,7,7,"other"
"Montipora malampaya","Montipora malampaya","Montipora","digitate","pacific",4,1,3,3,3,4,3,0.7,1,"spawner",NA,NA,30.5,103.3,"Montipora","digitate",2.2,3.41772668361337,-0.356674943938732,4.63763737612559,-1.21845551678878,-0.973531382826423,0.00729099986902615,-0.154424558403992,-0.102502138598386,0.0801290002419463,0.0125476814905504,0.0398903594733481,0.102502138598386,0.0801290002419463,0.0125476814905504,0.0398903594733481,2,7,7,"other"
"Montipora millepora","Montipora millepora","Montipora","encrusting","pacific",2,1,1,4,1,2,1,0.6,1,"spawner",NA,NA,6.3,44.5,"Montipora","encrusting",1,1.84054963339749,-0.510825623765991,3.7954891891722,1.65312302204914,-1.80550901827686,0.0611229600759382,-0.150867077467121,0.194971957752292,0.13230674969895,0.0355743254829852,-0.0332557853316746,-0.194971957752292,0.13230674969895,0.0355743254829852,-0.0332557853316746,5,3,3,"other"
"Montipora mollis","Montipora mollis","Montipora","massive","pacific",3,1,2,3,4,1,1,0.9,1,"spawner",NA,NA,12.8,65,"Montipora","massive",0.5,2.54944517092557,-0.105360515657826,4.17438726989564,0.633988712314387,0.655501045453938,-0.0384802767522489,-0.672543082145261,0.109917909692533,-0.0844412359838158,0.0252484166677082,0.0166559076139331,-0.109917909692533,-0.0844412359838158,0.0252484166677082,0.0166559076139331,8,2,2,"other"
"Montipora monasteriata","Montipora monasteriata","Montipora","laminar","pacific",4,1,2,5,2,4,2,1.1,1,"spawner",NA,NA,25.1,93.1,"Montipora","laminar",2.176,3.22286784613774,0.0953101798043249,4.53367418428302,0.107644029000782,-2.39501448143376,-0.705852216625579,-1.18700572652782,-0.0300376250014515,0.217245680861601,0.0795450016909563,0.0411463492000353,0.0300376250014515,0.217245680861601,0.0795450016909563,0.0411463492000353,9,6,6,"other"
"Montipora niugini","Montipora niugini","Montipora","digitate","pacific",4,1,1,3,3,4,3,0.7,1,"spawner",30,NA,30.5,30,"Montipora","digitate",2.2,3.41772668361337,-0.356674943938732,3.40119738166216,-0.76795675759469,-1.09436125089944,1.30764059171244,-0.480100825728425,-0.0883924328484458,0.0892304298034091,0.0163807875062361,0.00135041437934536,0.0883924328484458,0.0892304298034091,0.0163807875062361,0.00135041437934536,2,7,7,"other"
"Montipora nodosa","Montipora nodosa","Montipora","massive","pacific",3,1,2,3,4,1,1,1.3,1,"spawner",NA,NA,12.8,65,"Montipora","massive",0.5,2.54944517092557,0.262364264467491,4.17438726989564,0.740131741332696,0.726449453670592,-0.0563945984770387,-0.639937879916109,0.112175201903251,-0.0847073566247156,0.0264828181405917,0.0175729540734015,-0.112175201903251,-0.0847073566247156,0.0264828181405917,0.0175729540734015,8,2,2,"other"
"Montipora orientalis","Montipora orientalis","Montipora","columnar","pacific",4,1,2,3,5,1,5,1,1,"spawner",NA,NA,25.3,93.5,"Montipora","columnar",0.9,3.23080439573347,0,4.53796143629464,-1.2000135902352,1.1485749042615,0.136453606797851,-1.52734160857975,-0.0902479349509386,-0.178677968294523,0.0964831490110053,-0.114142890139854,0.0902479349509386,-0.178677968294523,0.0964831490110053,-0.114142890139854,6,9,9,"other"
"Montipora palawanensis","Montipora palawanensis","Montipora","laminar","pacific",4,1,4,5,2,4,2,0.7,1,"spawner",200,NA,25.1,200,"Montipora","laminar",2.176,3.22286784613774,-0.356674943938732,5.29831736654804,-0.301419467030441,-2.40749599211588,-1.48799937291013,-1.02567631429023,-0.0460021946039365,0.2297391400752,0.0838805857282825,0.0724484364505778,0.0460021946039365,0.2297391400752,0.0838805857282825,0.0724484364505778,9,6,6,"other"
"Montipora peltiformis","Montipora peltiformis","Montipora","submassive","pacific",3,1,2,3,3,1,1,0.9,1,"spawner",NA,NA,12.8,65,"Montipora","massive",0.5,2.54944517092557,-0.105360515657826,4.17438726989564,0.842168956998197,0.144206367992646,-0.0123876412414088,-0.283999943700709,0.126180217862269,-0.0158553612241171,-0.0130914335625328,-0.0072841572523504,-0.126180217862269,-0.0158553612241171,-0.0130914335625328,-0.0072841572523504,7,2,2,"other"
"Montipora porites","Montipora porites","Montipora","encrusting_long_uprights","pacific",4,1,2,3,2,3,2,0.9,1,"spawner",NA,NA,25.3,93.5,"Montipora","encrusting",1,3.23080439573347,-0.105360515657826,4.53796143629464,-0.248646949604075,-1.07755734415934,-0.0653167090095804,0.235874722249855,-0.00221592542074377,0.1130491515286,-0.0077530636982705,0.00350627037513263,0.00221592542074377,0.1130491515286,-0.0077530636982705,0.00350627037513263,9,6,6,"other"
"Montipora samarensis","Montipora samarensis","Montipora","branching_open","pacific",5,1,3,2,5,4,5,0.7,1,"spawner",NA,NA,58.7,146.7,"Montipora","branching_open",2.025,4.07243972683405,-0.356674943938732,4.98838968514894,-2.96159557707108,0.531820550054807,0.263081650478634,-0.396987385694327,-0.293074344156592,-0.0656511628836436,0.0190690675318664,-0.00901503170753579,0.293074344156592,-0.0656511628836436,0.0190690675318664,-0.00901503170753579,1,8,8,"other"
"Montipora setosa","Montipora setosa","Montipora","digitate","pacific",4,1,3,3,3,4,3,0.8,1,"spawner",NA,NA,30.5,103.3,"Montipora","digitate",2.2,3.41772668361337,-0.22314355131421,4.63763737612559,-1.17991194494309,-0.947767985128736,0.000785796909846459,-0.142584676253599,-0.10133108386577,0.0792278395538405,0.0124911571659266,0.0387898618912863,0.10133108386577,0.0792278395538405,0.0124911571659266,0.0387898618912863,2,7,7,"other"
"Montipora spongodes","Montipora spongodes","Montipora","encrusting","pacific",2,1,1,4,1,2,1,1.2,1,"spawner",NA,NA,6.3,44.5,"Montipora","encrusting",1,1.84054963339749,0.182321556793955,3.7954891891722,1.8531985820238,-1.67177397571641,0.0273551471182416,-0.0894075152667681,0.194435155290414,0.125653425076317,0.0355780438058112,-0.0306287809588211,-0.194435155290414,0.125653425076317,0.0355780438058112,-0.0306287809588211,5,3,3,"other"
"Montipora spumosa","Montipora spumosa","Montipora","encrusting","pacific",2,1,1,4,1,2,1,0.9,1,"spawner",NA,NA,6.3,44.5,"Montipora","encrusting",1,1.84054963339749,-0.105360515657826,3.7954891891722,1.7701597219451,-1.72727903334665,0.0413700557643197,-0.114915538269175,0.192906219387319,0.128967831317039,0.0346789375885766,-0.0324790180208957,-0.192906219387319,0.128967831317039,0.0346789375885766,-0.0324790180208957,5,3,3,"other"
"Montipora stellata","Montipora stellata","Montipora","digitate","pacific",4,1,3,3,3,4,3,0.9,1,"spawner",NA,NA,30.5,103.3,"Montipora","digitate",2.2,3.41772668361337,-0.105360515657826,4.63763737612559,-1.14591410512583,-0.925043057828765,-0.00495219875569387,-0.13214116005806,-0.100174111195044,0.0782886802239153,0.0125080927183095,0.0379142814471846,0.100174111195044,0.0782886802239153,0.0125080927183095,0.0379142814471846,2,7,7,"other"
"Montipora tuberculosa","Montipora tuberculosa","Montipora","massive","pacific",3,1,2,3,4,1,1,1,1,"spawner",NA,NA,12.8,65,"Montipora","massive",0.5,2.54944517092557,0,4.17438726989564,0.664400816353287,0.675829185625131,-0.0436130887806927,-0.663201038569029,0.11008988616184,-0.084377075711575,0.0257081153072497,0.0166398692122701,-0.11008988616184,-0.084377075711575,0.0257081153072497,0.0166398692122701,8,2,2,"other"
"Montipora turgescens","Montipora turgescens","Montipora","massive","pacific",3,1,2,3,4,1,1,1,1,"spawner",NA,NA,12.8,65,"Montipora","massive",0.5,2.54944517092557,0,4.17438726989564,0.664400816353287,0.675829185625131,-0.0436130887806927,-0.663201038569029,0.11008988616184,-0.084377075711575,0.0257081153072497,0.01663986921227,-0.11008988616184,-0.084377075711575,0.0257081153072497,0.01663986921227,8,2,2,"other"
"Montipora turtlensis","Montipora turtlensis","Montipora","digitate","pacific",4,1,3,2,3,4,3,0.9,1,"spawner",NA,NA,30.5,103.3,"Montipora","digitate",2.2,3.41772668361337,-0.105360515657826,4.63763737612559,-1.42402443679972,-0.421461167245527,0.333016652556689,0.658645863664172,-0.134436276952329,0.0623520973379346,-0.0585698799493013,0.0373790129059959,0.134436276952329,0.0623520973379346,-0.0585698799493013,0.0373790129059959,2,7,7,"other"
"Montipora undata","Montipora undata","Montipora","laminar","pacific",4,1,2,5,2,4,2,1.2,1,"spawner",NA,26,26,94.8,"Montipora","laminar",2.176,3.25809653802148,0.182321556793955,4.55176940926098,0.108331021027836,-2.37848390086447,-0.724115434205973,-1.18158846246839,-0.0303822713387234,0.216412599791552,0.0792406872594136,0.0423271590768804,0.0303822713387234,0.216412599791552,0.0792406872594136,0.0423271590768804,9,6,6,"other"
"Montipora venosa","Montipora venosa","Montipora","massive","pacific",3,1,2,3,4,1,1,1.8,1,"spawner",NA,NA,12.8,65,"Montipora","massive",0.5,2.54944517092557,0.587786664902119,4.17438726989564,0.834064272289051,0.789236088014382,-0.0722480897099455,-0.611083519944908,0.117052303202259,-0.0858498552616871,0.0270363495316068,0.0192636043203425,-0.117052303202259,-0.0858498552616871,0.0270363495316068,0.0192636043203425,8,2,2,"other"
"Montipora verrucosa","Montipora verrucosa","Montipora","laminar","pacific",4,1,3,5,2,4,2,1.4,1,"spawner",NA,27.7,28.7,100.1,"Montipora","laminar",2.176,3.35689712276558,0.336472236621213,4.60616968632117,0.0829845443689058,-2.34910702055396,-0.77479708089538,-1.17340288311713,-0.0324757734806391,0.215938488780868,0.0775178982163855,0.0463942434310634,0.0324757734806391,0.215938488780868,0.0775178982163855,0.0463942434310634,9,6,6,"other"
"Montipora verruculosa","Montipora verruculosa","Montipora","encrusting","pacific",2,1,4,4,1,2,1,0.8,1,"spawner",200,NA,6.3,200,"Montipora","encrusting",1,1.84054963339749,-0.22314355131421,5.29831736654804,1.18860419051213,-1.60314157248234,-1.53339890063577,0.270483423479506,0.172787033499368,0.127581900140189,0.0284767751249902,0.00811138579951559,-0.172787033499368,0.127581900140189,0.0284767751249902,0.00811138579951559,5,3,3,"other"
"Montipora vietnamensis","Montipora vietnamensis","Montipora","digitate","pacific",4,1,3,3,3,4,3,0.7,1,"spawner",NA,NA,30.5,103.3,"Montipora","digitate",2.2,3.41772668361337,-0.356674943938732,4.63763737612559,-1.21845551678878,-0.973531382826423,0.00729099986902615,-0.154424558403992,-0.102502138598386,0.0801290002419463,0.0125476814905504,0.039890359473348,0.102502138598386,0.0801290002419463,0.0125476814905504,0.039890359473348,2,7,7,"other"
"Moseleya latistellata","Moseleya latistellata","Moseleya","submassive","pacific",1,5,1,4,3,1,1,73,1,"spawner",25,NA,NA,25,NA,"massive",0.5,NA,4.29045944114839,3.2188758248682,NA,NA,NA,NA,NA,NA,NA,NA,NA,NA,NA,NA,NA,NA,NA,"other"
"Mycedium elephantotus","Mycedium elephantotus","Mycedium","laminar","pacific",3,3,4,4,2,4,2,10,1,"spawner",300,NA,12.5,300,"Mycedium","laminar",2.176,2.52572864430826,2.30258509299405,5.7037824746562,0.393277446613928,-1.3111305526089,-1.80507169469825,0.247489680074498,0.0219598652664046,0.179629645950607,0.0480811809611361,0.0662351338954868,-0.0219598652664046,0.179629645950607,0.0480811809611361,0.0662351338954868,9,6,6,"other"
"Mycedium mancaoi","Mycedium mancaoi","Mycedium","laminar","pacific",3,3,3,4,2,4,2,7.2,1,"spawner",NA,NA,12.5,134.8,"Mycedium","laminar",2.176,2.52572864430826,1.97408102602201,4.90379219847821,0.589933051010369,-1.45269001391752,-0.94772758634323,0.00764594961306098,0.0213396990053784,0.170933199684882,0.0457608227442565,0.038680908734287,-0.0213396990053784,0.170933199684882,0.0457608227442565,0.038680908734287,9,6,6,"other"
"Mycedium robokaki","Mycedium robokaki","Mycedium","laminar","pacific",3,3,3,4,2,4,2,7.2,1,"spawner",NA,NA,12.5,134.8,"Mycedium","laminar",2.176,2.52572864430826,1.97408102602201,4.90379219847821,0.589933051010369,-1.45269001391752,-0.94772758634323,0.00764594961306098,0.0213396990053784,0.170933199684882,0.0457608227442565,0.038680908734287,-0.0213396990053784,0.170933199684882,0.0457608227442565,0.038680908734287,9,6,6,"other"
"Mycedium steeni","Mycedium steeni","Mycedium","laminar","pacific",3,2,1,4,2,4,2,3.1,1,"spawner",30,NA,12.5,30,"Mycedium","laminar",2.176,2.52572864430826,1.1314021114911,3.40119738166216,0.894168118717299,-1.76211512539357,0.673586442176955,-0.462853214648994,0.0316275983129378,0.185857159189046,0.0526376786398719,-0.0120437721598309,-0.0316275983129378,0.185857159189046,0.0526376786398719,-0.0120437721598309,9,6,6,"other"
"Nemenzophyllia turbida","Nemenzophyllia turbida","Nemenzophyllia","massive","pacific",1,4,4,5,4,1,1,13,1,"spawner",200,NA,4.1,200,NA,"massive",0.5,1.41098697371026,2.56494935746154,5.29831736654804,2.1278641390924,0.338839691151395,-2.18831302308154,-1.49302255992054,0.224156035489216,-0.0833366573270186,0.150578384215116,0.141115691584638,-0.224156035489216,-0.0833366573270186,0.150578384215116,0.141115691584638,8,2,2,"other"
"Oulastrea crispata","Oulastrea crispata","Oulastrea","encrusting","pacific",1,2,1,3,1,2,1,5.6,1,"spawner",NA,NA,NA,NA,"Other.Merulinidae","encrusting",1,NA,1.7227665977411,NA,NA,NA,NA,NA,NA,NA,NA,NA,NA,NA,NA,NA,NA,NA,NA,"other"
"Oulophyllia bennettae","Oulophyllia bennettae","Oulophyllia","massive","pacific",2,4,2,1,4,1,1,17.4,1,"spawner",NA,NA,6.4,94.1,"Oulophyllia","massive",0.5,1.85629799036563,2.85647020622048,4.54435804659133,1.14882304762371,2.31012783765305,0.00557228901783688,1.40808846429681,0.148919071379254,-0.155768045819266,-0.102854085310153,0.0495646326395554,-0.148919071379254,-0.155768045819266,-0.102854085310153,0.0495646326395554,8,2,2,"other"
"Oulophyllia crispa","Oulophyllia crispa","Oulophyllia","massive","pacific",3,3,2,1,4,1,1,11.6,1,"spawner",100,21,21,100,"Oulophyllia","massive",0.5,3.04452243772342,2.45100509811232,4.60517018598809,0.408052884302674,2.16951824660303,0.130224113865981,1.14989183201169,0.100118914636467,-0.147851235001422,-0.0873234241941608,0.0601610920471502,-0.100118914636467,-0.147851235001422,-0.0873234241941608,0.0601610920471502,8,2,2,"other"
"Oulophyllia levis","Oulophyllia levis","Oulophyllia","massive","pacific",2,4,2,1,4,1,1,18.1,1,"spawner",NA,NA,6.4,94.1,"Oulophyllia","massive",0.5,1.85629799036563,2.89591193827178,4.54435804659133,1.16020782541385,2.31773768136659,0.00365081971378536,1.41158566035024,0.149489987807283,-0.156209923686608,-0.103218421247887,0.0496483068750236,-0.149489987807283,-0.156209923686608,-0.103218421247887,0.0496483068750236,8,2,2,"other"
"Oxypora crassispinosa","Oxypora crassispinosa","Oxypora","laminar","pacific",1,3,2,5,2,4,2,8.8,1,"spawner",NA,NA,NA,NA,"Oxypora","laminar",2.176,NA,2.17475172148416,NA,NA,NA,NA,NA,NA,NA,NA,NA,NA,NA,NA,NA,NA,NA,NA,"other"
"Oxypora glabra","Oxypora glabra","Oxypora","laminar","pacific",1,3,2,5,2,4,2,7.5,1,"spawner",NA,NA,NA,NA,"Oxypora","laminar",2.176,NA,2.01490302054226,NA,NA,NA,NA,NA,NA,NA,NA,NA,NA,NA,NA,NA,NA,NA,NA,"other"
"Oxypora lacera","Oxypora lacera","Oxypora","laminar","pacific",1,3,2,5,2,4,2,8.8,1,"spawner",NA,NA,NA,NA,"Oxypora","laminar",2.176,NA,2.17475172148416,NA,NA,NA,NA,NA,NA,NA,NA,NA,NA,NA,NA,NA,NA,NA,NA,"other"
"Pachyseris foliosa","Pachyseris foliosa","Pachyseris","laminar","pacific",1,3,1,5,2,4,2,6.3,1,"spawner",NA,NA,NA,NA,"Pachyseris","laminar",2.176,NA,1.84054963339749,NA,NA,NA,NA,NA,NA,NA,NA,NA,NA,NA,NA,NA,NA,NA,NA,"other"
"Pachyseris gemmae","Pachyseris gemmae","Pachyseris","laminar","pacific",1,2,4,5,2,4,2,3.3,1,"spawner",NA,NA,NA,NA,"Pachyseris","laminar",2.176,NA,1.19392246847243,NA,NA,NA,NA,NA,NA,NA,NA,NA,NA,NA,NA,NA,NA,NA,NA,"other"
"Pachyseris rugosa","Pachyseris rugosa","Pachyseris","laminar","pacific",1,2,5,5,2,4,2,4.8,1,"spawner",633.3,NA,NA,633.3,"Pachyseris","laminar",2.176,NA,1.56861591791385,6.45094424352238,NA,NA,NA,NA,NA,NA,NA,NA,NA,NA,NA,NA,NA,NA,NA,"other"
"Pachyseris speciosa","Pachyseris speciosa","Pachyseris","laminar","pacific",1,2,4,5,2,4,2,4.6,1,"spawner",2,NA,NA,2,"Pachyseris","laminar",2.176,NA,1.52605630349505,0.693147180559945,NA,NA,NA,NA,NA,NA,NA,NA,NA,NA,NA,NA,NA,NA,NA,"other"
"Palauastrea ramosa","Palauastrea ramosa","Palauastrea","branching_closed","pacific",3,1,2,4,4,3,4,1.2,1,"spawner",NA,NA,24.4,62.9,NA,"branching_closed",2.025,3.19458313229916,0.182321556793955,4.1415461637064,-0.730488363917365,-0.55715190771979,0.188122592116176,-1.62101061413315,-0.0978031955855825,-0.00634257596144309,0.133956495406056,0.0243516234554072,0.0978031955855825,-0.00634257596144309,0.133956495406056,0.0243516234554072,4,4,4,"other"
"Paragoniastrea australensis","Paragoniastrea australensis","Paragoniastrea","submassive","pacific",1,3,2,3,3,1,1,10,1,"spawner",NA,3.4,3.4,67.1,"Paragoniastrea","massive",0.5,1.22377543162212,2.30258509299405,4.20618404397764,2.19679500872813,0.688125470518593,-0.351521200469434,0.203705021988524,0.199277115465315,-0.0307398641372122,-0.0238420150067256,0.00808287490087089,-0.199277115465315,-0.0307398641372122,-0.0238420150067256,0.00808287490087089,7,2,2,"other"
"Paragoniastrea russelli","Paragoniastrea russelli","Paragoniastrea","submassive","pacific",2,4,2,3,3,1,1,16,1,"spawner",NA,NA,6.4,94.1,"Paragoniastrea","massive",0.5,1.85629799036563,2.77258872223978,4.54435804659133,1.88901173154241,0.775485379227247,-0.640186352671424,0.207620001734313,0.184658718161389,-0.030658902131258,-0.0256212636622345,0.015206636311346,-0.184658718161389,-0.030658902131258,-0.0256212636622345,0.015206636311346,7,2,2,"other"
"Paramontastrea salebrosa","Paramontastrea salebrosa","Paramontastraea","massive","pacific",2,2,2,2,4,1,1,4.7,1,"spawner",NA,NA,6.4,94.1,"Paramontastrea","massive",0.5,1.85629799036563,1.54756250871601,4.54435804659133,1.04911976643432,1.55400675836238,-0.268630955872379,0.501243990864821,0.114144587797251,-0.116915343487126,-0.0686247810581562,0.00929682681947961,-0.114144587797251,-0.116915343487126,-0.0686247810581562,0.00929682681947961,8,2,2,"other"
"Pavona bipartita","Pavona bipartita","Pavona","submassive","pacific",2,2,2,3,3,1,1,3.1,1,"spawner",100,NA,6.4,100,"Pavona","massive",0.5,1.85629799036563,1.1314021114911,4.60517018598809,1.39312947504759,0.464779474063525,-0.62418864984591,0.0781180606630227,0.156311519583869,-0.0222118650121638,-0.0218883688333372,0.00470982854910934,-0.156311519583869,-0.0222118650121638,-0.0218883688333372,0.00470982854910934,7,2,2,"other"
"Pavona cactus","Pavona cactus","Pavona","bifacial","pacific",4,1,5,2,3,5,2,1.4,1,"spawner",1000,37.9,37.9,1000,"Pavona","laminar",2.176,3.63495111208838,0.336472236621213,6.90775527898214,-2.20231961318911,-0.467182415197411,-2.12622357424633,1.50133196730037,-0.135599628760635,0.100829812402095,-0.135559804638075,0.128663167247061,0.135599628760635,0.100829812402095,-0.135559804638075,0.128663167247061,2,7,7,"other"
"Pavona clavus","Pavona clavus","Pavona","columnar","pacific",3,2,5,3,5,1,5,3.4,1,"spawner",2000,14.2,14.2,2000,"Pavona","columnar",0.9,2.65324196460721,1.22377543162212,7.60090245954208,-1.6703509997547,1.71722123203131,-3.22649950425102,-0.496246083338882,-0.0701661653611783,-0.233231218279033,0.110041833762277,-0.0859113578313072,0.0701661653611783,-0.233231218279033,0.110041833762277,-0.0859113578313072,6,9,9,"other"
"Pavona decussata","Pavona decussata","Pavona","bifacial","pacific",3,2,1,3,3,5,2,3.5,1,"spawner",20,NA,15.2,20,"Pavona","laminar",2.176,2.72129542785223,1.25276296849537,2.99573227355399,0.228194937474403,-1.12373992893411,1.47556179169489,-0.055424031006074,-0.00459783165958902,0.114840331265466,-0.0355759349990068,0.00818744376410728,0.00459783165958902,0.114840331265466,-0.0355759349990068,0.00818744376410728,9,6,6,"other"
"Pavona duerdeni","Pavona duerdeni","Pavona","massive","pacific",3,2,2,3,4,1,1,2.1,1,"spawner",NA,10.2,10.2,74.2,"Pavona","massive",0.5,2.32238772029023,0.741937344729377,4.30676415017333,0.945282912237469,0.844969855895734,-0.251243349142409,-0.517017938212613,0.124164329747172,-0.0868206979013792,0.0242735562823825,0.0205905044012606,-0.124164329747172,-0.0868206979013792,0.0242735562823825,0.0205905044012606,8,2,2,"other"
"Pavona explanulata","Pavona explanulata","Pavona","laminar","pacific",3,2,2,5,2,4,2,3,1,"spawner",NA,NA,12.5,82.7,"Pavona","laminar",2.176,2.52572864430826,1.09861228866811,4.41521960202965,0.793353222101432,-2.17292913532782,-0.729220398852343,-0.989455836596291,0.0192790584395345,0.202380844729429,0.0725925514461231,0.0317279117157932,-0.0192790584395345,0.202380844729429,0.0725925514461231,0.0317279117157932,9,6,6,"other"
"Pavona frondifera","Pavona frondifera","Pavona","bifacial","pacific",3,2,2,3,3,5,2,2.6,1,"spawner",NA,NA,15.2,91.7,"Pavona","laminar",2.176,2.72129542785223,0.955511445027436,4.51852237926242,-0.412436975701486,-1.03227815800502,-0.111457788414404,0.319319864735134,-0.0294661293228639,0.102587171660527,-0.0338320190537889,0.0470753726409749,0.0294661293228639,0.102587171660527,-0.0338320190537889,0.0470753726409749,9,6,6,"other"
"Pavona maldivensis","Pavona maldivensis","Pavona","columnar","pacific",3,2,1,4,5,1,5,4.1,1,"spawner",30,12.1,12.1,30,"Pavona","columnar",0.9,2.4932054526027,1.41098697371026,3.40119738166216,0.272989973023525,0.848549760545373,0.820450193598295,-2.34453843629354,-0.0105305707919519,-0.163830383589733,0.213891710097549,-0.154959461856212,0.0105305707919519,-0.163830383589733,0.213891710097549,-0.154959461856212,6,9,9,"other"
"Pavona minuta","Pavona minuta","Pavona","submassive","pacific",2,2,5,3,3,1,1,3.3,1,"spawner",550,NA,6.4,550,"Pavona","massive",0.5,1.85629799036563,1.19392246847243,6.30991827822652,0.790048337926727,0.643436892798186,-2.42009821559804,0.532689430973109,0.164982015853425,-0.036702915691987,-0.0311206402928325,0.0467051250222776,-0.164982015853425,-0.036702915691987,-0.0311206402928325,0.0467051250222776,7,2,2,"other"
"Pavona varians","Pavona varians","Pavona","encrusting","pacific",1,3,1,4,1,2,1,9.3,1,"spawner",NA,3.8,3.8,43.7,"Pavona","encrusting",1,1.33500106673234,2.23001440015921,3.77734810210154,2.7068208580895,-1.24939839360619,-0.125164535795254,0.188750424191421,0.249323561993709,0.118942602180236,0.0404566742886646,-0.0120163917871033,-0.249323561993709,0.118942602180236,0.0404566742886646,-0.0120163917871033,5,3,3,"other"
"Pavona venosa","Pavona venosa","Pavona","encrusting","pacific",1,3,1,4,1,2,1,9.3,1,"spawner",NA,NA,3.1,39.5,"Pavona","encrusting",1,1.1314021114911,2.23001440015921,3.67630067190708,2.84671609564566,-1.24756629785332,-0.0478268481981398,0.202960384052976,0.256187573595765,0.121543895122162,0.0408885576865463,-0.0133502635903331,-0.256187573595765,0.121543895122162,0.0408885576865463,-0.0133502635903331,5,3,3,"other"
"Pectinia alcicornis","Pectinia alcicornis","Pectinia","digitate","pacific",3,4,3,2,3,4,3,21.2,1,"spawner",NA,NA,15.2,149.6,"Pectinia","digitate",2.2,2.72129542785223,3.05400118167797,5.00796506554038,-0.29441988756704,0.264336961389137,-0.309333582124785,1.1759704551659,-0.0847097098378866,0.0441020601218318,-0.0807340583634395,0.0549573380882444,0.0847097098378866,0.0441020601218318,-0.0807340583634395,0.0549573380882444,2,7,7,"other"
"Pectinia elongata","Pectinia elongata","Pectinia","branching_closed","pacific",4,3,4,2,4,3,4,11,1,"spawner",NA,NA,29.2,212.4,"Pectinia","branching_closed",2.025,3.37416870927424,2.39789527279837,5.35847128936778,-1.1814974704696,0.986078891634715,-0.498180812941072,0.441538167739476,-0.128770582094907,-0.0836344908976671,-0.0247503922816962,0.0406013774769103,0.128770582094907,-0.0836344908976671,-0.0247503922816962,0.0406013774769103,4,4,4,"other"
"Pectinia lactuca","Pectinia lactuca","Pectinia","encrusting","pacific",1,5,2,4,1,2,1,30,1,"spawner",100,NA,3.2,100,"Pectinia","encrusting",1,1.16315080980568,3.40119738166216,4.60517018598809,2.83026695734834,-0.932652249987729,-1.07725255993339,0.545102594726792,0.255962232065068,0.122979524856203,0.0347661490766537,0.0124720201570004,-0.255962232065068,0.122979524856203,0.0347661490766537,0.0124720201570004,5,3,3,"other"
"Pectinia maxima","Pectinia maxima","Pectinia","laminar","pacific",3,4,2,5,2,4,2,15,1,"spawner",100,NA,12.5,100,"Pectinia","laminar",2.176,2.52572864430826,2.70805020110221,4.60517018598809,1.1887055068601,-1.84384325093894,-1.00739565701189,-0.796718480044489,0.0408564824442328,0.204437821479202,0.0756524366021814,0.0573873569488862,-0.0408564824442328,0.204437821479202,0.0756524366021814,0.0573873569488862,9,6,6,"other"
"Pectinia paeonia","Pectinia paeonia","Pectinia","laminar","pacific",3,5,2,5,2,4,2,35,1,"spawner",100,NA,12.5,100,"Pectinia","laminar",2.176,2.52572864430826,3.55534806148941,4.60517018598809,1.43327635506778,-1.68036654844595,-1.04867317565649,-0.721590776992121,0.0488005574374441,0.214050595689282,0.0782146168349368,0.0580233783369673,-0.0488005574374441,0.214050595689282,0.0782146168349368,0.0580233783369673,9,6,6,"other"
"Pectinia pygmaeus","Pectinia pygmaeus","Pectinia","branching_closed","pacific",4,2,4,2,4,3,4,4.7,1,"spawner",NA,NA,29.2,212.4,"Pectinia","branching_closed",2.025,3.37416870927424,1.54756250871601,5.35847128936778,-1.42694433761424,0.82201663821369,-0.45675544393627,0.366141367650208,-0.135361238984621,-0.0745476743938944,-0.0224050227562426,0.0352877294166543,0.135361238984621,-0.0745476743938944,-0.0224050227562426,0.0352877294166543,4,4,4,"other"
"Pectinia teres","Pectinia teres","Pectinia","branching_closed","pacific",4,3,4,2,4,3,4,6.2,1,"spawner",NA,NA,29.2,212.4,"Pectinia","branching_closed",2.025,3.37416870927424,1.82454929205105,5.35847128936778,-1.34699265154294,0.875458158711641,-0.470249313858464,0.390701067114474,-0.132682866263568,-0.0775539881501217,-0.0232130313472622,0.0371682356832783,0.132682866263568,-0.0775539881501217,-0.0232130313472622,0.0371682356832783,4,4,4,"other"
"Physogyra lichtensteini","Physogyra lichtensteini","Physogyra","massive","pacific",1,4,2,3,4,1,1,20,1,"spawner",100,NA,4.1,100,"Physogyra","massive",0.5,1.41098697371026,2.99573227355399,4.60517018598809,1.94853732152195,1.36138112836591,-0.804386778707812,-0.0558259398319194,0.180173889787317,-0.109520721193129,0.0147571930085642,0.04001649075012,-0.180173889787317,-0.109520721193129,0.0147571930085642,0.04001649075012,8,2,2,"other"
"Physophyllia ayleni","Physophyllia ayleni","Physophyllia","laminar","pacific",3,4,3,5,2,4,2,15,1,NA,NA,NA,12.5,134.8,NA,"laminar",2.176,2.52572864430826,2.70805020110221,4.90379219847821,1.07990213047529,-1.81466071192819,-1.32145296168966,-0.718061931563222,0.0351902032415371,0.204533194171861,0.0761377064447426,0.0694913118782048,-0.0351902032415371,0.204533194171861,0.0761377064447426,0.0694913118782048,9,6,6,"other"
"Platygyra acuta","Platygyra acuta","Platygyra","massive","pacific",2,2,2,3,4,1,1,5.2,1,"spawner",NA,NA,6.4,94.1,"Platygyra","massive",0.5,1.85629799036563,1.64865862558738,4.54435804659133,1.35641129188868,1.06993023961311,-0.611524871963217,-0.280579102458025,0.149440455802666,-0.0939905290151989,0.019791528049652,0.0272042862296744,-0.149440455802666,-0.0939905290151989,0.019791528049652,0.0272042862296744,8,2,2,"other"
"Platygyra carnosus","Platygyra carnosus","Platygyra","massive","pacific",2,2,1,2,4,1,1,5,1,"spawner",40,NA,6.4,40,"Platygyra","massive",0.5,1.85629799036563,1.6094379124341,3.68887945411394,1.37867488232493,1.48234413546205,0.628051588229327,0.281398663732771,0.132221247928871,-0.122423064330268,-0.0688898351978964,-0.0104521246618901,-0.132221247928871,-0.122423064330268,-0.0688898351978964,-0.0104521246618901,8,2,2,"other"
"Platygyra contorta","Platygyra contorta","Platygyra","massive","pacific",2,2,2,2,4,1,1,5.6,1,"spawner",NA,NA,6.4,94.1,"Platygyra","massive",0.5,1.85629799036563,1.7227665977411,4.54435804659133,1.09969207950818,1.58781043954248,-0.277166313259021,0.516778882889477,0.116907473351558,-0.118528239010296,-0.0695749313742231,0.0105086467522656,-0.116907473351558,-0.118528239010296,-0.0695749313742231,0.0105086467522656,8,2,2,"other"
"Platygyra daedalea","Platygyra daedalea","Platygyra","massive","pacific",3,3,3,3,4,1,1,10,1,"spawner",NA,22,22,182.4,"Platygyra","massive",0.5,3.09104245335832,2.30258509299405,5.20620207764023,0.678893300158867,1.18977883743563,-1.16397053351507,-0.295859616593342,0.117394923322906,-0.10648670712018,0.0232919411401115,0.0610609698710478,-0.117394923322906,-0.10648670712018,0.0232919411401115,0.0610609698710478,8,2,2,"other"
"Platygyra lamellina","Platygyra lamellina","Platygyra","massive","pacific",2,3,3,3,4,1,1,9.1,1,"spawner",NA,7.4,7.4,101.7,"Platygyra","massive",0.5,2.00148000021012,2.2082744135228,4.62202730305451,1.41614135408328,1.17714413004257,-0.699840039506861,-0.23961338189492,0.152670354722656,-0.0981184329913458,0.0185295580384593,0.0340243276520785,-0.152670354722656,-0.0981184329913458,0.0185295580384593,0.0340243276520785,8,2,2,"other"
"Platygyra pini","Platygyra pini","Platygyra","massive","pacific",2,3,2,3,4,1,1,7.2,1,"spawner",NA,NA,6.4,94.1,"Platygyra","massive",0.5,1.85629799036563,1.97408102602201,4.54435804659133,1.45034382284503,1.1327168739569,-0.627378363196124,-0.251724742486824,0.154708778450072,-0.0966049101579062,0.0194290554216362,0.029678416443605,-0.154708778450072,-0.0966049101579062,0.0194290554216362,0.029678416443605,8,2,2,"other"
"Platygyra ryukyuensis","Platygyra ryukyuensis","Platygyra","massive","pacific",2,2,2,2,4,1,1,3.3,1,"spawner",NA,NA,6.4,94.1,"Platygyra","massive",0.5,1.85629799036563,1.19392246847243,4.54435804659133,0.947042269669432,1.48577584412156,-0.251402795579422,0.469887645979557,0.108376121876328,-0.114082736167232,-0.0675125937221237,0.00759622278984543,-0.108376121876328,-0.114082736167232,-0.0675125937221237,0.00759622278984543,8,2,2,"other"
"Platygyra sinensis","Platygyra sinensis","Platygyra","massive","pacific",2,3,3,2,4,1,1,6.7,1,"spawner",NA,8.4,8.4,108.8,"Platygyra","massive",0.5,2.12823170584927,1.90210752639692,4.68951133442184,0.960896561735006,1.62096116291775,-0.399915700559147,0.516385534030809,0.109364834707045,-0.119689459420912,-0.0694219952684514,0.0183297730182799,-0.109364834707045,-0.119689459420912,-0.0694219952684514,0.0183297730182799,8,2,2,"other"
"Platygyra verweyi","Platygyra verweyi","Platygyra","massive","pacific",2,2,2,2,4,1,1,4.7,1,"spawner",NA,NA,6.4,94.1,"Platygyra","massive",0.5,1.85629799036563,1.54756250871601,4.54435804659133,1.04911976643432,1.55400675836238,-0.268630955872379,0.501243990864821,0.114144587797251,-0.116915343487126,-0.0686247810581561,0.00929682681947966,-0.114144587797251,-0.116915343487126,-0.0686247810581561,0.00929682681947966,8,2,2,"other"
"Platygyra yaeyamaensis","Platygyra yaeyamaensis","Platygyra","massive","pacific",2,2,2,2,4,1,1,5.1,1,"spawner",NA,NA,6.4,94.1,"Platygyra","massive",0.5,1.85629799036563,1.62924053973028,4.54435804659133,1.07269596821531,1.569765626407,-0.272610036436213,0.508486169969508,0.115442153152176,-0.117648105018712,-0.0690585692812415,0.00987591503739166,-0.115442153152176,-0.117648105018712,-0.0690585692812415,0.00987591503739166,8,2,2,"other"
"Plerogyra discus","Plerogyra discus","Plerogyra","massive","pacific",1,4,1,3,4,1,1,20.8,1,"spawner",30,NA,4.1,30,"Plerogyra","massive",0.5,1.41098697371026,3.03495298670727,3.40119738166216,2.39852759260749,1.25129128471516,0.45990674408538,-0.369472803624884,0.207365947669327,-0.117299279153526,0.0199243825861511,0.0168222174333552,-0.207365947669327,-0.117299279153526,0.0199243825861511,0.0168222174333552,8,2,2,"other"
"Plerogyra simplex","Plerogyra simplex","Plerogyra","branching_closed","pacific",3,4,4,3,4,3,4,20,1,"spawner",NA,NA,18.9,241.4,"Plerogyra","branching_closed",2.025,2.9391619220656,2.99573227355399,5.48645530866343,-0.55721780165209,0.635362824426338,-1.06169085592751,-0.175301805357093,-0.0778635244319654,-0.0690703604946812,0.0560908547456807,0.0498403888449353,0.0778635244319654,-0.0690703604946812,0.0560908547456807,0.0498403888449353,4,4,4,"other"
"Plerogyra sinuosa","Plerogyra sinuosa","Plerogyra","massive","pacific",1,5,2,3,4,1,1,30,1,"spawner",100,NA,4.1,100,"Plerogyra","massive",0.5,1.41098697371026,3.40119738166216,4.60517018598809,2.06557402141792,1.43961111329612,-0.82413968301943,-0.0198744006339733,0.186445804231311,-0.113166522887469,0.013638511198062,0.0411513765022777,-0.186445804231311,-0.113166522887469,0.013638511198062,0.0411513765022777,8,2,2,"other"
"Plesiastrea versipora","Plesiastrea versipora","Plesiastrea","massive","pacific",1,2,4,3,4,1,1,4.6,1,"spawner",233.3,4.1,4.1,233.3,"Pleisiastrea","massive",0.5,1.41098697371026,1.52605630349505,5.45232517902738,1.21565607805697,1.16061086746676,-1.62373215356221,0.0370009410331857,0.155445837745099,-0.108499993195654,0.0140781216756101,0.0555392579872258,-0.155445837745099,-0.108499993195654,0.0140781216756101,0.0555392579872258,8,2,2,"other"
"Pleuractis granulosa","Pleuractis granulosa","Pleuractis","solitary_free","pacific",2,5,1,3,1,1,1,120,1,"spawner",13.5,5.7,5.7,13.5,NA,"massive",0.5,1.7404661748405,4.78749174278205,2.60268968544438,3.65306329847437,-0.0414381653489189,1.33940921399786,0.675156848905369,0.330966344085832,0.0354878100372534,-0.0488205572147638,-0.0874161201631406,-0.330966344085832,0.0354878100372534,-0.0488205572147638,-0.0874161201631406,5,1,1,"other"
"Pleuractis moluccensis","Pleuractis moluccensis","Pleuractis","solitary_free","pacific",2,5,1,3,1,1,1,160,1,"spawner",NA,NA,6.5,24.2,NA,"massive",0.5,1.87180217690159,5.07517381523383,3.18635263316264,3.45695065768188,0.0635530075032718,0.73022644853976,0.828065224257671,0.318450403806347,0.0361210066257007,-0.0472087995166381,-0.080365223382857,-0.318450403806347,0.0361210066257007,-0.0472087995166381,-0.080365223382857,5,1,1,"other"
"Pleuractis paumotensis","Pleuractis paumotensis","Pleuractis","solitary_free","pacific",2,5,1,3,1,1,1,235,1,"spawner",25,NA,6.5,25,NA,"massive",0.5,1.87180217690159,5.45958551414416,3.2188758248682,3.55606045925021,0.140899267731409,0.677294932680867,0.870716567654504,0.324035580080144,0.0363107154971922,-0.0487460141423616,-0.0808214929068453,-0.324035580080144,0.0363107154971922,-0.0487460141423616,-0.0808214929068453,5,1,1,"other"
"Pocillopora ankeli","Pocillopora ankeli","Pocillopora","branching_closed","pacific",3,1,2,4,4,3,4,1,1,"spawner",NA,NA,24.4,62.9,"Pocillopora","branching_closed",2.025,3.19458313229916,0,4.1415461637064,-0.783115119957164,-0.592328825178834,0.19700468873381,-1.63717659355932,-0.100279984596268,-0.0051748949221015,0.134444545255522,0.0240432664028443,0.100279984596268,-0.0051748949221015,0.134444545255522,0.0240432664028443,4,4,4,"Pocillopora"
"Pocillopora capitata","Pocillopora capitata","Pocillopora","branching_open","pacific",3,1,2,4,5,4,5,0.4,1,"spawner",NA,NA,24.4,62.9,"Pocillopora","branching_open",2.025,3.19458313229916,-0.916290731874155,4.1415461637064,-1.81391534029422,-0.615595427038888,0.380272988507091,-2.07521039703506,-0.222159295619989,0.0102146903383406,0.220150275080718,-0.0433612221561451,0.222159295619989,0.0102146903383406,0.220150275080718,-0.0433612221561451,4,8,8,"Pocillopora"
"Pocillopora damicornis","Pocillopora damicornis","Pocillopora","branching_closed","pacific",4,1,4,4,4,3,4,1,1,"brooder",200,35.4,34.8,200,"Pocillopora","branching_closed",2.025,3.54961738678043,0,5.29831736654804,-1.38433383452312,-0.499698832578052,-0.969105506940167,-1.40367646727487,-0.128693683207404,-0.00717213777627336,0.135885298735617,0.0661059132213594,0.128693683207404,-0.00717213777627336,0.135885298735617,0.0661059132213594,4,4,4,"Pocillopora"
"Pocillopora danae","Pocillopora danae","Pocillopora","branching_open","pacific",2,1,2,4,5,4,5,1.2,1,"spawner",100,8.2,8.2,100,"Pocillopora","branching_open",2.025,2.10413415427021,0.182321556793955,4.60517018598809,-1.11365066134602,-0.295622840250195,-0.31579555033597,-1.63702452642588,-0.173410586016442,-0.00312020323028178,0.193070195898042,-0.0362110987264573,0.173410586016442,-0.00312020323028178,0.193070195898042,-0.0362110987264573,4,4,4,"Pocillopora"
"Pocillopora elegans","Pocillopora elegans","Pocillopora","branching_closed","pacific",4,1,2,4,4,3,4,1,1,"spawner",NA,36.9,36.9,78.6,"Pocillopora","branching_closed",2.025,3.60821155104648,0,4.36437169943516,-1.0737144972115,-0.594336883619027,0.0214409195015874,-1.66142553368755,-0.1151719760787,-0.00623339692770717,0.133591414660305,0.0365446533689521,0.1151719760787,-0.00623339692770717,0.133591414660305,0.0365446533689521,4,4,4,"Pocillopora"
"Pocillopora eydouxi","Pocillopora eydouxi","Pocillopora","branching_open","pacific",4,1,2,4,5,4,5,1,1,"spawner",100,41.4,42.6,100,"Pocillopora","branching_open",2.025,3.75185425327532,0,4.60517018598809,-2.00048819484142,-0.425542978652534,-0.0727618224212582,-1.98359154078193,-0.235776689368539,0.007401944098653,0.20719670831679,-0.0127212620590306,0.235776689368539,0.007401944098653,0.20719670831679,-0.0127212620590306,4,8,8,"Pocillopora"
"Pocillopora kelleheri","Pocillopora kelleheri","Pocillopora","branching_open","pacific",3,1,2,4,5,4,5,1.2,1,"spawner",NA,NA,24.4,62.9,"Pocillopora","branching_open",2.025,3.19458313229916,0.182321556793955,4.1415461637064,-1.49680308042359,-0.403630399548236,0.326752271237776,-1.97779929563676,-0.206666383871527,0.00772223444816366,0.208550781665981,-0.0422359363660831,0.206666383871527,0.00772223444816366,0.208550781665981,-0.0422359363660831,4,4,4,"Pocillopora"
"Pocillopora meandrina","Pocillopora meandrina","Pocillopora","branching_closed","pacific",3,1,2,2,4,3,4,0.7,1,"spawner",100,20.5,20.5,100,"Pocillopora","branching_closed",2.025,3.02042488614436,-0.356674943938732,4.60517018598809,-1.52303824538179,0.4013397138206,0.377981390963562,0.0698120520225479,-0.139845334472194,-0.0586655332964837,-0.0196068055868324,0.0126558081053863,0.139845334472194,-0.0586655332964837,-0.0196068055868324,0.0126558081053863,4,4,4,"Pocillopora"
"Pocillopora verrucosa","Pocillopora verrucosa","Pocillopora","branching_closed","pacific",4,1,1,3,4,3,4,0.7,1,"spawner",50,29,26.3,50,"Pocillopora","branching_closed",2.025,3.26956893918372,-0.356674943938732,3.91202300542815,-1.11851581462938,-0.184304974741577,0.804392358165398,-0.953507198461901,-0.103894531160492,-0.0386750485236735,0.0591605598744537,-0.00588513151796136,0.103894531160492,-0.0386750485236735,0.0591605598744537,-0.00588513151796136,4,4,4,"Pocillopora"
"Pocillopora woodjonesi","Pocillopora woodjonesi","Pocillopora","branching_open","pacific",3,1,2,3,5,4,5,1.1,1,"spawner",NA,NA,24.4,62.9,"Pocillopora","branching_open",2.025,3.19458313229916,0.0953101798043249,4.1415461637064,-1.80002907362453,0.0831636131768671,0.66896002589678,-1.19472734497003,-0.203125448771691,-0.0358853954859349,0.113098443750954,-0.0527500267664987,0.203125448771691,-0.0358853954859349,0.113098443750954,-0.0527500267664987,4,4,4,"Pocillopora"
"Pocillopora zelli","Pocillopora zelli","Pocillopora","branching_open","pacific",3,1,2,3,5,4,5,1.2,1,"spawner",NA,NA,24.4,62.9,"Pocillopora","branching_open",2.025,3.19458313229916,0.182321556793955,4.1415461637064,-1.77491341209749,0.0999514910350021,0.664721122550158,-1.18701227191453,-0.201578766682887,-0.0364708025299833,0.112804307406882,-0.0525870456902878,0.201578766682887,-0.0364708025299833,0.112804307406882,-0.0525870456902878,4,4,4,"Pocillopora"
"Podabacia crustacea","Podabacia crustacea","Podabacia","encrusting","pacific",1,2,3,4,1,2,1,3,1,"spawner",150,NA,3.2,150,"Podabacia","encrusting",1,1.16315080980568,1.09861228866811,5.01063529409626,2.01789851567394,-1.33728677093016,-1.39150126166636,0.447737193045385,0.206082716077552,0.120134794497682,0.0318809400211483,0.0109406452019949,-0.206082716077552,0.120134794497682,0.0318809400211483,0.0109406452019949,5,3,3,"other"
"Podabacia motuporensis","Podabacia motuporensis","Podabacia","encrusting","pacific",1,2,1,4,1,2,1,2.8,1,"spawner",NA,NA,3.2,16.5,"Podabacia","encrusting",1,1.16315080980568,1.02961941718116,2.80336038090653,2.80220777228661,-1.56630192289296,0.933225248532655,-0.139772819049461,0.247377663343966,0.130381107611175,0.039782715947562,-0.038631216463051,-0.247377663343966,0.130381107611175,0.039782715947562,-0.038631216463051,5,3,3,"other"
"Polyphyllia novaehiberniae","Polyphyllia novaehiberniae","Polyphyllia","massive","pacific",2,2,1,3,4,1,1,4.7,1,"spawner",NA,NA,6.5,38,NA,"massive",0.5,1.87180217690159,1.54756250871601,3.63758615972639,1.64976430156447,0.960920003184578,0.349244906778117,-0.531494162523421,0.166199037621756,-0.0979646937900027,0.0234947272541804,0.00850573746663113,-0.166199037621756,-0.0979646937900027,0.0234947272541804,0.00850573746663113,8,2,2,"other"
"Polyphyllia talpina","Polyphyllia talpina","Polyphyllia","massive","pacific",2,3,2,3,4,1,1,6.9,1,"spawner",NA,NA,6.5,53,NA,"massive",0.5,1.87180217690159,1.93152141160321,3.97029191355212,1.63937143948414,1.06751394362436,-0.0193630669842406,-0.409815372680015,0.165376251950108,-0.098931809449259,0.0233616625037075,0.0164365007107634,-0.165376251950108,-0.098931809449259,0.0233616625037075,0.0164365007107634,8,2,2,"other"
"Porites annae","Porites annae","Porites","digitate","pacific",3,1,2,2,3,4,3,1.1,1,"spawner",NA,NA,17.6,92.1,"Porites...Branching","digitate",2.2,2.86789890204411,0.0953101798043249,4.52287494326126,-1.04591954879858,-0.362344163078433,0.36580089932818,0.756462110678787,-0.113193884029957,0.0582299862834735,-0.0588378195232549,0.0277380487813855,0.113193884029957,0.0582299862834735,-0.0588378195232549,0.0277380487813855,2,7,7,"Porites"
"Porites aranetai","Porites aranetai","Porites","digitate","pacific",3,1,2,2,3,4,3,1,1,NA,NA,NA,17.6,92.1,"Porites...Branching","digitate",2.2,2.86789890204411,0,4.52287494326126,-1.07343064331134,-0.380733202679341,0.370444092599192,0.74801120430811,-0.114389205682899,0.058942738886891,-0.0589919678202375,0.0279979368321986,0.114389205682899,0.058942738886891,-0.0589919678202375,0.0279979368321986,2,7,7,"Porites"
"Porites arnaudi","Porites arnaudi","Porites","laminar","pacific",3,1,2,3,2,4,2,1.1,1,NA,NA,NA,14.5,83,"Porites...Branching","laminar",2.176,2.67414864942653,0.0953101798043249,4.4188406077966,-0.128930280003626,-1.3675215714806,0.0128780960353,0.474350585300184,-0.0139998872971114,0.143139037111222,-0.0141352402676844,0.00142079597180256,0.0139998872971114,0.143139037111222,-0.0141352402676844,0.00142079597180256,9,6,6,"Porites"
"Porites attenuata","Porites attenuata","Porites","branching_closed","pacific",5,2,3,1,4,3,4,2.1,1,NA,NA,NA,64.6,185.1,"Porites...Branching","branching_closed",2.025,4.16821441078856,0.741937344729377,5.22089621957945,-2.28948201957437,1.11106042514035,0.177985880675057,0.890036509599418,-0.183805618229258,-0.0890680694799917,-0.0408597258697381,0.0703695388637832,0.183805618229258,-0.0890680694799917,-0.0408597258697381,0.0703695388637832,4,4,4,"Porites"
"Porites australiensis","Porites australiensis","Porites","massive","pacific",3,1,2,2,4,1,1,1.4,1,NA,NA,12.5,12.5,76.7,"Porites...Massive","massive",0.5,2.52572864430826,0.336472236621213,4.33990170837321,0.435114342953019,1.26186807782069,0.10052407519003,0.205771977961339,0.077351964390457,-0.106639584398111,-0.0577937920777787,0.00628825995867843,-0.077351964390457,-0.106639584398111,-0.0577937920777787,0.00628825995867843,8,2,2,"Porites"
"Porites cocosensis","Porites cocosensis","Porites","digitate","pacific",3,1,2,2,3,4,3,1.5,1,NA,NA,NA,17.6,92.1,"Porites...Branching","digitate",2.2,2.86789890204411,0.405465108108164,4.52287494326126,-0.956393943415375,-0.302503217749133,0.350691188287574,0.783962743506056,-0.10863453453142,0.0556818430527589,-0.0588846260028796,0.0272570632489425,0.10863453453142,0.0556818430527589,-0.0588846260028796,0.0272570632489425,2,7,7,"Porites"
"Porites cumulatus","Porites cumulatus","Porites","branching_closed","pacific",4,1,3,1,4,3,4,1.1,1,NA,NA,NA,33.8,130.8,"Porites...Branching","branching_closed",2.025,3.52046080248897,0.0953101798043249,4.8736694390231,-2.02167117883502,0.989614074103933,0.482611812279086,0.871130424221214,-0.17449735783734,-0.0733929850891393,-0.0363002112792568,0.0485892762608662,0.17449735783734,-0.0733929850891393,-0.0363002112792568,0.0485892762608662,4,4,4,"Porites"
"Porites cylindrica","Porites cylindrica","Porites","encrusting_long_uprights","pacific",3,1,5,2,2,3,2,1.1,1,"spawner",1000,18.4,18.4,1000,"Porites...Branching","encrusting",1,2.91235066461494,0.0953101798043249,6.90775527898214,-1.17104466608689,-0.285361571519569,-2.2746628679761,1.73251088961297,-0.0408126132249741,0.10885100894406,-0.106236182023578,0.0476177456400142,0.0408126132249741,0.10885100894406,-0.106236182023578,0.0476177456400142,9,6,6,"Porites"
"Porites deformis","Porites deformis","Porites","digitate","pacific",3,1,2,1,3,4,3,1.6,1,NA,NA,NA,17.6,92.1,"Porites...Branching","digitate",2.2,2.86789890204411,0.470003629245736,4.52287494326126,-1.21587535886674,0.213530662993177,0.685515938647862,1.58047223045892,-0.123304716372787,0.059219678432297,-0.0837997120496589,0.0576743578248072,0.123304716372787,0.059219678432297,-0.0837997120496589,0.0576743578248072,2,7,7,"Porites"
"Porites densa","Porites densa","Porites","massive","pacific",2,1,1,2,4,1,1,1.3,1,NA,15,NA,7.4,15,"Porites...Massive","massive",0.5,2.00148000021012,0.262364264467491,2.70805020110221,1.27370833086274,1.11824278295943,1.74583455189747,-0.125503593197791,0.120215932931239,-0.124624829913785,-0.0748634492271969,-0.0251137315198998,-0.120215932931239,-0.124624829913785,-0.0748634492271969,-0.0251137315198998,8,2,2,"Porites"
"Porites eridani","Porites eridani","Porites","digitate","pacific",3,1,2,1,3,4,3,0.8,1,NA,NA,NA,17.6,92.1,"Porites...Branching","digitate",2.2,2.86789890204411,-0.22314355131421,4.52287494326126,-1.4159509188414,0.079795620432733,0.719283751605558,1.51901266825857,-0.133546947475761,0.0651119266167739,-0.0847452199556424,0.059607968491408,0.133546947475761,0.0651119266167739,-0.0847452199556424,0.059607968491408,2,7,7,"Porites"
"Porites evermanni","Porites evermanni","Porites","columnar","pacific",3,1,3,2,5,1,5,1,1,"spawner",120,11.6,11.6,120,"Porites...Branching","columnar",0.9,2.45100509811232,0,4.78749174278205,-1.1742424320489,1.72138003128668,0.101179831651021,-0.514463261117106,-0.106805159072757,-0.211803785992873,-0.00210461382916047,-0.125064402249817,0.106805159072757,-0.211803785992873,-0.00210461382916047,-0.125064402249817,6,9,9,"Porites"
"Porites heronensis","Porites heronensis","Porites","columnar","pacific",3,1,2,2,5,1,5,1.5,1,"brooder",NA,10.5,10.5,69.9,"Porites...Branching","columnar",0.9,2.35137525716348,0.405465108108164,4.24706564923976,-0.809859897550792,1.75252608845643,0.635628735993428,-0.600881281056259,-0.0875307864420202,-0.214225855928553,-0.000331432290561743,-0.148235466110882,0.0875307864420202,-0.214225855928553,-0.000331432290561743,-0.148235466110882,6,9,9,"Porites"
"Porites horizontalata","Porites horizontalata","Porites","digitate","pacific",3,1,2,2,3,4,3,1.7,1,NA,NA,NA,17.6,92.1,"Porites...Branching","digitate",2.2,2.86789890204411,0.53062825106217,4.52287494326126,-0.920265850252705,-0.27835438079299,0.344593658471389,0.795060634668737,-0.10659862475428,0.0547796162365077,-0.059360596877797,0.0272561074351373,0.10659862475428,0.0547796162365077,-0.059360596877797,0.0272561074351373,2,7,7,"Porites"
"Porites latistella","Porites latistella","Porites","digitate","pacific",3,1,2,1,3,4,3,1.4,1,NA,NA,NA,17.6,92.1,"Porites...Branching","digitate",2.2,2.86789890204411,0.336472236621213,4.52287494326126,-1.25441893071242,0.187767265295491,0.692021141607042,1.56863234830853,-0.12567395712996,0.0604101450163311,-0.0834481719076613,0.0576908466090523,0.12567395712996,0.0604101450163311,-0.0834481719076613,0.0576908466090523,2,7,7,"Porites"
"Porites lichen","Porites lichen","Porites","laminar","pacific",3,1,2,3,2,4,2,1.4,1,NA,NA,16.3,16.3,88.5,"Porites...Branching","laminar",2.176,2.79116510781272,0.336472236621213,4.48300255201388,-0.141940139326579,-1.32145026926729,-0.0497200931668082,0.489169795630048,-0.0155660443118704,0.140964298868927,-0.0137265935817226,0.00450387498238102,0.0155660443118704,0.140964298868927,-0.0137265935817226,0.00450387498238102,9,6,6,"Porites"
"Porites lobata","Porites lobata","Porites","massive","pacific",2,1,5,2,4,1,1,1.1,1,"spawner",542.5,9.3,9.2,542.5,"Porites...Massive","massive",0.5,2.21920348405499,0.0953101798043249,6.29618808541461,-0.192084346196406,1.42413974884941,-1.98869019167831,0.761135850784116,0.0793208179165936,-0.130193567511572,-0.079507458522421,0.0529487538198239,-0.0793208179165936,-0.130193567511572,-0.079507458522421,0.0529487538198239,8,2,2,"Porites"
"Porites lutea","Porites lutea","Porites","massive","pacific",3,1,4,2,4,1,1,1.3,1,"spawner",400,14.5,14,400,"Porites...Massive","massive",0.5,2.63905732961526,0.262364264467491,5.99146454710798,-0.245402420308039,1.40245075110503,-1.61669036577865,0.611495278442701,0.0659294358091919,-0.124488851932358,-0.0710933736020654,0.0502733861441401,-0.0659294358091919,-0.124488851932358,-0.0710933736020654,0.0502733861441401,8,2,2,"Porites"
"Porites mayeri","Porites mayeri","Porites","massive","pacific",3,1,4,1,4,1,1,1.6,1,NA,400,13,13,400,"Porites...Massive","massive",0.5,2.56494935746154,0.470003629245736,5.99146454710798,-0.426058539715838,1.95035552633359,-1.29936822985816,1.43555328554254,0.0795489854260989,-0.148387141171929,-0.0949404933377828,0.0860156762336299,-0.0795489854260989,-0.148387141171929,-0.0949404933377828,0.0860156762336299,8,2,2,"Porites"
"Porites monticulosa","Porites monticulosa","Porites","encrusting","pacific",1,1,2,3,1,2,1,1.2,1,NA,100,NA,3.6,100,"Porites...Massive","encrusting",1,1.28093384546206,0.182321556793955,4.60517018598809,1.56340308505507,-1.05688914019128,-0.565733113947987,1.02686238144935,0.167870319678474,0.0924229941520573,-0.0481225106437101,-0.0266000391522426,-0.167870319678474,0.0924229941520573,-0.0481225106437101,-0.0266000391522426,5,3,3,"Porites"
"Porites murrayensis","Porites murrayensis","Porites","massive","pacific",2,1,1,2,4,1,1,1,1,"brooder",20,NA,7.4,20,"Porites...Massive","massive",0.5,2.00148000021012,0,2.99573227355399,1.09316001299549,1.09573595917085,1.45606416488356,-0.0729917656388554,0.114113176105998,-0.120557971667146,-0.0734311861191223,-0.0252633770578419,-0.114113176105998,-0.120557971667146,-0.0734311861191223,-0.0252633770578419,8,2,2,"Porites"
"Porites myrmidonensis","Porites myrmidonensis","Porites","massive","pacific",2,1,4,2,4,1,1,1.4,1,NA,400,NA,7.4,400,"Porites...Massive","massive",0.5,2.00148000021012,0.336472236621213,5.99146454710798,0.0987825278475991,1.45340949193145,-1.7109045005372,0.745913323811426,0.0876964834684553,-0.128425851240331,-0.0794925228928534,0.0446860382193646,-0.0876964834684553,-0.128425851240331,-0.0794925228928534,0.0446860382193646,8,2,2,"Porites"
"Porites negrosensis","Porites negrosensis","Porites","branching_closed","pacific",4,1,3,1,4,3,4,1.7,1,NA,NA,NA,33.8,130.8,"Porites...Branching","branching_closed",2.025,3.52046080248897,0.53062825106217,4.8736694390231,-1.89601748028914,1.07360385638938,0.461404571422295,0.909728948211164,-0.166868972569341,-0.0765950595008745,-0.0364997723010659,0.0490302284862824,0.166868972569341,-0.0765950595008745,-0.0364997723010659,0.0490302284862824,4,4,4,"Porites"
"Porites nigrescens","Porites nigrescens","Porites","branching_closed","pacific",3,1,2,1,4,3,4,1.6,1,NA,NA,17.8,17.8,92.8,"Porites...Branching","branching_closed",2.025,2.87919845729804,0.470003629245736,4.53044663979215,-1.46380343209711,1.06523822143629,0.734193928123718,0.942535201253597,-0.140907596659765,-0.0751921396890431,-0.0353957671606723,0.0331815219775469,0.140907596659765,-0.0751921396890431,-0.0353957671606723,0.0331815219775469,4,4,4,"Porites"
"Porites ornata","Porites ornata","Porites","branching_closed","pacific",4,1,3,1,4,3,4,1.5,1,NA,NA,NA,33.8,130.8,"Porites...Branching","branching_closed",2.025,3.52046080248897,0.405465108108164,4.8736694390231,-1.93214557345181,1.04945501943323,0.467502101238479,0.898631057048483,-0.169171172131576,-0.0755363110836409,-0.036176833498867,0.0488437401891641,0.169171172131576,-0.0755363110836409,-0.036176833498867,0.0488437401891641,4,4,4,"Porites"
"Porites profundus","Porites profundus","Porites","branching_closed","pacific",4,1,3,1,4,3,4,0.9,1,NA,NA,NA,33.8,130.8,"Porites...Branching","branching_closed",2.025,3.52046080248897,-0.105360515657826,4.8736694390231,-2.07959437738668,0.950896894331832,0.492387817578541,0.853337474274305,-0.177408581130756,-0.0726757536102469,-0.0366353203925352,0.049018923614658,0.177408581130756,-0.0726757536102469,-0.0366353203925352,0.049018923614658,4,4,4,"Porites"
"Porites rugosa","Porites rugosa","Porites","branching_closed","pacific",4,1,2,1,4,3,4,0.9,1,NA,100,NA,33.8,100,"Porites...Branching","branching_closed",2.025,3.52046080248897,-0.105360515657826,4.60517018598809,-1.98176627341201,0.924658072013567,0.774765365747261,0.78261521124545,-0.172130043586576,-0.0715968403939357,-0.0362556658885395,0.0402471445714355,0.172130043586576,-0.0715968403939357,-0.0362556658885395,0.0402471445714355,4,4,4,"Porites"
"Porites rus","Porites rus","Porites","digitate","pacific",3,1,5,1,3,4,3,0.8,1,"spawner",500,15.2,15.2,500,"Porites...Branching","digitate",2.2,2.72129542785223,-0.22314355131421,6.21460809842219,-1.95811374342923,0.253548198412486,-1.08072567040049,1.99400935413032,-0.153157659368866,0.0675434054607806,-0.102422480091731,0.110712600673286,0.153157659368866,0.0675434054607806,-0.102422480091731,0.110712600673286,2,7,7,"Porites"
"Porites sillimaniani","Porites sillimaniani","Porites","digitate","pacific",3,1,2,2,3,4,3,1.9,1,NA,NA,NA,17.6,92.1,"Porites...Branching","digitate",2.2,2.86789890204411,0.641853886172395,4.52287494326126,-0.88816079110749,-0.256894631027778,0.33917511743445,0.804922723170357,-0.104736632086594,0.0540858490155594,-0.0596929051627816,0.0271333523838117,0.104736632086594,0.0540858490155594,-0.0596929051627816,0.0271333523838117,2,7,7,"Porites"
"Porites solida","Porites solida","Porites","massive","pacific",3,1,2,1,4,1,1,1.6,1,"spawner",NA,13.5,13.5,79.9,"Porites...Massive","massive",0.5,2.60268968544438,0.470003629245736,4.38077585277223,0.141691049382871,1.79078252330668,0.399937519561234,1.00373282911129,0.0856029504074532,-0.129941589861563,-0.0807737387222713,0.0383022085748498,-0.0856029504074532,-0.129941589861563,-0.0807737387222713,0.0383022085748498,8,2,2,"Porites"
"Porites stephensoni","Porites stephensoni","Porites","massive","pacific",2,1,1,2,4,1,1,1.3,1,"brooder",10,NA,7.4,10,"Porites...Massive","massive",0.5,2.00148000021012,0.262364264467491,2.30258509299405,1.42144014875697,1.07861910874936,2.17225750019752,-0.232302437889214,0.12516182926418,-0.129986189034594,-0.0785209745784942,-0.0256573621651909,-0.12516182926418,-0.129986189034594,-0.0785209745784942,-0.0256573621651909,8,2,2,"Porites"
"Porites tuberculosa","Porites tuberculosa","Porites","branching_closed","pacific",4,1,3,1,4,3,4,1.1,1,NA,NA,NA,33.8,130.8,"Porites...Branching","branching_closed",2.025,3.52046080248897,0.0953101798043249,4.8736694390231,-2.02167117883502,0.989614074103933,0.482611812279086,0.871130424221214,-0.17449735783734,-0.0733929850891393,-0.0363002112792568,0.0485892762608662,0.17449735783734,-0.0733929850891393,-0.0363002112792568,0.0485892762608662,4,4,4,"Porites"
"Porites vaughani","Porites vaughani","Porites","encrusting","pacific",1,1,1,3,1,2,1,0.8,1,NA,20,NA,3.6,20,"Porites...Massive","encrusting",1,1.28093384546206,-0.22314355131421,2.99573227355399,2.03276749301565,-1.2923998435566,1.14664696345924,0.566987534885864,0.19820629044281,0.100872159039085,-0.0481958371870392,-0.0633338385659622,-0.19820629044281,0.100872159039085,-0.0481958371870392,-0.0633338385659622,5,3,3,"Porites"
"Psammocora contigua","Psammocora contigua","Psammocora","columnar","pacific",4,1,1,5,5,1,5,1.5,1,"spawner",50,NA,26.4,50,"Psammocora","columnar",0.9,3.27336401015227,0.405465108108164,3.91202300542815,-0.320241784825768,0.156024737599995,0.10510317799096,-3.24636933231969,-0.0734133645097525,-0.135288999919138,0.269272492011119,-0.109002227736206,0.0734133645097525,-0.135288999919138,0.269272492011119,-0.109002227736206,6,9,9,"other"
"Psammocora digitata","Psammocora digitata","Psammocora","columnar","pacific",4,2,1,5,5,1,5,2.3,1,"spawner",6.5,NA,26.4,6.5,"Psammocora","columnar",0.9,3.27336401015227,0.832909122935104,1.87180217690159,0.546496589850348,0.0391167579987727,2.22995610104489,-3.74585980165499,-0.0517211906107547,-0.155938593549175,0.297525544976953,-0.165707760863915,0.0517211906107547,-0.155938593549175,0.297525544976953,-0.165707760863915,6,9,9,"other"
"Psammocora haimiana","Psammocora haimiana","Psammocora","submassive","pacific",4,2,1,4,3,1,1,4.6,1,"spawner",NA,29.5,29.5,19.1,"Psammocora","massive",0.5,3.38439026334577,1.52605630349505,2.94968833505258,1.61468786217792,-0.212303264831302,0.976819062295699,-1.42014045370518,0.17195788153541,0.00034053206591303,0.0678328399372687,0.0142705085465332,-0.17195788153541,0.00034053206591303,0.0678328399372687,0.0142705085465332,7,2,2,"other"
"Psammocora profundacella","Psammocora profundacella","Psammocora","submassive","pacific",3,2,1,4,3,1,1,2.5,1,"spawner",NA,NA,13.4,12.5,"Psammocora","massive",0.5,2.59525470695687,0.916290731874155,2.52572864430826,1.99267559325191,-0.326006825271689,1.34025704659687,-1.42763951452417,0.193533377402802,0.00320220439873061,0.0665938913111513,0.00772019519082373,-0.193533377402802,0.00320220439873061,0.0665938913111513,0.00772019519082373,7,2,2,"other"
"Pseudosiderastrea tayamai","Pseudosiderastrea tayamai","Pseudosiderastrea","massive","pacific",1,2,1,3,4,1,1,4,1,"spawner",16,NA,4.2,16,NA,"massive",0.5,1.43508452528932,1.38629436111989,2.77258872223978,2.13947989890877,0.870385176636035,1.20474872825072,-0.68606162090641,0.190858279742055,-0.109616440082628,0.0213696509405446,0.00368223527400168,-0.190858279742055,-0.109616440082628,0.0213696509405446,0.00368223527400168,8,2,2,"other"
"Sandalolitha dentata","Sandalolitha dentata","Sandalolitha","massive","pacific",2,2,1,3,4,1,1,3.5,1,"spawner",NA,NA,6.5,24.2,NA,"massive",0.5,1.87180217690159,1.25276296849537,3.18635263316264,1.72907860805528,0.859945361916077,0.838163617448887,-0.676487443999913,0.170178260046219,-0.100182611975234,0.0229194991925142,0.00217780875164907,-0.170178260046219,-0.100182611975234,0.0229194991925142,0.00217780875164907,8,2,2,"other"
"Sandalolitha robusta","Sandalolitha robusta","Sandalolitha","massive","pacific",2,2,1,3,4,1,1,4.6,1,"spawner",50,NA,6.5,50,NA,"massive",0.5,1.87180217690159,1.52605630349505,3.91202300542815,1.54356510331548,0.983589687631339,0.0616705717224621,-0.46111484674246,0.159837776604649,-0.0958756234255632,0.0236476322931538,0.0122073191105754,-0.159837776604649,-0.0958756234255632,0.0236476322931538,0.0122073191105754,8,2,2,"other"
"Scapophyllia cylindrica","Scapophyllia cylindrica","Scapophyllia","columnar","pacific",3,2,3,3,5,1,5,3.8,1,"spawner",NA,NA,12.6,135.4,"Scapophyllia","columnar",0.9,2.53369681395743,1.33500106673234,4.90823336047817,-0.596644391738842,1.4824163700578,-0.417057340716317,-1.17165741257104,-0.0481781615794045,-0.193096592599396,0.0971301774795498,-0.10679088278928,0.0481781615794045,-0.193096592599396,0.0971301774795498,-0.10679088278928,6,9,9,"other"
"Seriatopora aculeata","Seriatopora aculeata","Seriatopora","branching_closed","pacific",3,1,2,3,4,3,4,0.5,1,"brooder",NA,NA,24.4,62.9,"Seriatopora","branching_closed",2.025,3.19458313229916,-0.693147180559945,4.1415461637064,-1.26130101160572,-0.22248197715604,0.568741353003889,-0.907849132037446,-0.106953637705863,-0.0406286981131285,0.0590267539175337,0.00444471730976383,0.106953637705863,-0.0406286981131285,0.0590267539175337,0.00444471730976383,4,4,4,"other"
"Seriatopora caliendrum","Seriatopora caliendrum","Seriatopora","branching_closed","pacific",5,1,3,4,4,3,4,1.1,1,"brooder",NA,58,58,100.1,"Seriatopora","branching_closed",2.025,4.06044301054642,0.0953101798043249,4.60616968632117,-1.3632594397047,-0.578321497349383,-0.173233409134341,-1.67996694134996,-0.128005646794985,-0.010457390869823,0.136860926316635,0.0537014700544894,0.128005646794985,-0.010457390869823,0.136860926316635,0.0537014700544894,4,4,4,"other"
"Seriatopora dentritica","Seriatopora dentritica","Seriatopora","branching_closed","pacific",3,1,2,4,4,3,4,0.6,1,"brooder",NA,NA,24.4,62.9,"Seriatopora","branching_closed",2.025,3.19458313229916,-0.510825623765991,4.1415461637064,-0.930563923892029,-0.690886950280234,0.221890405073873,-1.6824701763335,-0.105026614268085,-0.00410850570660049,0.137747154801869,0.0262078152348965,0.105026614268085,-0.00410850570660049,0.137747154801869,0.0262078152348965,4,4,4,"other"
"Seriatopora guttata","Seriatopora guttata","Seriatopora","branching_closed","pacific",3,1,1,3,4,3,4,0.6,1,"brooder",30,NA,24.4,30,"Seriatopora","branching_closed",2.025,3.19458313229916,-0.510825623765991,3.40119738166216,-0.938927070764995,-0.25965490769851,1.33847547784775,-1.08668980795567,-0.0988639604238748,-0.039243100282478,0.0613021489686919,-0.0206758806993706,0.0988639604238748,-0.039243100282478,0.0613021489686919,-0.0206758806993706,4,4,4,"other"
"Seriatopora hystrix","Seriatopora hystrix","Seriatopora","branching_closed","pacific",4,1,2,5,4,3,4,0.8,1,"brooder",NA,32.7,29.9,70.2,"Seriatopora","branching_closed",2.025,3.39785848039664,-0.22314355131421,4.25134831103177,-0.712335927538669,-1.13992172569005,-0.216684263537492,-2.45958826903261,-0.121989879828798,0.0131939887249927,0.18008229621344,0.0616346902765166,0.121989879828798,0.0131939887249927,0.18008229621344,0.0616346902765166,4,7,7,"other"
"Seriatopora stellata","Seriatopora stellata","Seriatopora","branching_closed","pacific",3,1,2,4,4,3,4,0.6,1,"brooder",NA,NA,24.4,62.9,"Seriatopora","branching_closed",2.025,3.19458313229916,-0.510825623765991,4.1415461637064,-0.930563923892029,-0.690886950280234,0.221890405073873,-1.6824701763335,-0.105026614268085,-0.0041085057066005,0.137747154801868,0.0262078152348965,0.105026614268085,-0.0041085057066005,0.137747154801868,0.0262078152348965,4,4,4,"other"
"Siderastrea savignyana","Siderastrea savignyana","Siderastrea","massive","pacific",1,2,2,3,4,1,1,3.8,1,NA,100,NA,4.2,100,NA,"massive",0.5,1.43508452528932,1.33500106673234,4.60517018598809,1.45697039698903,1.03957590566349,-0.720057090126913,-0.20791071132,0.152589189829957,-0.0951257376973014,0.0180598573560808,0.0297411215989726,-0.152589189829957,-0.0951257376973014,0.0180598573560808,0.0297411215989726,8,2,2,"other"
"Simplastrea vesicularis","Simplastrea vesicularis","Simplastrea","encrusting","pacific",1,2,1,3,1,2,1,4.2,1,NA,NA,NA,NA,NA,NA,"encrusting",1,NA,1.43508452528932,NA,NA,NA,NA,NA,NA,NA,NA,NA,NA,NA,NA,NA,NA,NA,NA,"other"
"Stylarea punctata","Stylarea punctata","Stylaraea","encrusting","pacific",1,1,1,3,1,2,1,1.2,1,"brooder",6,NA,3.6,6,NA,"encrusting",1,1.28093384546206,0.182321556793955,1.79175946922805,2.58847348287391,-1.33182690285144,2.39309828394317,0.285814611409697,0.218821848763824,0.103168297294016,-0.0508821716832146,-0.0707446531640088,-0.218821848763824,0.103168297294016,-0.0508821716832146,-0.0707446531640088,5,3,3,"other"
"Stylocoeniella armata","Stylocoeniella armata","Stylocoeniella","encrusting","pacific",1,2,1,5,1,2,1,2.3,1,"brooder",NA,NA,2.6,19.1,"Stylocoeniella","encrusting",1,0.955511445027436,0.832909122935104,2.94968833505258,3.07534730007884,-2.08159794696995,0.421441163781535,-0.867823220295057,0.270165779406528,0.166145061794144,0.0769984352638173,-0.0208409079863202,-0.270165779406528,0.166145061794144,0.0769984352638173,-0.0208409079863202,5,3,3,"other"
"Stylocoeniella cocosensis","Stylocoeniella cocosensis","Stylocoeniella","encrusting","pacific",1,1,1,5,1,2,1,0.7,1,"brooder",NA,NA,2.6,19.1,"Stylocoeniella","encrusting",1,0.955511445027436,-0.356674943938732,2.94968833505258,2.73197621671895,-2.3111149677044,0.479393721902311,-0.973300553249827,0.253927579973948,0.180351980442503,0.0765181744052085,-0.0289621453548691,-0.253927579973948,0.180351980442503,0.0765181744052085,-0.0289621453548691,5,3,3,"other"
"Stylocoeniella guentheri","Stylocoeniella guentheri","Stylocoeniella","digitate","pacific",3,1,1,4,3,4,3,1.1,1,"brooder",50,NA,12.7,50,"Stylocoeniella","digitate",2.2,2.54160199346455,0.0953101798043249,3.91202300542815,-0.101935867283541,-1.41044090536583,0.285920199215115,-0.920580239814298,-0.058051092340117,0.116769740575128,0.0772950134926707,0.0262938755674913,0.058051092340117,0.116769740575128,0.0772950134926707,0.0262938755674913,9,6,6,"other"
"Stylophora pistillata","Stylophora pistillata","Stylophora","branching_closed","pacific",3,1,2,3,4,3,4,1.4,1,"brooder",NA,20.3,21.3,58.6,"Stylophora","branching_closed",2.025,3.05870707271538,0.336472236621213,4.07073469658297,-0.869511560914783,-0.0229355204043702,0.573744473258824,-0.807961189883373,-0.091350183879978,-0.0422020471867414,0.0559395014129408,-0.000837125608321321,0.091350183879978,-0.0422020471867414,0.0559395014129408,-0.000837125608321321,4,4,4,"other"
"Stylophora subseriata","Stylophora subseriata","Stylophora","branching_closed","pacific",3,1,2,4,4,3,4,0.7,1,"brooder",NA,NA,24.4,62.9,"Stylophora","branching_closed",2.025,3.19458313229916,-0.356674943938732,4.1415461637064,-0.886068635659018,-0.661145290347684,0.214380699386974,-1.66880203548149,-0.103765512673098,-0.0040378590219394,0.136621855946828,0.0252623767253192,0.103765512673098,-0.0040378590219394,0.136621855946828,0.0252623767253192,4,4,4,"other"
"Symphyllia agaricia","Symphyllia agaricia","Symphyllia","massive","pacific",1,5,1,4,4,1,1,33.5,1,"spawner",NA,NA,NA,NA,"Lobophyllia","massive",0.5,NA,3.51154543883102,NA,NA,NA,NA,NA,NA,NA,NA,NA,NA,NA,NA,NA,NA,NA,NA,"other"
"Symphyllia radians","Symphyllia radians","Symphyllia","massive","pacific",1,5,2,4,4,1,1,35,1,"spawner",NA,NA,NA,NA,"Lobophyllia","massive",0.5,NA,3.55534806148941,NA,NA,NA,NA,NA,NA,NA,NA,NA,NA,NA,NA,NA,NA,NA,NA,"other"
"Symphyllia recta","Symphyllia recta","Symphyllia","massive","pacific",1,4,2,4,4,1,1,15,1,"spawner",NA,NA,NA,NA,"Lobophyllia","massive",0.5,NA,2.70805020110221,NA,NA,NA,NA,NA,NA,NA,NA,NA,NA,NA,NA,NA,NA,NA,NA,"other"
"Symphyllia valenciennesii","Symphyllia valenciennesii","Symphyllia","encrusting","pacific",1,5,1,4,1,2,1,35,1,"spawner",NA,NA,NA,NA,"Lobophyllia","encrusting",1,NA,3.55534806148941,NA,NA,NA,NA,NA,NA,NA,NA,NA,NA,NA,NA,NA,NA,NA,NA,"other"
"Trachyphyllia geoffroyi","Trachyphyllia geoffroyi","Trachyphyllia","massive","pacific",2,2,1,2,4,1,1,4,1,NA,8,NA,6.4,8,NA,"massive",0.5,1.85629799036563,1.38629436111989,2.07944154167984,1.9006660463253,1.28201034955577,2.33154956901891,-0.162310203404536,0.154085822286473,-0.140875963336928,-0.081514719154147,-0.0208080977027363,-0.154085822286473,-0.140875963336928,-0.081514719154147,-0.0208080977027363,8,2,2,"other"
"Turbinaria bifrons","Turbinaria bifrons","Turbinaria","laminar","pacific",2,1,3,2,2,4,2,1.6,1,"spawner",NA,NA,8.5,103.7,"Turbinaria","laminar",2.176,2.14006616349627,0.470003629245736,4.64150211523548,-0.109616874755485,-0.739177850175565,0.0225260534607496,1.46410366619802,-0.0299541499608215,0.127709230741887,-0.102733470955281,0.0097900784662292,0.0299541499608215,0.127709230741887,-0.102733470955281,0.0097900784662292,9,6,6,"other"
"Turbinaria conspicua","Turbinaria conspicua","Turbinaria","laminar","pacific",2,1,3,2,2,4,2,1.6,1,"spawner",NA,NA,8.5,103.7,"Turbinaria","laminar",2.176,2.14006616349627,0.470003629245736,4.64150211523548,-0.109616874755485,-0.739177850175565,0.0225260534607496,1.46410366619802,-0.0299541499608215,0.127709230741887,-0.102733470955281,0.0097900784662292,0.0299541499608215,0.127709230741887,-0.102733470955281,0.0097900784662292,9,6,6,"other"
"Turbinaria frondens","Turbinaria frondens","Turbinaria","laminar","pacific",3,1,4,2,2,4,2,1.1,1,"spawner",400,14,14,400,"Turbinaria","laminar",2.176,2.63905732961526,0.0953101798043249,5.99146454710798,-0.96226239516895,-0.708238835045838,-1.30805009988762,1.6864006919485,-0.064336097780325,0.139460094758925,-0.104449216362674,0.0453522597765767,0.064336097780325,0.139460094758925,-0.104449216362674,0.0453522597765767,9,6,6,"other"
"Turbinaria heronensis","Turbinaria heronensis","Turbinaria","laminar","pacific",2,2,3,2,2,4,2,4.4,1,"spawner",NA,NA,8.5,103.7,"Turbinaria","laminar",2.176,2.14006616349627,1.48160454092422,4.64150211523548,0.182379723588103,-0.544000700543048,-0.0267557604619431,1.55379969454082,-0.013106747881087,0.121850329277307,-0.106463660367419,0.0104976362369842,0.013106747881087,0.121850329277307,-0.106463660367419,0.0104976362369842,9,6,6,"other"
"Turbinaria irregularis","Turbinaria irregularis","Turbinaria","laminar","pacific",2,2,3,2,2,4,2,2.1,1,"spawner",NA,NA,8.5,103.7,"Turbinaria","laminar",2.176,2.14006616349627,0.741937344729377,4.64150211523548,-0.0311237467052071,-0.686711262943044,0.00927835210831079,1.48821532324557,-0.0251147378266734,0.125842763386974,-0.103282104554282,0.00904038700068365,0.0251147378266734,0.125842763386974,-0.103282104554282,0.00904038700068365,9,6,6,"other"
"Turbinaria mesenterina","Turbinaria mesenterina","Turbinaria","laminar","pacific",3,2,4,2,2,4,2,3.5,1,"spawner",100,19.3,19.3,100,"Turbinaria","laminar",2.176,2.96010509591084,1.25276296849537,4.60517018598809,-0.285608176575379,-0.638855537300354,0.139135314399613,1.35950482882328,-0.041751240205539,0.124179603994268,-0.0922138998701993,0.00956701960360825,0.041751240205539,0.124179603994268,-0.0922138998701993,0.00956701960360825,9,6,6,"other"
"Turbinaria patula","Turbinaria patula","Turbinaria","laminar","pacific",2,2,3,2,2,4,2,3.5,1,"spawner",NA,NA,8.5,103.7,"Turbinaria","laminar",2.176,2.14006616349627,1.25276296849537,4.64150211523548,0.116325057229658,-0.588153137841643,-0.0156073642317514,1.53350890601975,-0.0165090942385565,0.122809265486401,-0.10518410861366,0.00896644538182164,0.0165090942385565,0.122809265486401,-0.10518410861366,0.00896644538182164,9,6,6,"other"
"Turbinaria radicalis","Turbinaria radicalis","Turbinaria","encrusting","pacific",1,2,2,2,1,2,1,2.5,1,"spawner",100,NA,2.1,100,"Turbinaria","encrusting",1,0.741937344729377,0.916290731874155,4.60517018598809,1.77003564587224,-0.380703982236236,-0.340115658569421,1.99080819168933,0.15364804499984,0.0739027291143928,-0.160222560179334,-0.0439987759713054,-0.15364804499984,0.0739027291143928,-0.160222560179334,-0.0439987759713054,5,3,3,"other"
"Turbinaria reniformis","Turbinaria reniformis","Turbinaria","laminar","pacific",2,2,5,2,2,4,2,4.2,1,"spawner",500,NA,8.5,500,"Turbinaria","laminar",2.176,2.14006616349627,1.43508452528932,6.21460809842219,-0.404211701886775,-0.39924600357915,-1.67890676563009,1.96402842221607,-0.0250793124147309,0.13042983704441,-0.120233324298181,0.050146267727939,0.0250793124147309,0.13042983704441,-0.120233324298181,0.050146267727939,9,6,6,"other"
"Turbinaria stellulata","Turbinaria stellulata","Turbinaria","massive","pacific",1,2,2,2,4,1,1,3.3,1,"spawner",NA,NA,4.3,72.4,"Turbinaria","massive",0.5,1.45861502269952,1.19392246847243,4.28220629939167,1.2438973183778,1.48302393086876,-0.0322141549415635,0.480580742691204,0.121363286714372,-0.118792666716086,-0.0697904064016,0.00227989959087292,-0.121363286714372,-0.118792666716086,-0.0697904064016,0.00227989959087292,8,2,2,"other"
"Zoopilus echinatus","Zoopilus echinatus","Zoopilus","massive","pacific",2,4,2,3,4,1,1,20,1,"spawner",60,NA,6.5,60,NA,"massive",0.5,1.87180217690159,2.99573227355399,4.0943445622221,1.90135502783574,1.28496451992709,-0.201672592602069,-0.282779292269793,0.179423348383453,-0.107861911437054,0.0213738395906443,0.0246747006716125,-0.179423348383453,-0.107861911437054,0.0213738395906443,0.0246747006716125,8,2,2,"other"
