"","Year","Date","Marine.Park","SectorRegion","Name","Reef","Site","Site_notes","Zone","Transect","Depth","Complexity","Total.Macroalgae","Total.HARD.CORAL","Gradient","Total","id","total","match","coral","simpD","shanH","FDis"
"1",2018,"12/04/18","Coral Sea","Central Coral Sea","Mike","Flinders","Flinders 1","Main Cay","Slope",1,9,4,20,18,"",100,"Flinders 1 Slope 1 2018",100,"yes",18,0.78395061728395,1.63003548809896,0.156765243664512
"2",2018,"12/04/18","Coral Sea","Central Coral Sea","Mike","Flinders","Flinders 1","Main Cay","Slope",2,9,4,3,9,"",100,"Flinders 1 Slope 2 2018",100,"yes",9,0.71604938271605,1.31078367809971,0.16662262742425
"3",2018,"12/04/18","Coral Sea","Central Coral Sea","Mike","Flinders","Flinders 1","Main Cay","Slope",3,9,3,9,12,"",100,"Flinders 1 Slope 3 2018",100,"yes",12,0.777777777777778,1.63263092715435,0.145872232001425
"4",2018,"12/04/18","Coral Sea","Central Coral Sea","Mike","Flinders","Flinders 1","Main Cay","Crest",1,3,3,12,14,"",100,"Flinders 1 Crest 1 2018",100,"yes",14,0.714285714285714,1.39043779493948,0.129566294566642
"5",2018,"12/04/18","Coral Sea","Central Coral Sea","Mike","Flinders","Flinders 1","Main Cay","Crest",2,3,2.5,5,11,"",100,"Flinders 1 Crest 2 2018",100,"yes",11,0.760330578512397,1.51570795208571,0.157627031215615
"6",2018,"12/04/18","Coral Sea","Central Coral Sea","Mike","Flinders","Flinders 1","Main Cay","Crest",3,3,2.5,23,13,"",100,"Flinders 1 Crest 3 2018",100,"yes",13,0.769230769230769,1.52470739303014,0.15118552939202
"7",2018,"12/04/18","Coral Sea","Central Coral Sea","Mike","Flinders","Flinders 2","Main Cay","Slope",1,8,4,3,20,"",100,"Flinders 2 Slope 1 2018",100,"yes",20,0.74,1.52748961741732,0.158987597059512
"8",2018,"12/04/18","Coral Sea","Central Coral Sea","Mike","Flinders","Flinders 2","Main Cay","Slope",2,8,4,2,17,"",100,"Flinders 2 Slope 2 2018",100,"yes",17,0.761245674740484,1.51767452946257,0.19009151726754
"9",2018,"12/04/18","Coral Sea","Central Coral Sea","Mike","Flinders","Flinders 2","Main Cay","Slope",3,8,3.5,7,12,"",100,"Flinders 2 Slope 3 2018",100,"yes",12,0.75,1.56071040904141,0.175475449723943
"10",2018,"12/04/18","Coral Sea","Central Coral Sea","Mike","Flinders","Flinders 2","Main Cay","Crest",1,3,3.5,20,16,"",100,"Flinders 2 Crest 1 2018",100,"yes",16,0.5390625,0.98689944883853,0.141795385519235
"11",2018,"12/04/18","Coral Sea","Central Coral Sea","Mike","Flinders","Flinders 2","Main Cay","Crest",2,3,3,21,21,"",100,"Flinders 2 Crest 2 2018",100,"yes",21,0.761904761904762,1.61989837566461,0.135149877260989
"12",2018,"12/04/18","Coral Sea","Central Coral Sea","Mike","Flinders","Flinders 2","Main Cay","Crest",3,3,4,17,15,"",100,"Flinders 2 Crest 3 2018",100,"yes",15,0.728888888888889,1.43682866896303,0.121962172008098
"13",2018,"12/04/18","Coral Sea","Central Coral Sea","Mike","Flinders","Flinders 3","Toe Reef","Slope",1,9,3.5,5,9,"",100,"Flinders 3 Slope 1 2018",100,"yes",9,0.493827160493827,0.848685557726417,0.105848868327769
"14",2018,"12/04/18","Coral Sea","Central Coral Sea","Mike","Flinders","Flinders 3","Toe Reef","Slope",2,9,2.5,4,4,"",100,"Flinders 3 Slope 2 2018",100,"yes",4,0,0,0.0545089217301417
"15",2018,"12/04/18","Coral Sea","Central Coral Sea","Mike","Flinders","Flinders 3","Toe Reef","Slope",3,9,2,1,0,"",100,"Flinders 3 Slope 3 2018",100,"yes",0,0,0,NA
"16",2018,"12/04/18","Coral Sea","Central Coral Sea","Mike","Flinders","Flinders 3","Toe Reef","Crest",1,3,1.5,13,2,"",100,"Flinders 3 Crest 1 2018",100,"yes",2,0,0,0
"17",2018,"12/04/18","Coral Sea","Central Coral Sea","Mike","Flinders","Flinders 3","Toe Reef","Crest",2,3,2,2,1,"",100,"Flinders 3 Crest 2 2018",100,"yes",1,0,0,0
"18",2018,"12/04/18","Coral Sea","Central Coral Sea","Mike","Flinders","Flinders 3","Toe Reef","Crest",3,3,1,0,5,"",100,"Flinders 3 Crest 3 2018",100,"yes",5,0.72,1.33217904021012,0.108704430813024
"19",2018,"13/04/18","Coral Sea","Central Coral Sea","Mike","Flinders","Flinders 4","","Slope",1,7,2.5,1,6,"",100,"Flinders 4 Slope 1 2018",100,"yes",6,0.611111111111111,1.01140426470735,0.130389271558229
"20",2018,"13/04/18","Coral Sea","Central Coral Sea","Mike","Flinders","Flinders 4","","Slope",2,8,3,1,9,"",100,"Flinders 4 Slope 2 2018",100,"yes",9,0.765432098765432,1.52295506753132,0.149640982867897
"21",2018,"13/04/18","Coral Sea","Central Coral Sea","Mike","Flinders","Flinders 4","","Slope",3,6,2.5,0,6,"",100,"Flinders 4 Slope 3 2018",100,"yes",6,0.611111111111111,1.01140426470735,0.137230116574962
"22",2018,"13/04/18","Coral Sea","Central Coral Sea","Mike","Flinders","Flinders 4","","Crest",1,2,3,16,19,"",100,"Flinders 4 Crest 1 2018",100,"yes",19,0.808864265927978,1.77797557324091,0.178379104254777
"23",2018,"13/04/18","Coral Sea","Central Coral Sea","Mike","Flinders","Flinders 4","","Crest",2,2,3,18,17,"",100,"Flinders 4 Crest 2 2018",100,"yes",17,0.726643598615917,1.43034983140969,0.11064646915505
"24",2018,"13/04/18","Coral Sea","Central Coral Sea","Mike","Flinders","Flinders 4","","Crest",3,3,4,18,19,"",100,"Flinders 4 Crest 3 2018",100,"yes",19,0.770083102493075,1.53519084913132,0.163095060209947
"25",2018,"13/04/18","Coral Sea","Central Coral Sea","Mike","Flinders","Flinders 5","","Slope",1,9,4,22,27,"",100,"Flinders 5 Slope 1 2018",100,"yes",27,0.729766803840878,1.53720711218616,0.126991848102433
"26",2018,"13/04/18","Coral Sea","Central Coral Sea","Mike","Flinders","Flinders 5","","Slope",2,9,4,14,24,"",100,"Flinders 5 Slope 2 2018",100,"yes",24,0.805555555555556,1.77237923397278,0.170848477284593
"27",2018,"13/04/18","Coral Sea","Central Coral Sea","Mike","Flinders","Flinders 5","","Slope",3,9,5,20,20,"",100,"Flinders 5 Slope 3 2018",100,"yes",20,0.82,1.8047484896413,0.133448454061525
"28",2018,"13/04/18","Coral Sea","Central Coral Sea","Mike","Flinders","Flinders 5","","Crest",1,3,4,6,18,"",100,"Flinders 5 Crest 1 2018",100,"yes",18,0.790123456790123,1.65910482941921,0.129498208842939
"29",2018,"13/04/18","Coral Sea","Central Coral Sea","Mike","Flinders","Flinders 5","","Crest",2,2,3.5,15,30,"",100,"Flinders 5 Crest 2 2018",100,"yes",30,0.84,1.88953760347123,0.153199479354768
"30",2018,"13/04/18","Coral Sea","Central Coral Sea","Mike","Flinders","Flinders 5","","Crest",3,1.5,3,24,21,"",100,"Flinders 5 Crest 3 2018",100,"yes",21,0.748299319727891,1.60839492005453,0.16862637595924
"31",2018,"13/04/18","Coral Sea","Central Coral Sea","Mike","Flinders","Flinders 6","","Slope",1,7,2,9,1,"",100,"Flinders 6 Slope 1 2018",100,"yes",1,0,0,0
"32",2018,"13/04/18","Coral Sea","Central Coral Sea","Mike","Flinders","Flinders 6","","Slope",2,8,3,9,2,"",100,"Flinders 6 Slope 2 2018",100,"yes",2,0,0,0
"33",2018,"13/04/18","Coral Sea","Central Coral Sea","Mike","Flinders","Flinders 6","","Slope",3,7,3.5,14,3,"",100,"Flinders 6 Slope 3 2018",100,"yes",3,0.444444444444444,0.636514168294813,0.151873752587708
"34",2018,"13/04/18","Coral Sea","Central Coral Sea","Mike","Flinders","Flinders 6","","Crest",1,1,3.5,22,7,"",100,"Flinders 6 Crest 1 2018",100,"yes",7,0.775510204081633,1.5498260458782,0.153549537181609
"35",2018,"13/04/18","Coral Sea","Central Coral Sea","Mike","Flinders","Flinders 6","","Crest",2,1.5,3,21,5,"",100,"Flinders 6 Crest 2 2018",100,"yes",5,0.64,1.05492016798614,0.172611513123702
"36",2018,"13/04/18","Coral Sea","Central Coral Sea","Mike","Flinders","Flinders 6","","Crest",3,1,3,22,6,"",100,"Flinders 6 Crest 3 2018",100,"yes",6,0.666666666666667,1.09861228866811,0.19555171377131
"37",2018,"14/04/18","Coral Sea","Central Coral Sea","Mike","Herald","Herald 1","","Slope",1,8,4,42,18,"",100,"Herald 1 Slope 1 2018",100,"yes",18,0.808641975308642,1.82717484394452,0.168161413367012
"38",2018,"14/04/18","Coral Sea","Central Coral Sea","Mike","Herald","Herald 1","","Slope",2,8,4.5,28,14,"",100,"Herald 1 Slope 2 2018",100,"yes",14,0.704081632653061,1.30130555043691,0.15426356595219
"39",2018,"14/04/18","Coral Sea","Central Coral Sea","Mike","Herald","Herald 1","","Slope",3,9,4.5,20,16,"",100,"Herald 1 Slope 3 2018",100,"yes",16,0.6171875,1.1573732982229,0.16176854940986
"40",2018,"14/04/18","Coral Sea","Central Coral Sea","Mike","Herald","Herald 1","","Crest",1,1,3,25,18,"",100,"Herald 1 Crest 1 2018",100,"yes",18,0.104938271604938,0.214559155176405,0
"41",2018,"14/04/18","Coral Sea","Central Coral Sea","Mike","Herald","Herald 1","","Crest",2,2,5,11,22,"",100,"Herald 1 Crest 2 2018",100,"yes",22,0.450413223140496,0.948587531627576,0.0897900251668357
"42",2018,"14/04/18","Coral Sea","Central Coral Sea","Mike","Herald","Herald 1","","Crest",3,2.5,3.5,47,8,"",100,"Herald 1 Crest 3 2018",100,"yes",8,0.40625,0.735621939758795,0.105928762975302
"43",2018,"14/04/18","Coral Sea","Central Coral Sea","Mike","Herald","Herald 2","","Slope",1,7,4,42,9,"",100,"Herald 2 Slope 1 2018",100,"yes",9,0.493827160493827,0.686961576597323,0.0535678355268307
"44",2018,"14/04/18","Coral Sea","Central Coral Sea","Mike","Herald","Herald 2","","Slope",2,7.5,4,18,17,"",100,"Herald 2 Slope 2 2018",100,"yes",17,0.629757785467128,1.14991713779093,0.144524933947402
"45",2018,"14/04/18","Coral Sea","Central Coral Sea","Mike","Herald","Herald 2","","Slope",3,6,3,20,15,"",100,"Herald 2 Slope 3 2018",100,"yes",15,0.72,1.40194545937873,0.12648921105671
"46",2018,"14/04/18","Coral Sea","Central Coral Sea","Mike","Herald","Herald 2","","Crest",1,2,4,9,9,"",100,"Herald 2 Crest 1 2018",100,"yes",9,0.518518518518519,1.00271826451752,0.118496322023014
"47",2018,"14/04/18","Coral Sea","Central Coral Sea","Mike","Herald","Herald 2","","Crest",2,1,4,20,16,"",100,"Herald 2 Crest 2 2018",100,"yes",16,0.7421875,1.46147212930402,0.156849327055001
"48",2018,"14/04/18","Coral Sea","Central Coral Sea","Mike","Herald","Herald 2","","Crest",3,2,4,21,17,"",100,"Herald 2 Crest 3 2018",100,"yes",17,0.643598615916955,1.26224316749001,0.150191776875281
"49",2018,"14/04/18","Coral Sea","Central Coral Sea","Mike","Herald","Herald 3","","Slope",1,9,4,57,8,"",100,"Herald 3 Slope 1 2018",100,"yes",8,0.78125,1.55958115625988,0.134027506758528
"50",2018,"14/04/18","Coral Sea","Central Coral Sea","Mike","Herald","Herald 3","","Slope",2,9,3,41,8,"",100,"Herald 3 Slope 2 2018",100,"yes",8,0.71875,1.32088834314932,0.163215454718463
"51",2018,"14/04/18","Coral Sea","Central Coral Sea","Mike","Herald","Herald 3","","Slope",3,9,3,51,12,"",100,"Herald 3 Slope 3 2018",100,"yes",12,0.736111111111111,1.5396544474401,0.107161017634477
"52",2018,"14/04/18","Coral Sea","Central Coral Sea","Mike","Herald","Herald 3","","Crest",1,1,3,60,4,"",100,"Herald 3 Crest 1 2018",100,"yes",4,0.5,0.693147180559945,0.204775687242925
"53",2018,"14/04/18","Coral Sea","Central Coral Sea","Mike","Herald","Herald 3","","Crest",2,1,2.5,20,15,"",100,"Herald 3 Crest 2 2018",100,"yes",15,0.48,0.803314976140876,0.18746704721595
"54",2018,"14/04/18","Coral Sea","Central Coral Sea","Mike","Herald","Herald 3","","Crest",3,1,3,20,11,"",100,"Herald 3 Crest 3 2018",100,"yes",11,0.314049586776859,0.600166073159646,0.0868736513391864
"55",2018,"14/04/18","Coral Sea","Central Coral Sea","Mike","Herald","Herald 4","","Slope",1,6,4,19,7,"",100,"Herald 4 Slope 1 2018",100,"yes",7,0.653061224489796,1.07899220787758,0.135164224321111
"56",2018,"14/04/18","Coral Sea","Central Coral Sea","Mike","Herald","Herald 4","","Slope",2,7,5,41,13,"",100,"Herald 4 Slope 2 2018",100,"yes",13,0.63905325443787,1.05790542470367,0.15089886353261
"57",2018,"14/04/18","Coral Sea","Central Coral Sea","Mike","Herald","Herald 4","","Slope",3,6,4.5,35,7,"",100,"Herald 4 Slope 3 2018",100,"yes",7,0.653061224489796,1.07899220787758,0.182961740321623
"58",2018,"14/04/18","Coral Sea","Central Coral Sea","Mike","Herald","Herald 4","","Crest",1,1,4,45,6,"",100,"Herald 4 Crest 1 2018",100,"yes",6,0.611111111111111,1.01140426470735,0.175514649611435
"59",2018,"14/04/18","Coral Sea","Central Coral Sea","Mike","Herald","Herald 4","","Crest",2,1,3,62,4,"",100,"Herald 4 Crest 2 2018",100,"yes",4,0,0,0
"60",2018,"14/04/18","Coral Sea","Central Coral Sea","Mike","Herald","Herald 4","","Crest",3,1,4,62,3,"",100,"Herald 4 Crest 3 2018",100,"yes",3,0,0,0.0391617471077344
"61",2018,"16/04/18","Coral Sea","Central Coral Sea","Mike","Diamond","Diamond 1","","Slope",1,9,4,18,29,"",100,"Diamond 1 Slope 1 2018",100,"yes",29,0.744351961950059,1.59525393697838,0.150081541867501
"62",2018,"16/04/18","Coral Sea","Central Coral Sea","Mike","Diamond","Diamond 1","","Slope",2,9,3,22,22,"",100,"Diamond 1 Slope 2 2018",100,"yes",22,0.785123966942149,1.64123021348734,0.140427680695991
"63",2018,"16/04/18","Coral Sea","Central Coral Sea","Mike","Diamond","Diamond 1","","Slope",3,9,4,27,13,"",100,"Diamond 1 Slope 3 2018",100,"yes",13,0.698224852071006,1.37781950803903,0.150615397540595
"64",2018,"16/04/18","Coral Sea","Central Coral Sea","Mike","Diamond","Diamond 1","","Crest",1,3,4,15,15,"",100,"Diamond 1 Crest 1 2018",100,"yes",15,0.48,0.803314976140876,0.10697087740616
"65",2018,"16/04/18","Coral Sea","Central Coral Sea","Mike","Diamond","Diamond 1","","Crest",2,1,4,11,17,"",100,"Diamond 1 Crest 2 2018",100,"yes",17,0.629757785467128,1.14991713779093,0.119950292647469
"66",2018,"16/04/18","Coral Sea","Central Coral Sea","Mike","Diamond","Diamond 1","","Crest",3,1,4,6,11,"",100,"Diamond 1 Crest 3 2018",100,"yes",11,0.56198347107438,1.15958881430863,0.108576530172235
"67",2018,"16/04/18","Coral Sea","Central Coral Sea","Mike","Diamond","Diamond 2","","Slope",1,8,3,21,23,"",100,"Diamond 2 Slope 1 2018",100,"yes",23,0.650283553875236,1.27458673219148,0.122197732581845
"68",2018,"16/04/18","Coral Sea","Central Coral Sea","Mike","Diamond","Diamond 2","","Slope",2,9,4,12,25,"",100,"Diamond 2 Slope 2 2018",100,"yes",25,0.7488,1.56963071708129,0.15792673899218
"69",2018,"16/04/18","Coral Sea","Central Coral Sea","Mike","Diamond","Diamond 2","","Slope",3,8,3,28,26,"",100,"Diamond 2 Slope 3 2018",100,"yes",26,0.766272189349112,1.61630255629707,0.141550833935793
"70",2018,"16/04/18","Coral Sea","Central Coral Sea","Mike","Diamond","Diamond 2","","Crest",1,1,3.5,35,15,"",100,"Diamond 2 Crest 1 2018",100,"yes",15,0.64,1.19445300632336,0.125688011163111
"71",2018,"16/04/18","Coral Sea","Central Coral Sea","Mike","Diamond","Diamond 2","","Crest",2,2,3.5,40,9,"",100,"Diamond 2 Crest 2 2018",100,"yes",9,0.691358024691358,1.27302833658963,0.109422413856369
"72",2018,"16/04/18","Coral Sea","Central Coral Sea","Mike","Diamond","Diamond 2","","Crest",3,3,3,37,8,"",100,"Diamond 2 Crest 3 2018",100,"yes",8,0.65625,1.08219553003877,0.109750777934596
"73",2018,"16/04/18","Coral Sea","Central Coral Sea","Mike","Diamond","Diamond 3","","Slope",1,6,4,20,17,"",100,"Diamond 3 Slope 1 2018",100,"yes",17,0.809688581314879,1.78902216229094,0.136284274731486
"74",2018,"16/04/18","Coral Sea","Central Coral Sea","Mike","Diamond","Diamond 3","","Slope",2,8,3,36,20,"",100,"Diamond 3 Slope 2 2018",100,"yes",20,0.7,1.37051517428796,0.0882484661919811
"75",2018,"16/04/18","Coral Sea","Central Coral Sea","Mike","Diamond","Diamond 3","","Slope",3,8,3.5,17,16,"",100,"Diamond 3 Slope 3 2018",100,"yes",16,0.7421875,1.46147212930402,0.0985017789502835
"76",2018,"16/04/18","Coral Sea","Central Coral Sea","Mike","Diamond","Diamond 3","","Crest",1,0.5,4,20,8,"",100,"Diamond 3 Crest 1 2018",100,"yes",8,0.65625,1.2130075659799,0.130528035142286
"77",2018,"16/04/18","Coral Sea","Central Coral Sea","Mike","Diamond","Diamond 3","","Crest",2,0.5,3.5,16,12,"",100,"Diamond 3 Crest 2 2018",100,"yes",12,0.736111111111111,1.46773392932715,0.178529340149794
"78",2018,"16/04/18","Coral Sea","Central Coral Sea","Mike","Diamond","Diamond 3","","Crest",3,0.5,4,30,8,"",100,"Diamond 3 Crest 3 2018",100,"yes",8,0.6875,1.25548232517875,0.169091820814657
"79",2018,"17/04/18","Coral Sea","Central Coral Sea","Mike","Lihou","Lihou 1","Georgina Cay","Slope",1,7,3,5,8,"",100,"Lihou 1 Slope 1 2018",100,"yes",8,0.53125,0.900256051268537,0.127999443379456
"80",2018,"17/04/18","Coral Sea","Central Coral Sea","Mike","Lihou","Lihou 1","Georgina Cay","Slope",2,7,3,16,11,"",100,"Lihou 1 Slope 2 2018",100,"yes",11,0.628099173553719,1.03619878481928,0.147919655872927
"81",2018,"17/04/18","Coral Sea","Central Coral Sea","Mike","Lihou","Lihou 1","Georgina Cay","Slope",3,8,3,20,7,"",100,"Lihou 1 Slope 3 2018",100,"yes",7,0.73469387755102,1.47507631105469,0.161209228607455
"82",2018,"17/04/18","Coral Sea","Central Coral Sea","Mike","Lihou","Lihou 1","Georgina Cay","Crest",1,2,3,5,3,"",100,"Lihou 1 Crest 1 2018",100,"yes",3,0.666666666666667,1.09861228866811,0.106090009765337
"83",2018,"17/04/18","Coral Sea","Central Coral Sea","Mike","Lihou","Lihou 1","Georgina Cay","Crest",2,1.5,4,8,4,"",100,"Lihou 1 Crest 2 2018",100,"yes",4,0.5,0.693147180559945,0.124231618831291
"84",2018,"17/04/18","Coral Sea","Central Coral Sea","Mike","Lihou","Lihou 1","Georgina Cay","Crest",3,1.5,4,7,9,"",100,"Lihou 1 Crest 3 2018",100,"yes",9,0.617283950617284,1.14905969697062,0.138799489098092
"85",2018,"17/04/18","Coral Sea","Central Coral Sea","Mike","Lihou","Lihou 2","Georgina Cay","Slope",1,7,4,15,5,"",100,"Lihou 2 Slope 1 2018",100,"yes",5,0.32,0.500402423538188,0.0320298623796283
"86",2018,"17/04/18","Coral Sea","Central Coral Sea","Mike","Lihou","Lihou 2","Georgina Cay","Slope",2,8,4,26,4,"",100,"Lihou 2 Slope 2 2018",100,"yes",4,0.75,1.38629436111989,0.173202711368237
"87",2018,"17/04/18","Coral Sea","Central Coral Sea","Mike","Lihou","Lihou 2","Georgina Cay","Slope",3,8,4,17,0,"",100,"Lihou 2 Slope 3 2018",100,"yes",0,0,0,NA
"88",2018,"17/04/18","Coral Sea","Central Coral Sea","Mike","Lihou","Lihou 2","Georgina Cay","Crest",1,3,4,14,3,"",100,"Lihou 2 Crest 1 2018",100,"yes",3,0.666666666666667,1.09861228866811,0.11253084453946
"89",2018,"17/04/18","Coral Sea","Central Coral Sea","Mike","Lihou","Lihou 2","Georgina Cay","Crest",2,3,4,13,6,"",100,"Lihou 2 Crest 2 2018",100,"yes",6,0.722222222222222,1.32966134885476,0.125780446194045
"90",2018,"17/04/18","Coral Sea","Central Coral Sea","Mike","Lihou","Lihou 2","Georgina Cay","Crest",3,3,4,11,4,"",100,"Lihou 2 Crest 3 2018",100,"yes",4,0.625,1.03972077083992,0.114334780476698
"91",2018,"17/04/18","Coral Sea","Central Coral Sea","Mike","Lihou","Lihou 3","Anne Cay","Slope",1,7,4,17,10,"",100,"Lihou 3 Slope 1 2018",100,"yes",10,0.76,1.6094379124341,0.131633252300211
"92",2018,"17/04/18","Coral Sea","Central Coral Sea","Mike","Lihou","Lihou 3","Anne Cay","Slope",2,7,3,11,12,"",100,"Lihou 3 Slope 2 2018",100,"yes",12,0.75,1.58325845942048,0.146724973325443
"93",2018,"17/04/18","Coral Sea","Central Coral Sea","Mike","Lihou","Lihou 3","Anne Cay","Slope",3,6,3,22,22,"",100,"Lihou 3 Slope 3 2018",100,"yes",22,0.768595041322314,1.50503674872741,0.148881646013437
"94",2018,"17/04/18","Coral Sea","Central Coral Sea","Mike","Lihou","Lihou 3","Anne Cay","Crest",1,1,3,44,6,"",100,"Lihou 3 Crest 1 2018",100,"yes",6,0.777777777777778,1.56071040904141,0.166448554153395
"95",2018,"17/04/18","Coral Sea","Central Coral Sea","Mike","Lihou","Lihou 3","Anne Cay","Crest",2,1.5,3.5,22,14,"",100,"Lihou 3 Crest 2 2018",100,"yes",14,0.714285714285714,1.39043779493948,0.185062675408407
"96",2018,"17/04/18","Coral Sea","Central Coral Sea","Mike","Lihou","Lihou 3","Anne Cay","Crest",3,2,3,15,14,"",100,"Lihou 3 Crest 3 2018",100,"yes",14,0.806122448979592,1.710493230055,0.187031310773036
"97",2018,"18/04/18","Coral Sea","Central Coral Sea","Mike","Lihou","Lihou 4","Lorna Cay","Slope",1,8,3,12,11,"",100,"Lihou 4 Slope 1 2018",100,"yes",11,0.694214876033058,1.2636544318821,0.174453480570346
"98",2018,"18/04/18","Coral Sea","Central Coral Sea","Mike","Lihou","Lihou 4","Lorna Cay","Slope",2,8,4,17,25,"",100,"Lihou 4 Slope 2 2018",100,"yes",25,0.7744,1.65495911737581,0.135472942794253
"99",2018,"18/04/18","Coral Sea","Central Coral Sea","Mike","Lihou","Lihou 4","Lorna Cay","Slope",3,8,4,14,22,"",100,"Lihou 4 Slope 3 2018",100,"yes",22,0.785123966942149,1.64123021348734,0.171901493123144
"100",2018,"18/04/18","Coral Sea","Central Coral Sea","Mike","Lihou","Lihou 4","Lorna Cay","Crest",1,2,3.5,15,4,"",100,"Lihou 4 Crest 1 2018",100,"yes",4,0.625,1.03972077083992,0.172418433560667
"101",2018,"18/04/18","Coral Sea","Central Coral Sea","Mike","Lihou","Lihou 4","Lorna Cay","Crest",2,3,3,12,10,"",100,"Lihou 4 Crest 2 2018",100,"yes",10,0.56,0.950270539233235,0.165726328324746
"102",2018,"18/04/18","Coral Sea","Central Coral Sea","Mike","Lihou","Lihou 4","Lorna Cay","Crest",3,2.5,4,14,7,"",100,"Lihou 4 Crest 3 2018",100,"yes",7,0.653061224489796,1.07899220787758,0.0758246570652486
"103",2018,"18/04/18","Coral Sea","Central Coral Sea","Mike","Lihou","Lihou 5","Lorna Cay","Slope",1,8.5,4,17,17,"",100,"Lihou 5 Slope 1 2018",100,"yes",17,0.71280276816609,1.3180238017106,0.137294142451635
"104",2018,"18/04/18","Coral Sea","Central Coral Sea","Mike","Lihou","Lihou 5","Lorna Cay","Slope",2,9,4,22,24,"",100,"Lihou 5 Slope 2 2018",100,"yes",24,0.798611111111111,1.75942948243721,0.130576812047332
"105",2018,"18/04/18","Coral Sea","Central Coral Sea","Mike","Lihou","Lihou 5","Lorna Cay","Slope",3,9,4,29,22,"",100,"Lihou 5 Slope 3 2018",100,"yes",22,0.760330578512397,1.5768984681302,0.167479309723337
"106",2018,"18/04/18","Coral Sea","Central Coral Sea","Mike","Lihou","Lihou 5","Lorna Cay","Crest",1,2,3,19,8,"",100,"Lihou 5 Crest 1 2018",100,"yes",8,0.6875,1.25548232517875,0.126442123985055
"107",2018,"18/04/18","Coral Sea","Central Coral Sea","Mike","Lihou","Lihou 5","Lorna Cay","Crest",2,2,3.5,20,6,"",100,"Lihou 5 Crest 2 2018",100,"yes",6,0.777777777777778,1.56071040904141,0.133004803571483
"108",2018,"18/04/18","Coral Sea","Central Coral Sea","Mike","Lihou","Lihou 5","Lorna Cay","Crest",3,3,3,29,4,"",100,"Lihou 5 Crest 3 2018",100,"yes",4,0.5,0.693147180559945,0.183942638672321
"109",2018,"19/04/18","Coral Sea","Central Coral Sea","Mike","Willis","Willis 1","","Slope",1,9,3.5,16,11,"",100,"Willis 1 Slope 1 2018",100,"yes",11,0.809917355371901,1.79865220625213,0.159553379741892
"110",2018,"19/04/18","Coral Sea","Central Coral Sea","Mike","Willis","Willis 1","","Slope",2,8,3,20,14,"",100,"Willis 1 Slope 2 2018",100,"yes",14,0.73469387755102,1.53672246943722,0.108254213652667
"111",2018,"19/04/18","Coral Sea","Central Coral Sea","Mike","Willis","Willis 1","","Slope",3,9,2,12,7,"",100,"Willis 1 Slope 3 2018",100,"yes",7,0.653061224489796,1.07899220787758,0.0999204128577179
"112",2018,"19/04/18","Coral Sea","Central Coral Sea","Mike","Willis","Willis 1","","Crest",1,3,3,22,18,"",100,"Willis 1 Crest 1 2018",100,"yes",18,0.67283950617284,1.21104401678012,0.145368837375215
"113",2018,"19/04/18","Coral Sea","Central Coral Sea","Mike","Willis","Willis 1","","Crest",2,3,3,17,20,"",100,"Willis 1 Crest 2 2018",100,"yes",20,0.755,1.58327550524587,0.126736707095759
"114",2018,"19/04/18","Coral Sea","Central Coral Sea","Mike","Willis","Willis 1","","Crest",3,3,3,13,14,"",100,"Willis 1 Crest 3 2018",100,"yes",14,0.540816326530612,1.02851376402485,0.121803936694398
"115",2018,"19/04/18","Coral Sea","Central Coral Sea","Mike","Willis","Willis 2","","Slope",1,9,4,50,17,"",100,"Willis 2 Slope 1 2018",100,"yes",17,0.71280276816609,1.37958240685937,0.165719631429605
"116",2018,"19/04/18","Coral Sea","Central Coral Sea","Mike","Willis","Willis 2","","Slope",2,9,4,20,17,"",100,"Willis 2 Slope 2 2018",100,"yes",17,0.726643598615917,1.43034983140969,0.187077971357359
"117",2018,"19/04/18","Coral Sea","Central Coral Sea","Mike","Willis","Willis 2","","Slope",3,9,3.5,32,19,"",100,"Willis 2 Slope 3 2018",100,"yes",19,0.742382271468144,1.60356810317052,0.182563728604093
"118",2018,"19/04/18","Coral Sea","Central Coral Sea","Mike","Willis","Willis 2","","Crest",1,3,3.5,17,33,"",100,"Willis 2 Crest 1 2018",100,"yes",33,0.787878787878788,1.7036036870769,0.175865429979686
"119",2018,"19/04/18","Coral Sea","Central Coral Sea","Mike","Willis","Willis 2","","Crest",2,3,4,12,29,"",100,"Willis 2 Crest 2 2018",100,"yes",29,0.720570749108205,1.40065383524533,0.162233503503443
"120",2018,"19/04/18","Coral Sea","Central Coral Sea","Mike","Willis","Willis 2","","Crest",3,2,4,18,28,"",100,"Willis 2 Crest 3 2018",100,"yes",28,0.752551020408163,1.45943261179148,0.166386522913499
"121",2018,"19/04/18","Coral Sea","Central Coral Sea","Mike","Willis","Willis 3","","Slope",1,8,3.5,39,10,"",100,"Willis 3 Slope 1 2018",100,"yes",10,0.72,1.41848366194566,0.170562140479638
"122",2018,"19/04/18","Coral Sea","Central Coral Sea","Mike","Willis","Willis 3","","Slope",2,8,4,24,9,"",100,"Willis 3 Slope 2 2018",100,"yes",9,0.740740740740741,1.46481638489081,0.115752232687075
"123",2018,"19/04/18","Coral Sea","Central Coral Sea","Mike","Willis","Willis 3","","Slope",3,9,3.5,22,14,"",100,"Willis 3 Slope 3 2018",100,"yes",14,0.612244897959184,1.21538810108361,0.0749220754719896
"124",2018,"19/04/18","Coral Sea","Central Coral Sea","Mike","Willis","Willis 3","","Crest",1,3,3,27,15,"",100,"Willis 3 Crest 1 2018",100,"yes",15,0.648888888888889,1.17105986999037,0.149445703219385
"125",2018,"19/04/18","Coral Sea","Central Coral Sea","Mike","Willis","Willis 3","","Crest",2,1,3,18,16,"",100,"Willis 3 Crest 2 2018",100,"yes",16,0.71875,1.39173976951833,0.137461052233874
"126",2018,"19/04/18","Coral Sea","Central Coral Sea","Mike","Willis","Willis 3","","Crest",3,1,3,18,18,"",100,"Willis 3 Crest 3 2018",100,"yes",18,0.746913580246914,1.48842875366778,0.140298393060383
"127",2018,"20/04/18","Coral Sea","Central Coral Sea","Mike","Diane","Diane 1","","Slope",1,9,3,16,6,"",100,"Diane 1 Slope 1 2018",100,"yes",6,0.277777777777778,0.450561208866305,0.069017566017384
"128",2018,"20/04/18","Coral Sea","Central Coral Sea","Mike","Diane","Diane 1","","Slope",2,8,2,16,7,"",100,"Diane 1 Slope 2 2018",100,"yes",7,0.693877551020408,1.27703425946614,0.192671092235898
"129",2018,"20/04/18","Coral Sea","Central Coral Sea","Mike","Diane","Diane 1","","Slope",3,9,3,10,14,"",100,"Diane 1 Slope 3 2018",100,"yes",14,0.775510204081633,1.61147220426073,0.164586504438532
"130",2018,"20/04/18","Coral Sea","Central Coral Sea","Mike","Diane","Diane 1","","Crest",1,3,3,11,8,"",100,"Diane 1 Crest 1 2018",100,"yes",8,0.65625,1.2130075659799,0.121951108212925
"131",2018,"20/04/18","Coral Sea","Central Coral Sea","Mike","Diane","Diane 1","","Crest",2,3,3.5,11,13,"",100,"Diane 1 Crest 2 2018",100,"yes",13,0.63905325443787,1.05790542470367,0.167411111018632
"132",2018,"20/04/18","Coral Sea","Central Coral Sea","Mike","Diane","Diane 1","","Crest",3,3,4,7,8,"",100,"Diane 1 Crest 3 2018",100,"yes",8,0.375,0.562335144618808,0.0967546066834598
"133",2018,"20/04/18","Coral Sea","Central Coral Sea","Mike","Diane","Diane 2","","Slope",1,9,3,21,9,"",100,"Diane 2 Slope 1 2018",100,"yes",9,0.518518518518519,1.00271826451752,0.136698082843426
"134",2018,"20/04/18","Coral Sea","Central Coral Sea","Mike","Diane","Diane 2","","Slope",2,8,3.5,19,10,"",100,"Diane 2 Slope 2 2018",100,"yes",10,0.62,1.02965301406457,0.187640389977912
"135",2018,"20/04/18","Coral Sea","Central Coral Sea","Mike","Diane","Diane 2","","Slope",3,9,3,19,15,"",100,"Diane 2 Slope 3 2018",100,"yes",15,0.684444444444444,1.33786067783643,0.166729683304579
"136",2018,"20/04/18","Coral Sea","Central Coral Sea","Mike","Diane","Diane 2","","Crest",1,4,3.5,12,22,"",100,"Diane 2 Crest 1 2018",100,"yes",22,0.475206611570248,0.815849865184519,0.131219516554279
"137",2018,"20/04/18","Coral Sea","Central Coral Sea","Mike","Diane","Diane 2","","Crest",2,4,4,8,20,"",100,"Diane 2 Crest 2 2018",100,"yes",20,0.475,0.914285581467099,0.0882646567006145
"138",2018,"20/04/18","Coral Sea","Central Coral Sea","Mike","Diane","Diane 2","","Crest",3,3,4,8,22,"",100,"Diane 2 Crest 3 2018",100,"yes",22,0.442148760330578,0.86179014504192,0.11296513394771
"139",2018,"21/04/18","Coral Sea","Central Coral Sea","Mike","Holmes","Holmes 4","East Holmes","Slope",1,5,3,16,4,"",100,"Holmes 4 Slope 1 2018",100,"yes",4,0.375,0.562335144618808,0.0728350671764593
"140",2018,"21/04/18","Coral Sea","Central Coral Sea","Mike","Holmes","Holmes 4","East Holmes","Slope",2,5,2,2,3,"",100,"Holmes 4 Slope 2 2018",100,"yes",3,0.444444444444444,0.636514168294813,0.160323960778769
"141",2018,"21/04/18","Coral Sea","Central Coral Sea","Mike","Holmes","Holmes 4","East Holmes","Slope",3,5,2,11,5,"",100,"Holmes 4 Slope 3 2018",100,"yes",5,0.32,0.500402423538188,0.0852208624844737
"142",2018,"21/04/18","Coral Sea","Central Coral Sea","Mike","Holmes","Holmes 4","East Holmes","Crest",1,1,3,21,6,"",100,"Holmes 4 Crest 1 2018",100,"yes",6,0.444444444444444,0.636514168294813,0.126876338428479
"143",2018,"21/04/18","Coral Sea","Central Coral Sea","Mike","Holmes","Holmes 4","East Holmes","Crest",2,1.5,2,43,2,"",100,"Holmes 4 Crest 2 2018",100,"yes",2,0.5,0.693147180559945,0.142735880732038
"144",2018,"21/04/18","Coral Sea","Central Coral Sea","Mike","Holmes","Holmes 4","East Holmes","Crest",3,1,2,38,4,"",100,"Holmes 4 Crest 3 2018",100,"yes",4,0.5,0.693147180559945,0.142735880732038
"145",2018,"21/04/18","Coral Sea","Central Coral Sea","Mike","Holmes","Holmes 5","East Holmes","Slope",1,9,4,50,8,"",100,"Holmes 5 Slope 1 2018",100,"yes",8,0.625,1.03972077083992,0.157290516110928
"146",2018,"21/04/18","Coral Sea","Central Coral Sea","Mike","Holmes","Holmes 5","East Holmes","Slope",2,9,4,38,3,"",100,"Holmes 5 Slope 2 2018",100,"yes",3,0.444444444444444,0.636514168294813,0.0936946181135501
"147",2018,"21/04/18","Coral Sea","Central Coral Sea","Mike","Holmes","Holmes 5","East Holmes","Slope",3,9,4,55,10,"",100,"Holmes 5 Slope 3 2018",100,"yes",10,0.46,0.801818552543337,0.134426328325832
"148",2018,"21/04/18","Coral Sea","Central Coral Sea","Mike","Holmes","Holmes 5","East Holmes","Crest",1,2,3.5,19,4,"",100,"Holmes 5 Crest 1 2018",100,"yes",4,0.625,1.03972077083992,0.131517880203138
"149",2018,"21/04/18","Coral Sea","Central Coral Sea","Mike","Holmes","Holmes 5","East Holmes","Crest",2,2,3.5,14,4,"",100,"Holmes 5 Crest 2 2018",100,"yes",4,0,0,0
"150",2018,"21/04/18","Coral Sea","Central Coral Sea","Mike","Holmes","Holmes 5","East Holmes","Crest",3,2,3.5,33,4,"",100,"Holmes 5 Crest 3 2018",100,"yes",4,0.375,0.562335144618808,0.107051910549029
"151",2018,"21/04/18","Coral Sea","Central Coral Sea","Mike","Holmes","Holmes 6","East Holmes","Slope",1,9,4,9,12,"",100,"Holmes 6 Slope 1 2018",100,"yes",12,0.708333333333333,1.30860538725345,0.159444885363513
"152",2018,"21/04/18","Coral Sea","Central Coral Sea","Mike","Holmes","Holmes 6","East Holmes","Slope",2,8.5,4.5,3,14,"",100,"Holmes 6 Slope 2 2018",100,"yes",14,0.673469387755102,1.33166431029301,0.161004417227764
"153",2018,"21/04/18","Coral Sea","Central Coral Sea","Mike","Holmes","Holmes 6","East Holmes","Slope",3,9,4,7,12,"",100,"Holmes 6 Slope 3 2018",100,"yes",12,0.680555555555556,1.35797785498732,0.155870219701486
"154",2018,"21/04/18","Coral Sea","Central Coral Sea","Mike","Holmes","Holmes 6","East Holmes","Crest",1,2,3,0,12,"",100,"Holmes 6 Crest 1 2018",100,"yes",12,0.722222222222222,1.42412991734677,0.143098611545801
"155",2018,"21/04/18","Coral Sea","Central Coral Sea","Mike","Holmes","Holmes 6","East Holmes","Crest",2,2,2,0,10,"",100,"Holmes 6 Crest 2 2018",100,"yes",10,0.58,1.08889997534522,0.126310781323903
"156",2018,"21/04/18","Coral Sea","Central Coral Sea","Mike","Holmes","Holmes 6","East Holmes","Crest",3,2.5,3,3,6,"",100,"Holmes 6 Crest 3 2018",100,"yes",6,0.5,0.867563228481461,0.126071877292999
"157",2018,"21/04/18","Coral Sea","Central Coral Sea","Mike","Holmes","Holmes 7","East Holmes","Slope",1,9,4,12,12,"",100,"Holmes 7 Slope 1 2018",100,"yes",12,0.791666666666667,1.67623493913473,0.144638766543783
"158",2018,"21/04/18","Coral Sea","Central Coral Sea","Mike","Holmes","Holmes 7","East Holmes","Slope",2,9.5,4,17,5,"",100,"Holmes 7 Slope 2 2018",100,"yes",5,0.56,0.950270539233235,0.161344145807354
"159",2018,"21/04/18","Coral Sea","Central Coral Sea","Mike","Holmes","Holmes 7","East Holmes","Slope",3,9,3.5,29,11,"",100,"Holmes 7 Slope 3 2018",100,"yes",11,0.694214876033058,1.3667110520552,0.171432202022636
"160",2018,"21/04/18","Coral Sea","Central Coral Sea","Mike","Holmes","Holmes 7","East Holmes","Crest",1,2,3,17,12,"",100,"Holmes 7 Crest 1 2018",100,"yes",12,0.625,1.12692879480068,0.16654907044954
"161",2018,"21/04/18","Coral Sea","Central Coral Sea","Mike","Holmes","Holmes 7","East Holmes","Crest",2,2,3.5,36,11,"",100,"Holmes 7 Crest 2 2018",100,"yes",11,0.644628099173554,1.16222554492109,0.114249695074218
"162",2018,"21/04/18","Coral Sea","Central Coral Sea","Mike","Holmes","Holmes 7","East Holmes","Crest",3,2,3,15,1,"",100,"Holmes 7 Crest 3 2018",100,"yes",1,0,0,0
"163",2018,"22/04/18","Coral Sea","Central Coral Sea","Mike","Holmes","Holmes 2","West Holmes","Slope",1,10.5,4,32,25,"",100,"Holmes 2 Slope 1 2018",100,"yes",25,0.464,1.02690461029337,0.108503791250592
"164",2018,"22/04/18","Coral Sea","Central Coral Sea","Mike","Holmes","Holmes 2","West Holmes","Slope",2,9,4,40,13,"",100,"Holmes 2 Slope 2 2018",100,"yes",13,0.816568047337278,1.73798344858705,0.151993694398797
"165",2018,"22/04/18","Coral Sea","Central Coral Sea","Mike","Holmes","Holmes 2","West Holmes","Slope",3,9.5,4,49,6,"",100,"Holmes 2 Slope 3 2018",100,"yes",6,0.611111111111111,1.01140426470735,0.0871364603640266
"166",2018,"22/04/18","Coral Sea","Central Coral Sea","Mike","Holmes","Holmes 2","West Holmes","Crest",1,2.5,4,27,23,"",100,"Holmes 2 Crest 1 2018",100,"yes",23,0.642722117202268,1.18777503483237,0.142774603684728
"167",2018,"22/04/18","Coral Sea","Central Coral Sea","Mike","Holmes","Holmes 2","West Holmes","Crest",2,1.5,3.5,24,22,"",100,"Holmes 2 Crest 2 2018",100,"yes",22,0.590909090909091,1.20960921657784,0.140579748611585
"168",2018,"22/04/18","Coral Sea","Central Coral Sea","Mike","Holmes","Holmes 2","West Holmes","Crest",3,1.5,3,16,28,"",100,"Holmes 2 Crest 3 2018",100,"yes",28,0.693877551020408,1.36993019647821,0.137508479640047
"169",2018,"22/04/18","Coral Sea","Central Coral Sea","Mike","Holmes","Holmes 3","West Holmes","Slope",1,8,3,43,13,"",100,"Holmes 3 Slope 1 2018",100,"yes",13,0.556213017751479,1.03176711135054,0.201354495459011
"170",2018,"22/04/18","Coral Sea","Central Coral Sea","Mike","Holmes","Holmes 3","West Holmes","Slope",2,9,3.5,24,10,"",100,"Holmes 3 Slope 2 2018",100,"yes",10,0.74,1.3661588475692,0.198203670140339
"171",2018,"22/04/18","Coral Sea","Central Coral Sea","Mike","Holmes","Holmes 3","West Holmes","Slope",3,9,3,38,8,"",100,"Holmes 3 Slope 3 2018",100,"yes",8,0.6875,1.25548232517875,0.185124512442011
"172",2018,"22/04/18","Coral Sea","Central Coral Sea","Mike","Holmes","Holmes 3","West Holmes","Crest",1,3,3,34,7,"",100,"Holmes 3 Crest 1 2018",100,"yes",7,0.73469387755102,1.35178399428965,0.159319005324007
"173",2018,"22/04/18","Coral Sea","Central Coral Sea","Mike","Holmes","Holmes 3","West Holmes","Crest",2,2,3,37,14,"",100,"Holmes 3 Crest 2 2018",100,"yes",14,0.704081632653061,1.30130555043691,0.151561444342354
"174",2018,"22/04/18","Coral Sea","Central Coral Sea","Mike","Holmes","Holmes 3","West Holmes","Crest",3,2,3,29,15,"",100,"Holmes 3 Crest 3 2018",100,"yes",15,0.711111111111111,1.30952583530407,0.163340547380522
"175",2018,"23/04/18","Coral Sea","Central Coral Sea","Mike","Holmes","Holmes 8","West Holmes","Slope",1,9,3,37,9,"",100,"Holmes 8 Slope 1 2018",100,"yes",9,0.617283950617284,1.14905969697062,0.126035038639501
"176",2018,"23/04/18","Coral Sea","Central Coral Sea","Mike","Holmes","Holmes 8","West Holmes","Slope",2,10,3.5,34,14,"",100,"Holmes 8 Slope 2 2018",100,"yes",14,0.663265306122449,1.19734013399678,0.138343218524221
"177",2018,"23/04/18","Coral Sea","Central Coral Sea","Mike","Holmes","Holmes 8","West Holmes","Slope",3,10,4,60,11,"",100,"Holmes 8 Slope 3 2018",100,"yes",11,0.644628099173554,1.2945451658449,0.127314628883285
"178",2018,"23/04/18","Coral Sea","Central Coral Sea","Mike","Holmes","Holmes 8","West Holmes","Crest",1,3,2,25,15,"",100,"Holmes 8 Crest 1 2018",100,"yes",15,0.231111111111111,0.392674467227552,0.0370779269636209
"179",2018,"23/04/18","Coral Sea","Central Coral Sea","Mike","Holmes","Holmes 8","West Holmes","Crest",2,2,3.5,19,14,"",100,"Holmes 8 Crest 2 2018",100,"yes",14,0.581632653061225,1.05472091690681,0.141093179735397
"180",2018,"23/04/18","Coral Sea","Central Coral Sea","Mike","Holmes","Holmes 8","West Holmes","Crest",3,2,4,4,11,"",100,"Holmes 8 Crest 3 2018",100,"yes",11,0.314049586776859,0.600166073159646,0.083449585961584
"181",2018,"23/04/18","Coral Sea","Central Coral Sea","Mike","Holmes","Holmes 1","West Holmes","Slope",1,10,4,12,26,"",100,"Holmes 1 Slope 1 2018",100,"yes",26,0.798816568047337,1.67116839450572,0.173378657784982
"182",2018,"23/04/18","Coral Sea","Central Coral Sea","Mike","Holmes","Holmes 1","West Holmes","Slope",2,9,4,24,17,"",100,"Holmes 1 Slope 2 2018",100,"yes",17,0.719723183391003,1.47704540483989,0.140216716996114
"183",2018,"23/04/18","Coral Sea","Central Coral Sea","Mike","Holmes","Holmes 1","West Holmes","Slope",3,9,3,18,24,"",100,"Holmes 1 Slope 3 2018",100,"yes",24,0.763888888888889,1.5926571874396,0.160545034996702
"184",2018,"23/04/18","Coral Sea","Central Coral Sea","Mike","Holmes","Holmes 1","West Holmes","Crest",1,2,3,4,30,"",100,"Holmes 1 Crest 1 2018",100,"yes",30,0.608888888888889,1.35483224511618,0.149276067689763
"185",2018,"23/04/18","Coral Sea","Central Coral Sea","Mike","Holmes","Holmes 1","West Holmes","Crest",2,3,2,3,34,"",100,"Holmes 1 Crest 2 2018",100,"yes",34,0.698961937716263,1.39304801317359,0.130548390947512
"186",2018,"23/04/18","Coral Sea","Central Coral Sea","Mike","Holmes","Holmes 1","West Holmes","Crest",3,3,3,0,37,"",100,"Holmes 1 Crest 3 2018",100,"yes",37,0.639883126369613,1.4050530528291,0.0981336223490821
"187",2018,"18/10/18","Coral Sea","Northern Coral Sea","Baird","Bougainville","Bougainville 1","NW Mooring","Slope",1,9,4,0,70,"70",100,"Bougainville 1 Slope 1 2018",100,"yes",70,0.321632653061224,0.671562506820611,0.0534259488148972
"188",2018,"18/10/18","Coral Sea","Northern Coral Sea","Baird","Bougainville","Bougainville 1","NW Mooring","Slope",2,9,3.5,2,56,"45",100,"Bougainville 1 Slope 2 2018",100,"yes",56,0.532525510204082,1.13511779548517,0.0915775679561705
"189",2018,"18/10/18","Coral Sea","Northern Coral Sea","Baird","Bougainville","Bougainville 1","NW Mooring","Slope",3,9,4,3,60,"45",100,"Bougainville 1 Slope 3 2018",100,"yes",60,0.545555555555556,1.15430055546961,0.10204847130292
"190",2018,"18/10/18","Coral Sea","Northern Coral Sea","Baird","Bougainville","Bougainville 1","NW Mooring","Crest",1,3,4,0,25,"10",100,"Bougainville 1 Crest 1 2018",100,"yes",25,0.5824,1.14032464707988,0.116709922872874
"191",2018,"18/10/18","Coral Sea","Northern Coral Sea","Baird","Bougainville","Bougainville 1","NW Mooring","Crest",2,3,3,0,15,"<10",100,"Bougainville 1 Crest 2 2018",100,"yes",15,0.515555555555556,0.988154224290194,0.116742817041643
"192",2018,"18/10/18","Coral Sea","Northern Coral Sea","Baird","Bougainville","Bougainville 1","NW Mooring","Crest",3,3,3,0,14,"0",100,"Bougainville 1 Crest 3 2018",100,"yes",14,0.438775510204082,0.75893677276206,0.131020703770844
"193",2018,"18/10/18","Coral Sea","Northern Coral Sea","Baird","Bougainville","Bougainville 2","NE Mooring","Slope",1,9.5,4,1,72,"80",100,"Bougainville 2 Slope 1 2018",100,"yes",72,0.524305555555556,1.13697945046661,0.0996204646787828
"194",2018,"18/10/18","Coral Sea","Northern Coral Sea","Baird","Bougainville","Bougainville 2","NE Mooring","Slope",2,9,4,0,74,"90",100,"Bougainville 2 Slope 2 2018",100,"yes",74,0.605551497443389,1.27207154233344,0.107381117317692
"195",2018,"18/10/18","Coral Sea","Northern Coral Sea","Baird","Bougainville","Bougainville 2","NE Mooring","Slope",3,9,5,0,77,"0",100,"Bougainville 2 Slope 3 2018",100,"yes",77,0.582560296846011,1.16413043566614,0.113690191623557
"196",2018,"18/10/18","Coral Sea","Northern Coral Sea","Baird","Bougainville","Bougainville 2","NE Mooring","Crest",1,3,3,0,46,"",100,"Bougainville 2 Crest 1 2018",100,"yes",46,0.64461247637051,1.20976370044828,0.158220592703847
"197",2018,"18/10/18","Coral Sea","Northern Coral Sea","Baird","Bougainville","Bougainville 2","NE Mooring","Crest",2,3,3,0,11,"",100,"Bougainville 2 Crest 2 2018",100,"yes",11,0.429752066115702,0.759547391474863,0.120734190693694
"198",2018,"18/10/18","Coral Sea","Northern Coral Sea","Baird","Bougainville","Bougainville 2","NE Mooring","Crest",3,2,3,0,21,"",100,"Bougainville 2 Crest 3 2018",100,"yes",21,0.467120181405896,0.978172831115188,0.114497653776303
"199",2018,"18/10/18","Coral Sea","Northern Coral Sea","Baird","Bougainville","Bougainville 3","","Slope",1,9,4.5,0,34,"45",100,"Bougainville 3 Slope 1 2018",100,"yes",34,0.724913494809689,1.40667560435918,0.165199415189566
"200",2018,"18/10/18","Coral Sea","Northern Coral Sea","Baird","Bougainville","Bougainville 3","","Slope",2,9,4,1,41,"45",100,"Bougainville 3 Slope 2 2018",100,"yes",41,0.749553837001785,1.48033711770893,0.174026468415626
"201",2018,"18/10/18","Coral Sea","Northern Coral Sea","Baird","Bougainville","Bougainville 3","","Slope",3,9,3,3,33,"45",100,"Bougainville 3 Slope 3 2018",100,"yes",33,0.754820936639118,1.46096816799006,0.156831180513627
"202",2018,"18/10/18","Coral Sea","Northern Coral Sea","Baird","Bougainville","Bougainville 3","","Crest",1,3,3,0,21,"10",100,"Bougainville 3 Crest 1 2018",100,"yes",21,0.526077097505669,0.832407574347485,0.16290652333833
"203",2018,"18/10/18","Coral Sea","Northern Coral Sea","Baird","Bougainville","Bougainville 3","","Crest",2,3,2,0,28,"0",100,"Bougainville 3 Crest 2 2018",100,"yes",28,0.441326530612245,0.808447285659199,0.137432148251283
"204",2018,"18/10/18","Coral Sea","Northern Coral Sea","Baird","Bougainville","Bougainville 3","","Crest",3,3,3,0,25,"0",100,"Bougainville 3 Crest 3 2018",100,"yes",25,0.6496,1.2677946372885,0.143200571991429
"205",2018,"19/10/18","Coral Sea","Northern Coral Sea","Baird","Osprey","Osprey 1","North Horn","Slope",1,9.8,3.5,1,31,"45",100,"Osprey 1 Slope 1 2018",100,"yes",31,0.718002081165453,1.43778733192261,0.12947476244942
"206",2018,"19/10/18","Coral Sea","Northern Coral Sea","Baird","Osprey","Osprey 1","North Horn","Slope",2,8.5,3,1,35,"80",100,"Osprey 1 Slope 2 2018",100,"yes",35,0.623673469387755,1.20360418914093,0.132048342462995
"207",2018,"19/10/18","Coral Sea","Northern Coral Sea","Baird","Osprey","Osprey 1","North Horn","Slope",3,8.5,3,0,30,"60",100,"Osprey 1 Slope 3 2018",100,"yes",30,0.771111111111111,1.52366672721032,0.155879585753887
"208",2018,"19/10/18","Coral Sea","Northern Coral Sea","Baird","Osprey","Osprey 1","North Horn","Crest",1,3,3,0,6,"45",100,"Osprey 1 Crest 1 2018",100,"yes",6,0.444444444444444,0.636514168294813,0.0764747412594125
"209",2018,"19/10/18","Coral Sea","Northern Coral Sea","Baird","Osprey","Osprey 1","North Horn","Crest",2,3,3.5,0,28,"0",100,"Osprey 1 Crest 2 2018",100,"yes",28,0.596938775510204,1.27760132077506,0.0807262882017689
"210",2018,"19/10/18","Coral Sea","Northern Coral Sea","Baird","Osprey","Osprey 1","North Horn","Crest",3,3,3,0,26,"45",100,"Osprey 1 Crest 3 2018",100,"yes",26,0.553254437869822,1.01164218274421,0.100306870899186
"211",2018,"19/10/18","Coral Sea","Northern Coral Sea","Baird","Osprey","Osprey 2","False Entrance","Slope",1,8,4,0,61,"45",100,"Osprey 2 Slope 1 2018",100,"yes",61,0.576189196452566,1.21228300213148,0.0980197258668097
"212",2018,"19/10/18","Coral Sea","Northern Coral Sea","Baird","Osprey","Osprey 2","False Entrance","Slope",2,9,3.5,0,58,"90",100,"Osprey 2 Slope 2 2018",100,"yes",58,0.779429250891795,1.61021859803535,0.13717961301046
"213",2018,"19/10/18","Coral Sea","Northern Coral Sea","Baird","Osprey","Osprey 2","False Entrance","Slope",3,9,3.5,1,62,"90",100,"Osprey 2 Slope 3 2018",100,"yes",62,0.788241415192508,1.6389043180282,0.133093562154986
"214",2018,"19/10/18","Coral Sea","Northern Coral Sea","Baird","Osprey","Osprey 2","False Entrance","Crest",1,4,4,2,26,"45",100,"Osprey 2 Crest 1 2018",100,"yes",26,0.615384615384615,1.08828116459724,0.120131575182532
"215",2018,"19/10/18","Coral Sea","Northern Coral Sea","Baird","Osprey","Osprey 2","False Entrance","Crest",2,3,3,1,9,"10",100,"Osprey 2 Crest 2 2018",100,"yes",9,0.740740740740741,1.46481638489081,0.115831901024639
"216",2018,"19/10/18","Coral Sea","Northern Coral Sea","Baird","Osprey","Osprey 2","False Entrance","Crest",3,3,3,0,31,"30",100,"Osprey 2 Crest 3 2018",100,"yes",31,0.749219562955255,1.50759752592521,0.144838165789004
"217",2018,"19/10/18","Coral Sea","Northern Coral Sea","Baird","Osprey","Osprey 3","Lagoon","Slope",1,9,2.5,2,3,"90",100,"Osprey 3 Slope 1 2018",100,"yes",3,0,0,0.0646031664949828
"218",2018,"19/10/18","Coral Sea","Northern Coral Sea","Baird","Osprey","Osprey 3","Lagoon","Slope",2,9,3,2,1,"90",100,"Osprey 3 Slope 2 2018",100,"yes",1,0,0,0
"219",2018,"19/10/18","Coral Sea","Northern Coral Sea","Baird","Osprey","Osprey 3","Lagoon","Slope",3,8,1.5,0,0,"10",100,"Osprey 3 Slope 3 2018",100,"yes",0,0,0,NA
"220",2018,"22/10/18","Coral Sea","Northern Coral Sea","Baird","Ashmore","Ashmore 1","","Slope",1,9,4.5,0,32,"90",100,"Ashmore 1 Slope 1 2018",100,"yes",32,0.80078125,1.77534271059871,0.143113463403298
"221",2018,"22/10/18","Coral Sea","Northern Coral Sea","Baird","Ashmore","Ashmore 1","","Slope",2,8,3.5,0,30,"60",100,"Ashmore 1 Slope 2 2018",100,"yes",30,0.813333333333333,1.79427716058342,0.140509504108542
"222",2018,"22/10/18","Coral Sea","Northern Coral Sea","Baird","Ashmore","Ashmore 1","","Slope",3,9,4,0,38,"90",100,"Ashmore 1 Slope 3 2018",100,"yes",38,0.813019390581717,1.86123092059721,0.157758544498292
"223",2018,"22/10/18","Coral Sea","Northern Coral Sea","Baird","Ashmore","Ashmore 1","","Crest",1,2,4,1,23,"10",100,"Ashmore 1 Crest 1 2018",100,"yes",23,0.703213610586011,1.36558640936792,0.15105419526701
"224",2018,"22/10/18","Coral Sea","Northern Coral Sea","Baird","Ashmore","Ashmore 1","","Crest",2,2,3,1,19,"0",100,"Ashmore 1 Crest 2 2018",100,"yes",19,0.642659279778393,1.30901579537113,0.0917369828658286
"225",2018,"22/10/18","Coral Sea","Northern Coral Sea","Baird","Ashmore","Ashmore 1","","Crest",3,2,3,2,17,"0",100,"Ashmore 1 Crest 3 2018",100,"yes",17,0.726643598615917,1.43034983140969,0.136528704962907
"226",2018,"22/10/18","Coral Sea","Northern Coral Sea","Baird","Ashmore","Ashmore 2","","Slope",1,9,3,0,43,"45",100,"Ashmore 2 Slope 1 2018",100,"yes",43,0.78637101135749,1.62360634574534,0.126034223576305
"227",2018,"22/10/18","Coral Sea","Northern Coral Sea","Baird","Ashmore","Ashmore 2","","Slope",2,8,3,0,28,"45",100,"Ashmore 2 Slope 2 2018",100,"yes",28,0.739795918367347,1.54638591959968,0.11196726455468
"228",2018,"22/10/18","Coral Sea","Northern Coral Sea","Baird","Ashmore","Ashmore 2","","Slope",3,8,2.5,1,28,"45",100,"Ashmore 2 Slope 3 2018",100,"yes",28,0.75,1.45495662705806,0.100024006849393
"229",2018,"22/10/18","Coral Sea","Northern Coral Sea","Baird","Ashmore","Ashmore 2","","Crest",1,3,2,0,25,"30",100,"Ashmore 2 Crest 1 2018",100,"yes",25,0.8,1.7460929019843,0.139580738847741
"230",2018,"22/10/18","Coral Sea","Northern Coral Sea","Baird","Ashmore","Ashmore 2","","Crest",2,2.5,1.5,0,20,"0",100,"Ashmore 2 Crest 2 2018",100,"yes",20,0.81,1.72280019462452,0.121395292605409
"231",2018,"22/10/18","Coral Sea","Northern Coral Sea","Baird","Ashmore","Ashmore 2","","Crest",3,2,1,10,25,"0",100,"Ashmore 2 Crest 3 2018",100,"yes",25,0.7552,1.62231363276441,0.138889183822256
"232",2018,"22/10/18","Coral Sea","Northern Coral Sea","Baird","Ashmore","Ashmore 3","","Slope",1,5,4,10,26,"45",100,"Ashmore 3 Slope 1 2018",100,"yes",26,0.763313609467456,1.61723387694908,0.110493381390733
"233",2018,"22/10/18","Coral Sea","Northern Coral Sea","Baird","Ashmore","Ashmore 3","","Slope",2,5,4,8,26,"60",100,"Ashmore 3 Slope 2 2018",100,"yes",26,0.58284023668639,1.23197401023087,0.0596419225239606
"234",2018,"22/10/18","Coral Sea","Northern Coral Sea","Baird","Ashmore","Ashmore 3","","Slope",3,5,4,4,22,"45",100,"Ashmore 3 Slope 3 2018",100,"yes",22,0.710743801652893,1.46580737521126,0.082657702319443
"235",2018,"22/10/18","Coral Sea","Northern Coral Sea","Baird","Ashmore","Ashmore 3","","Crest",1,1,2,2,3,"0",100,"Ashmore 3 Crest 1 2018",100,"yes",3,0.666666666666667,1.09861228866811,0.0500466599681692
"236",2018,"22/10/18","Coral Sea","Northern Coral Sea","Baird","Ashmore","Ashmore 3","","Crest",2,1.5,2,4,19,"0",100,"Ashmore 3 Crest 2 2018",100,"yes",19,0.714681440443213,1.36985448952249,0.118723908676319
"237",2018,"22/10/18","Coral Sea","Northern Coral Sea","Baird","Ashmore","Ashmore 3","","Crest",3,1.5,3.5,3,25,"0",100,"Ashmore 3 Crest 3 2018",100,"yes",25,0.7296,1.56465545012612,0.0931245502615084
"238",2018,"23/10/18","Coral Sea","Northern Coral Sea","Baird","Ashmore","Ashmore 4","","Slope",1,9.5,2,0,42,"60",100,"Ashmore 4 Slope 1 2018",100,"yes",42,0.768707482993197,1.66356437335642,0.123262534127419
"239",2018,"23/10/18","Coral Sea","Northern Coral Sea","Baird","Ashmore","Ashmore 4","","Slope",2,9,3,1,44,"60",100,"Ashmore 4 Slope 2 2018",100,"yes",44,0.763429752066116,1.65063211948086,0.135577963460836
"240",2018,"23/10/18","Coral Sea","Northern Coral Sea","Baird","Ashmore","Ashmore 4","","Slope",3,8.5,3,0,41,"45",100,"Ashmore 4 Slope 3 2018",100,"yes",41,0.798334324806663,1.82121430234032,0.130916344959524
"241",2018,"23/10/18","Coral Sea","Northern Coral Sea","Baird","Ashmore","Ashmore 4","","Crest",1,3,2,0,45,"0",100,"Ashmore 4 Crest 1 2018",100,"yes",45,0.769382716049383,1.68300840532479,0.089399324074053
"242",2018,"23/10/18","Coral Sea","Northern Coral Sea","Baird","Ashmore","Ashmore 4","","Crest",2,2.5,1,0,27,"0",100,"Ashmore 4 Crest 2 2018",100,"yes",27,0.773662551440329,1.65820092067753,0.110385084343742
"243",2018,"23/10/18","Coral Sea","Northern Coral Sea","Baird","Ashmore","Ashmore 4","","Crest",3,3,1,0,15,"0",100,"Ashmore 4 Crest 3 2018",100,"yes",15,0.755555555555556,1.58678470752805,0.113826576527982
"244",2018,"23/10/18","Coral Sea","Northern Coral Sea","Baird","Ashmore","Ashmore 5","","Slope",1,6,3,9,32,"45",100,"Ashmore 5 Slope 1 2018",100,"yes",32,0.8125,1.88462996064594,0.145776274138384
"245",2018,"23/10/18","Coral Sea","Northern Coral Sea","Baird","Ashmore","Ashmore 5","","Slope",2,5,3,13,31,"45",100,"Ashmore 5 Slope 2 2018",100,"yes",31,0.738813735691987,1.49699432908048,0.105513910734275
"246",2018,"23/10/18","Coral Sea","Northern Coral Sea","Baird","Ashmore","Ashmore 5","","Slope",3,5,2.5,2,23,"45",100,"Ashmore 5 Slope 3 2018",100,"yes",23,0.77882797731569,1.66569370366628,0.123382009996666
"247",2018,"23/10/18","Coral Sea","Northern Coral Sea","Baird","Ashmore","Ashmore 5","","Crest",1,1,3.5,0,13,"0",100,"Ashmore 5 Crest 1 2018",100,"yes",13,0.733727810650888,1.43888295021699,0.166738880142755
"248",2018,"23/10/18","Coral Sea","Northern Coral Sea","Baird","Ashmore","Ashmore 5","","Crest",2,1,2.5,1,29,"0",100,"Ashmore 5 Crest 2 2018",100,"yes",29,0.799048751486326,1.74938073422712,0.143669588670676
"249",2018,"23/10/18","Coral Sea","Northern Coral Sea","Baird","Ashmore","Ashmore 5","","Crest",3,1,3.5,2,5,"0",100,"Ashmore 5 Crest 3 2018",100,"yes",5,0.64,1.05492016798614,0.130954877764184
"250",2018,"24/10/18","Coral Sea","Northern Coral Sea","Baird","Boot","Boot 1","","Slope",1,9,3.5,2,35,"90",100,"Boot 1 Slope 1 2018",100,"yes",35,0.801632653061225,1.77597050004122,0.146674609110519
"251",2018,"24/10/18","Coral Sea","Northern Coral Sea","Baird","Boot","Boot 1","","Slope",2,9,4,0,37,"90",100,"Boot 1 Slope 2 2018",100,"yes",37,0.631117604090577,1.23233864686517,0.127928086983439
"252",2018,"24/10/18","Coral Sea","Northern Coral Sea","Baird","Boot","Boot 1","","Slope",3,9.5,4,1,46,"90",100,"Boot 1 Slope 3 2018",100,"yes",46,0.649338374291115,1.38551600531042,0.146146738557755
"253",2018,"24/10/18","Coral Sea","Northern Coral Sea","Baird","Boot","Boot 1","","Crest",1,2,2,0,11,"0",100,"Boot 1 Crest 1 2018",100,"yes",11,0.644628099173554,1.16222554492109,0.144304078611383
"254",2018,"24/10/18","Coral Sea","Northern Coral Sea","Baird","Boot","Boot 1","","Crest",2,2,2,1,15,"0",100,"Boot 1 Crest 2 2018",100,"yes",15,0.711111111111111,1.45486710926629,0.159446892984201
"255",2018,"24/10/18","Coral Sea","Northern Coral Sea","Baird","Boot","Boot 1","","Crest",3,2,1.5,0,12,"0",100,"Boot 1 Crest 3 2018",100,"yes",12,0.805555555555556,1.7045514452673,0.139231786511856
"256",2018,"24/10/18","Coral Sea","Northern Coral Sea","Baird","Boot","Boot 2","","Slope",1,9,4,0,43,"90",100,"Boot 2 Slope 1 2018",100,"yes",43,0.325581395348837,0.706115139932424,0.102881555335086
"257",2018,"24/10/18","Coral Sea","Northern Coral Sea","Baird","Boot","Boot 2","","Slope",2,9,3.5,0,30,"90",100,"Boot 2 Slope 2 2018",100,"yes",30,0.833333333333333,1.94760745447335,0.145939258814243
"258",2018,"24/10/18","Coral Sea","Northern Coral Sea","Baird","Boot","Boot 2","","Slope",3,10,3,1,42,"90",100,"Boot 2 Slope 3 2018",100,"yes",42,0.439909297052154,0.980101385109845,0.10870451824577
"259",2018,"24/10/18","Coral Sea","Northern Coral Sea","Baird","Boot","Boot 2","","Crest",1,2,1.5,1,10,"0",100,"Boot 2 Crest 1 2018",100,"yes",10,0.74,1.47080847632211,0.167231877374726
"260",2018,"24/10/18","Coral Sea","Northern Coral Sea","Baird","Boot","Boot 2","","Crest",2,2,2,0,12,"0",100,"Boot 2 Crest 2 2018",100,"yes",12,0.638888888888889,1.14370838942625,0.165035877769351
"261",2018,"24/10/18","Coral Sea","Northern Coral Sea","Baird","Boot","Boot 2","","Crest",3,1,1,0,12,"0",100,"Boot 2 Crest 3 2018",100,"yes",12,0.680555555555556,1.35797785498732,0.167074781595487
"262",2018,"24/10/18","Coral Sea","Northern Coral Sea","Baird","Boot","Boot 3","","Slope",1,9,4,2,35,"90",100,"Boot 3 Slope 1 2018",100,"yes",35,0.744489795918367,1.71316980933361,0.161375200060903
"263",2018,"24/10/18","Coral Sea","Northern Coral Sea","Baird","Boot","Boot 3","","Slope",2,9,4,0,18,"60",100,"Boot 3 Slope 2 2018",100,"yes",18,0.654320987654321,1.26767702904526,0.114495022446413
"264",2018,"24/10/18","Coral Sea","Northern Coral Sea","Baird","Boot","Boot 3","","Slope",3,9,4,3,28,"90",100,"Boot 3 Slope 3 2018",100,"yes",28,0.665816326530612,1.44800436042444,0.140256722266287
"265",2018,"24/10/18","Coral Sea","Northern Coral Sea","Baird","Boot","Boot 3","","Crest",1,1,2,3,22,"0",100,"Boot 3 Crest 1 2018",100,"yes",22,0.793388429752066,1.68045958700349,0.163191371376654
"266",2018,"24/10/18","Coral Sea","Northern Coral Sea","Baird","Boot","Boot 3","","Crest",2,1,2,3,20,"0",100,"Boot 3 Crest 2 2018",100,"yes",20,0.72,1.4956157801725,0.18361091670611
"267",2018,"24/10/18","Coral Sea","Northern Coral Sea","Baird","Boot","Boot 3","","Crest",3,1,1.5,4,16,"0",100,"Boot 3 Crest 3 2018",100,"yes",16,0.640625,1.22991860376421,0.170344986139213
"268",2018,"5/12/18","Coral Sea","Southern Coral Sea","Mike","Cato","Cato 1","","Slope",1,9,3,0,47,"90",100,"Cato 1 Slope 1 2018",100,"yes",47,0.684472612041648,1.50438047811077,0.0967803386338501
"269",2018,"5/12/18","Coral Sea","Southern Coral Sea","Mike","Cato","Cato 1","","Slope",2,8,4,0,25,"90",100,"Cato 1 Slope 2 2018",100,"yes",25,0.7456,1.64380600908318,0.0899484353106813
"270",2018,"5/12/18","Coral Sea","Southern Coral Sea","Mike","Cato","Cato 1","","Slope",3,8,2.5,0,20,"90",100,"Cato 1 Slope 3 2018",100,"yes",20,0.65,1.30691188628855,0.105220064607243
"271",2018,"5/12/18","Coral Sea","Southern Coral Sea","Mike","Cato","Cato 1","","Crest",1,3,3,0,40,"45",100,"Cato 1 Crest 1 2018",100,"yes",40,0.71125,1.45178591763582,0.0794929821666835
"272",2018,"5/12/18","Coral Sea","Southern Coral Sea","Mike","Cato","Cato 1","","Crest",2,3,3.5,0,54,"45",100,"Cato 1 Crest 2 2018",100,"yes",54,0.775034293552812,1.64847379960515,0.105513533304961
"273",2018,"5/12/18","Coral Sea","Southern Coral Sea","Mike","Cato","Cato 1","","Crest",3,2.5,3,0,45,"45",100,"Cato 1 Crest 3 2018",100,"yes",45,0.650864197530864,1.31609865088907,0.086828624586096
"274",2018,"5/12/18","Coral Sea","Southern Coral Sea","Mike","Cato","Cato 2","","Slope",1,9,3.5,0,25,"45",100,"Cato 2 Slope 1 2018",100,"yes",25,0.4768,0.86226847829524,0.11265511857361
"275",2018,"5/12/18","Coral Sea","Southern Coral Sea","Mike","Cato","Cato 2","","Slope",2,9,3.5,0,42,"45",100,"Cato 2 Slope 2 2018",100,"yes",42,0.417233560090703,0.806975911795792,0.0814139485144261
"276",2018,"5/12/18","Coral Sea","Southern Coral Sea","Mike","Cato","Cato 2","","Slope",3,9,3.5,0,42,"45",100,"Cato 2 Slope 3 2018",100,"yes",42,0.54421768707483,0.949286900790289,0.109442059922961
"277",2018,"5/12/18","Coral Sea","Southern Coral Sea","Mike","Cato","Cato 2","","Crest",1,5,4,0,34,"60",100,"Cato 2 Crest 1 2018",100,"yes",34,0.788927335640138,1.63630851507504,0.142286222094153
"278",2018,"5/12/18","Coral Sea","Southern Coral Sea","Mike","Cato","Cato 2","","Crest",2,5,4,0,34,"60",100,"Cato 2 Crest 2 2018",100,"yes",34,0.70242214532872,1.43205595121775,0.15241214084689
"279",2018,"5/12/18","Coral Sea","Southern Coral Sea","Mike","Cato","Cato 2","","Crest",3,4,4,0,33,"30",100,"Cato 2 Crest 3 2018",100,"yes",33,0.585858585858586,1.05326324329158,0.135496183823325
"280",2018,"5/12/18","Coral Sea","Southern Coral Sea","Mike","Cato","Cato 3","","Slope",1,9,4,8,19,"90",100,"Cato 3 Slope 1 2018",100,"yes",19,0.681440443213296,1.21875900383729,0.0965775969173276
"281",2018,"5/12/18","Coral Sea","Southern Coral Sea","Mike","Cato","Cato 3","","Slope",2,9,4,10,19,"90",100,"Cato 3 Slope 2 2018",100,"yes",19,0.764542936288089,1.50036500271824,0.13241273204382
"282",2018,"5/12/18","Coral Sea","Southern Coral Sea","Mike","Cato","Cato 3","","Slope",3,9,4,2,13,"90",100,"Cato 3 Slope 3 2018",100,"yes",13,0.674556213017751,1.22028216627224,0.138378389848056
"283",2018,"5/12/18","Coral Sea","Southern Coral Sea","Mike","Cato","Cato 3","","Crest",1,2,3,8,54,"90",100,"Cato 3 Crest 1 2018",100,"yes",54,0.695473251028807,1.41383117980244,0.0880779142287402
"284",2018,"5/12/18","Coral Sea","Southern Coral Sea","Mike","Cato","Cato 3","","Crest",2,3,3,24,52,"90",100,"Cato 3 Crest 2 2018",100,"yes",52,0.561390532544379,1.14880376724269,0.0492074917672226
"285",2018,"5/12/18","Coral Sea","Southern Coral Sea","Mike","Cato","Cato 3","","Crest",3,3,3,23,35,"90",100,"Cato 3 Crest 3 2018",100,"yes",35,0.713469387755102,1.44337892577035,0.0783248808917176
"286",2018,"6/12/18","Coral Sea","Southern Coral Sea","Mike","Wreck","Wreck 1","","Slope",1,9,2.5,29,11,"90",100,"Wreck 1 Slope 1 2018",100,"yes",11,0.760330578512397,1.51570795208571,0.179186854831442
"287",2018,"6/12/18","Coral Sea","Southern Coral Sea","Mike","Wreck","Wreck 1","","Slope",2,9,2,14,18,"90",100,"Wreck 1 Slope 2 2018",100,"yes",18,0.623456790123457,1.22607605036617,0.0992949013852984
"288",2018,"6/12/18","Coral Sea","Southern Coral Sea","Mike","Wreck","Wreck 1","","Slope",3,9,2.5,15,17,"90",100,"Wreck 1 Slope 3 2018",100,"yes",17,0.795847750865052,1.67669613259185,0.144208468240332
"289",2018,"6/12/18","Coral Sea","Southern Coral Sea","Mike","Wreck","Wreck 2","","Slope",1,7,2.5,11,6,"90",100,"Wreck 2 Slope 1 2018",100,"yes",6,0.611111111111111,1.01140426470735,0.15176374642404
"290",2018,"6/12/18","Coral Sea","Southern Coral Sea","Mike","Wreck","Wreck 2","","Slope",2,5,2.5,10,24,"90",100,"Wreck 2 Slope 2 2018",100,"yes",24,0.71875,1.40232791135658,0.0637832482318261
"291",2018,"6/12/18","Coral Sea","Southern Coral Sea","Mike","Wreck","Wreck 2","","Slope",3,5,3,11,15,"Overhang",100,"Wreck 2 Slope 3 2018",100,"yes",15,0.702222222222222,1.36244748519163,0.0873290927388572
"292",2018,"6/12/18","Coral Sea","Southern Coral Sea","Mike","Wreck","Wreck 2","","Crest",1,1,2,11,40,"45",100,"Wreck 2 Crest 1 2018",100,"yes",40,0.7175,1.51473629796191,0.102609206083569
"293",2018,"6/12/18","Coral Sea","Southern Coral Sea","Mike","Wreck","Wreck 2","","Crest",2,1,2,14,24,"45",100,"Wreck 2 Crest 2 2018",100,"yes",24,0.555555555555556,1.09246062452196,0.106437382422169
"294",2018,"6/12/18","Coral Sea","Southern Coral Sea","Mike","Wreck","Wreck 2","","Crest",3,1,2,8,16,"0",100,"Wreck 2 Crest 3 2018",100,"yes",16,0.7890625,1.5808185358593,0.118531415011434
"295",2018,"6/12/18","Coral Sea","Southern Coral Sea","Mike","Wreck","Wreck 3","","Slope",1,9,1.5,7,17,"60",100,"Wreck 3 Slope 1 2018",100,"yes",17,0.761245674740484,1.67499001278379,0.103800805329136
"296",2018,"6/12/18","Coral Sea","Southern Coral Sea","Mike","Wreck","Wreck 3","","Slope",2,9,1,16,21,"60",100,"Wreck 3 Slope 2 2018",100,"yes",21,0.462585034013605,0.953256252840686,0.062572688129462
"297",2018,"6/12/18","Coral Sea","Southern Coral Sea","Mike","Wreck","Wreck 3","","Slope",3,9,1,2,12,"45",100,"Wreck 3 Slope 3 2018",100,"yes",12,0.819444444444444,1.82007597536062,0.154389007993916
"298",2018,"6/12/18","Coral Sea","Southern Coral Sea","Mike","Wreck","Wreck 3","","Crest",1,3,1.5,2,35,"0",100,"Wreck 3 Crest 1 2018",100,"yes",35,0.768979591836735,1.72499619980736,0.179459572646149
"299",2018,"6/12/18","Coral Sea","Southern Coral Sea","Mike","Wreck","Wreck 3","","Crest",2,4,2,3,27,"0",100,"Wreck 3 Crest 2 2018",100,"yes",27,0.652949245541838,1.27254682024205,0.178484194793264
"300",2018,"6/12/18","Coral Sea","Southern Coral Sea","Mike","Wreck","Wreck 3","","Crest",3,3,2,1,29,"0",100,"Wreck 3 Crest 3 2018",100,"yes",29,0.663495838287753,1.32076900498544,0.146127483524298
"301",2018,"7/12/18","Coral Sea","Southern Coral Sea","Mike","Saumarez","Saumarez 1","","Slope",1,9,3,3,19,"90",100,"Saumarez 1 Slope 1 2018",100,"yes",19,0.709141274238227,1.437647587172,0.112966349792957
"302",2018,"7/12/18","Coral Sea","Southern Coral Sea","Mike","Saumarez","Saumarez 1","","Slope",2,9,3.5,0,22,"90",100,"Saumarez 1 Slope 2 2018",100,"yes",22,0.710743801652893,1.46580737521126,0.118365986381606
"303",2018,"7/12/18","Coral Sea","Southern Coral Sea","Mike","Saumarez","Saumarez 1","","Slope",3,9,4,0,9,"110",100,"Saumarez 1 Slope 3 2018",100,"yes",9,0.71604938271605,1.31078367809971,0.110615737556963
"304",2018,"7/12/18","Coral Sea","Southern Coral Sea","Mike","Saumarez","Saumarez 1","","Crest",1,3,3,2,17,"45",100,"Saumarez 1 Crest 1 2018",100,"yes",17,0.761245674740484,1.51767452946257,0.103262549766768
"305",2018,"7/12/18","Coral Sea","Southern Coral Sea","Mike","Saumarez","Saumarez 1","","Crest",2,2,3,1,32,"60",100,"Saumarez 1 Crest 2 2018",100,"yes",32,0.806640625,1.77317953969115,0.0988862653577024
"306",2018,"7/12/18","Coral Sea","Southern Coral Sea","Mike","Saumarez","Saumarez 1","","Crest",3,2,3.5,1,13,"90",100,"Saumarez 1 Crest 3 2018",100,"yes",13,0.804733727810651,1.69773359137439,0.123407814399326
"307",2018,"7/12/18","Coral Sea","Southern Coral Sea","Mike","Saumarez","Saumarez 2","","Slope",1,9,3.5,6,18,"90",100,"Saumarez 2 Slope 1 2018",100,"yes",18,0.660493827160494,1.22357565413896,0.0945950475970584
"308",2018,"7/12/18","Coral Sea","Southern Coral Sea","Mike","Saumarez","Saumarez 2","","Slope",2,9,4,4,23,"90",100,"Saumarez 2 Slope 2 2018",100,"yes",23,0.77882797731569,1.7252715847866,0.0952115947026679
"309",2018,"7/12/18","Coral Sea","Southern Coral Sea","Mike","Saumarez","Saumarez 2","","Slope",3,9,3,2,34,"90",100,"Saumarez 2 Slope 3 2018",100,"yes",34,0.742214532871972,1.55089709742797,0.0929540443463499
"310",2018,"7/12/18","Coral Sea","Southern Coral Sea","Mike","Saumarez","Saumarez 2","","Crest",1,3,3,0,47,"90",100,"Saumarez 2 Crest 1 2018",100,"yes",47,0.761430511543685,1.61674363741666,0.0962144692155406
"311",2018,"7/12/18","Coral Sea","Southern Coral Sea","Mike","Saumarez","Saumarez 2","","Crest",2,3,3,5,33,"60",100,"Saumarez 2 Crest 2 2018",100,"yes",33,0.76951331496786,1.61260526603193,0.149094242999658
"312",2018,"7/12/18","Coral Sea","Southern Coral Sea","Mike","Saumarez","Saumarez 2","","Crest",3,3,3,5,46,"45",100,"Saumarez 2 Crest 3 2018",100,"yes",46,0.793950850661626,1.73500457181059,0.125862539858346
"313",2018,"9/12/18","Coral Sea","Southern Coral Sea","Mike","Frederick","Frederick 1","","Slope",1,9,3.5,7,8,"45",100,"Frederick 1 Slope 1 2018",100,"yes",8,0.59375,0.974314752869349,0.107434677424898
"314",2018,"9/12/18","Coral Sea","Southern Coral Sea","Mike","Frederick","Frederick 1","","Slope",2,9,3,4,11,"45",100,"Frederick 1 Slope 2 2018",100,"yes",11,0.760330578512397,1.51570795208571,0.124037258070593
"315",2018,"9/12/18","Coral Sea","Southern Coral Sea","Mike","Frederick","Frederick 1","","Slope",3,9,3,4,18,"30",100,"Frederick 1 Slope 3 2018",100,"yes",18,0.277777777777778,0.450561208866305,0.0660164906035458
"316",2018,"10/12/18","Coral Sea","Southern Coral Sea","Mike","Kenn","Kenn 1","","Slope",1,8,3.5,0,21,"90",100,"Kenn 1 Slope 1 2018",100,"yes",21,0.748299319727891,1.54920695343132,0.120373939125625
"317",2018,"10/12/18","Coral Sea","Southern Coral Sea","Mike","Kenn","Kenn 1","","Slope",2,7,3,0,30,"45",100,"Kenn 1 Slope 2 2018",100,"yes",30,0.773333333333333,1.60154896430533,0.155885429609944
"318",2018,"10/12/18","Coral Sea","Southern Coral Sea","Mike","Kenn","Kenn 1","","Slope",3,7,3,1,30,"45",100,"Kenn 1 Slope 3 2018",100,"yes",30,0.737777777777778,1.54862731441777,0.102349158603835
"319",2018,"10/12/18","Coral Sea","Southern Coral Sea","Mike","Kenn","Kenn 1","","Crest",1,2,3,4,62,"45",100,"Kenn 1 Crest 1 2018",100,"yes",62,0.789281997918835,1.71949875990491,0.115988727368958
"320",2018,"10/12/18","Coral Sea","Southern Coral Sea","Mike","Kenn","Kenn 1","","Crest",2,3,3,1,56,"45",100,"Kenn 1 Crest 2 2018",100,"yes",56,0.741071428571429,1.58424579307431,0.0927869537995793
"321",2018,"10/12/18","Coral Sea","Southern Coral Sea","Mike","Kenn","Kenn 1","","Crest",3,2,3,0,59,"60",100,"Kenn 1 Crest 3 2018",100,"yes",59,0.696351623096811,1.41935188367357,0.0961156986079415
"322",2018,"10/12/18","Coral Sea","Southern Coral Sea","Mike","Kenn","Kenn 2","","Slope",1,7.5,3,2,18,"90",100,"Kenn 2 Slope 1 2018",100,"yes",18,0.790123456790123,1.65910482941921,0.127676269519055
"323",2018,"10/12/18","Coral Sea","Southern Coral Sea","Mike","Kenn","Kenn 2","","Slope",2,8,4,3,16,"90",100,"Kenn 2 Slope 2 2018",100,"yes",16,0.6875,1.33166028682243,0.105338356548677
"324",2018,"10/12/18","Coral Sea","Southern Coral Sea","Mike","Kenn","Kenn 2","","Slope",3,6,3,0,26,"90",100,"Kenn 2 Slope 3 2018",100,"yes",26,0.63905325443787,1.20903073623521,0.102638872813965
"325",2018,"10/12/18","Coral Sea","Southern Coral Sea","Mike","Kenn","Kenn 2","","Crest",1,2.5,3,7,23,"45",100,"Kenn 2 Crest 1 2018",100,"yes",23,0.631379962192817,1.32409822402831,0.0977261782939191
"326",2018,"10/12/18","Coral Sea","Southern Coral Sea","Mike","Kenn","Kenn 2","","Crest",2,3,3.5,4,26,"45",100,"Kenn 2 Crest 2 2018",100,"yes",26,0.680473372781065,1.35926964177921,0.105358095737751
"327",2018,"10/12/18","Coral Sea","Southern Coral Sea","Mike","Kenn","Kenn 2","","Crest",3,2,3,1,32,"45",100,"Kenn 2 Crest 3 2018",100,"yes",32,0.72265625,1.46763774256734,0.114160043374593
"328",2018,"11/12/18","Coral Sea","Southern Coral Sea","Mike","Kenn","Kenn 4","","Slope",1,7,2.5,1,41,"45",100,"Kenn 4 Slope 1 2018",100,"yes",41,0.535395597858418,1.13123549951476,0.107148708994005
"329",2018,"11/12/18","Coral Sea","Southern Coral Sea","Mike","Kenn","Kenn 4","","Slope",2,6,2.5,4,37,"90",100,"Kenn 4 Slope 2 2018",100,"yes",37,0.245434623813002,0.538589869081224,0.0392284446425933
"330",2018,"11/12/18","Coral Sea","Southern Coral Sea","Mike","Kenn","Kenn 4","","Slope",3,6,2,3,41,"60",100,"Kenn 4 Slope 3 2018",100,"yes",41,0.703152885187388,1.43548937350538,0.131715700000299
"331",2018,"11/12/18","Coral Sea","Southern Coral Sea","Mike","Kenn","Kenn 4","","Crest",1,4,2.5,5,24,"0",100,"Kenn 4 Crest 1 2018",100,"yes",24,0.645833333333333,1.33788216653918,0.155174914160252
"332",2018,"11/12/18","Coral Sea","Southern Coral Sea","Mike","Kenn","Kenn 4","","Crest",2,3,2.5,9,31,"0",100,"Kenn 4 Crest 2 2018",100,"yes",31,0.511966701352758,1.05853456835511,0.131587982881712
"333",2018,"11/12/18","Coral Sea","Southern Coral Sea","Mike","Kenn","Kenn 4","","Crest",3,4,2.5,13,30,"0",100,"Kenn 4 Crest 3 2018",100,"yes",30,0.548888888888889,1.08561451026981,0.137563477173251
"334",2018,"11/12/18","Coral Sea","Southern Coral Sea","Mike","Kenn","Kenn 3","","Slope",1,9.5,4,11,44,"0",100,"Kenn 3 Slope 1 2018",100,"yes",44,0.523760330578512,0.938195276414458,0.064423918120573
"335",2018,"11/12/18","Coral Sea","Southern Coral Sea","Mike","Kenn","Kenn 3","","Slope",2,9.5,4,3,20,"45",100,"Kenn 3 Slope 2 2018",100,"yes",20,0.565,1.03311408751667,0.0574896326624753
"336",2018,"11/12/18","Coral Sea","Southern Coral Sea","Mike","Kenn","Kenn 3","","Slope",3,8,3,7,40,"90",100,"Kenn 3 Slope 3 2018",100,"yes",40,0.61,1.23424487353645,0.0604233580407738
"337",2018,"11/12/18","Coral Sea","Southern Coral Sea","Mike","Kenn","Kenn 3","","Crest",1,2,3,6,31,"90",100,"Kenn 3 Crest 1 2018",100,"yes",31,0.726326742976067,1.56544952378883,0.1466065983985
"338",2018,"11/12/18","Coral Sea","Southern Coral Sea","Mike","Kenn","Kenn 3","","Crest",2,1.5,2,8,37,"90",100,"Kenn 3 Crest 2 2018",100,"yes",37,0.7918188458729,1.69338224525101,0.179337577964659
"339",2018,"11/12/18","Coral Sea","Southern Coral Sea","Mike","Kenn","Kenn 3","","Crest",3,1,3,12,25,"45",100,"Kenn 3 Crest 3 2018",100,"yes",25,0.6016,1.04963482132755,0.143398251128089
"340",2018,"13/12/18","Coral Sea","Central Coral Sea","Mike","Mellish","Mellish 5","","Slope",1,9.5,3,23,37,"45",100,"Mellish 5 Slope 1 2018",100,"yes",37,0.726077428780131,1.47841700484536,0.174763963850335
"341",2018,"13/12/18","Coral Sea","Central Coral Sea","Mike","Mellish","Mellish 5","","Slope",2,10,3,20,50,"45",100,"Mellish 5 Slope 2 2018",100,"yes",50,0.7688,1.68186094075563,0.154524713476938
"342",2018,"13/12/18","Coral Sea","Central Coral Sea","Mike","Mellish","Mellish 5","","Slope",3,9,3,21,43,"45",100,"Mellish 5 Slope 3 2018",100,"yes",43,0.717144402379665,1.49170991305058,0.176226321679166
"343",2018,"13/12/18","Coral Sea","Central Coral Sea","Mike","Mellish","Mellish 5","","Crest",1,3,2,0,57,"10",100,"Mellish 5 Crest 1 2018",100,"yes",57,0.577408433364112,1.02952048112918,0.107338176499491
"344",2018,"13/12/18","Coral Sea","Central Coral Sea","Mike","Mellish","Mellish 5","","Crest",2,4,2,0,42,"10",100,"Mellish 5 Crest 2 2018",100,"yes",42,0.565759637188209,0.946115322179509,0.100221873185857
"345",2018,"13/12/18","Coral Sea","Central Coral Sea","Mike","Mellish","Mellish 5","","Crest",3,4,2,0,52,"0",100,"Mellish 5 Crest 3 2018",100,"yes",52,0.485207100591716,1.00001613766662,0.0998755196412403
"346",2018,"13/12/18","Coral Sea","Central Coral Sea","Mike","Mellish","Mellish 1","","Slope",1,10,2.5,44,3,"90",100,"Mellish 1 Slope 1 2018",100,"yes",3,0.666666666666667,1.09861228866811,0.169900094805789
"347",2018,"13/12/18","Coral Sea","Central Coral Sea","Mike","Mellish","Mellish 1","","Slope",2,10,2.5,48,8,"90",100,"Mellish 1 Slope 2 2018",100,"yes",8,0.21875,0.376770161256437,0.0462471229557072
"348",2018,"13/12/18","Coral Sea","Central Coral Sea","Mike","Mellish","Mellish 1","","Slope",3,10,2,44,4,"110",100,"Mellish 1 Slope 3 2018",100,"yes",4,0.375,0.562335144618808,0.21327669750391
"349",2018,"13/12/18","Coral Sea","Central Coral Sea","Mike","Mellish","Mellish 1","","Crest",1,1,2.5,7,19,"45",100,"Mellish 1 Crest 1 2018",100,"yes",19,0.703601108033241,1.46587122323248,0.17185296665727
"350",2018,"13/12/18","Coral Sea","Central Coral Sea","Mike","Mellish","Mellish 1","","Crest",2,1,3,7,23,"45",100,"Mellish 1 Crest 2 2018",100,"yes",23,0.782608695652174,1.70069038713226,0.175409468298697
"351",2018,"13/12/18","Coral Sea","Central Coral Sea","Mike","Mellish","Mellish 1","","Crest",3,1,2,12,27,"90",100,"Mellish 1 Crest 3 2018",100,"yes",27,0.765432098765432,1.59021827860133,0.183793827369427
"352",2018,"13/12/18","Coral Sea","Central Coral Sea","Mike","Mellish","Mellish 6","","Slope",1,8,3,6,10,"90",100,"Mellish 6 Slope 1 2018",100,"yes",10,0.46,0.801818552543337,0.0671501501826118
"353",2018,"13/12/18","Coral Sea","Central Coral Sea","Mike","Mellish","Mellish 6","","Slope",2,9,3,15,14,"45",100,"Mellish 6 Slope 2 2018",100,"yes",14,0.357142857142857,0.655975732336547,0.114352889168243
"354",2018,"13/12/18","Coral Sea","Central Coral Sea","Mike","Mellish","Mellish 6","","Slope",3,9,3.5,23,19,"90",100,"Mellish 6 Slope 3 2018",100,"yes",19,0.520775623268698,0.878525099127156,0.112695515565105
"355",2018,"13/12/18","Coral Sea","Central Coral Sea","Mike","Mellish","Mellish 6","","Crest",1,1,3,9,22,"0",100,"Mellish 6 Crest 1 2018",100,"yes",22,0.611570247933884,1.29955303357449,0.189286029097518
"356",2018,"13/12/18","Coral Sea","Central Coral Sea","Mike","Mellish","Mellish 6","","Crest",2,2,3,10,19,"0",100,"Mellish 6 Crest 2 2018",100,"yes",19,0.365650969529086,0.806504609875222,0.100392310451825
"357",2018,"13/12/18","Coral Sea","Central Coral Sea","Mike","Mellish","Mellish 6","","Crest",3,1.5,3.5,8,24,"45",100,"Mellish 6 Crest 3 2018",100,"yes",24,0.604166666666667,1.08382259883163,0.14493094468355
"358",2018,"14/12/18","Coral Sea","Central Coral Sea","Mike","Mellish","Mellish 2","","Slope",1,9,2,21,33,"90",100,"Mellish 2 Slope 1 2018",100,"yes",33,0.677685950413223,1.38928722406316,0.119214446897976
"359",2018,"14/12/18","Coral Sea","Central Coral Sea","Mike","Mellish","Mellish 2","","Slope",2,9,3,3,42,"30",100,"Mellish 2 Slope 2 2018",100,"yes",42,0.489795918367347,1.02229964601588,0.0752802053770494
"360",2018,"14/12/18","Coral Sea","Central Coral Sea","Mike","Mellish","Mellish 2","","Slope",3,9,3.5,36,22,"100",100,"Mellish 2 Slope 3 2018",100,"yes",22,0.706611570247934,1.28693393971667,0.112276554649742
"361",2018,"14/12/18","Coral Sea","Central Coral Sea","Mike","Mellish","Mellish 2","","Crest",1,1,2,14,33,"0",100,"Mellish 2 Crest 1 2018",100,"yes",33,0.306703397612488,0.556059532851711,0.0493865827680838
"362",2018,"14/12/18","Coral Sea","Central Coral Sea","Mike","Mellish","Mellish 2","","Crest",2,1,3,5,43,"90",100,"Mellish 2 Crest 2 2018",100,"yes",43,0.392644672796106,0.826211096791141,0.0801336638147126
"363",2018,"14/12/18","Coral Sea","Central Coral Sea","Mike","Mellish","Mellish 2","","Crest",3,1,2.5,5,38,"90",100,"Mellish 2 Crest 3 2018",100,"yes",38,0.506925207756233,1.11651076821276,0.133068501201063
"364",2018,"14/12/18","Coral Sea","Central Coral Sea","Mike","Mellish","Mellish 7","","Slope",1,9.5,3.5,21,17,"0",100,"Mellish 7 Slope 1 2018",100,"yes",17,0.740484429065744,1.45204407319368,0.173999805955122
"365",2018,"14/12/18","Coral Sea","Central Coral Sea","Mike","Mellish","Mellish 7","","Slope",2,9,3.5,19,31,"90",100,"Mellish 7 Slope 2 2018",100,"yes",31,0.684703433922997,1.35915201667753,0.132219717841998
"366",2018,"14/12/18","Coral Sea","Central Coral Sea","Mike","Mellish","Mellish 7","","Slope",3,9,3.5,16,38,"0",100,"Mellish 7 Slope 3 2018",100,"yes",38,0.674515235457064,1.47235444080081,0.150351767611591
"367",2018,"14/12/18","Coral Sea","Central Coral Sea","Mike","Mellish","Mellish 7","","Crest",1,2,3,8,24,"0",100,"Mellish 7 Crest 1 2018",100,"yes",24,0.670138888888889,1.19019662928338,0.170324171884633
"368",2018,"14/12/18","Coral Sea","Central Coral Sea","Mike","Mellish","Mellish 7","","Crest",2,2,1,23,10,"0",100,"Mellish 7 Crest 2 2018",100,"yes",10,0.7,1.497866136777,0.161090586570534
"369",2018,"14/12/18","Coral Sea","Central Coral Sea","Mike","Mellish","Mellish 7","","Crest",3,1,1,27,21,"0",100,"Mellish 7 Crest 3 2018",100,"yes",21,0.707482993197279,1.4859552254482,0.154880320584157
"370",2018,"15/12/18","Coral Sea","Central Coral Sea","Mike","Mellish","Mellish 8","","Slope",1,9,2,13,43,"30",100,"Mellish 8 Slope 1 2018",100,"yes",43,0.564629529475392,1.16934009857756,0.141252076451193
"371",2018,"15/12/18","Coral Sea","Central Coral Sea","Mike","Mellish","Mellish 8","","Slope",2,9,1.5,21,51,"45",100,"Mellish 8 Slope 2 2018",100,"yes",51,0.503652441368704,0.91775021107477,0.156938610558483
"372",2018,"15/12/18","Coral Sea","Central Coral Sea","Mike","Mellish","Mellish 8","","Slope",3,9,1.5,19,38,"30",100,"Mellish 8 Slope 3 2018",100,"yes",38,0.470914127423823,1.00395588943491,0.112361472786766
"373",2018,"15/12/18","Coral Sea","Central Coral Sea","Mike","Mellish","Mellish 8","","Crest",1,4.5,1.5,5,51,"0",100,"Mellish 8 Crest 1 2018",100,"yes",51,0.582083813917724,1.06616907662657,0.106665501763536
"374",2018,"15/12/18","Coral Sea","Central Coral Sea","Mike","Mellish","Mellish 8","","Crest",2,4,1,20,33,"10",100,"Mellish 8 Crest 2 2018",100,"yes",33,0.602387511478421,1.13817024951766,0.113586843754263
"375",2018,"15/12/18","Coral Sea","Central Coral Sea","Mike","Mellish","Mellish 8","","Crest",3,4,1.5,3,40,"10",100,"Mellish 8 Crest 3 2018",100,"yes",40,0.55375,1.03312650807443,0.128628751032693
"376",2018,"15/12/18","Coral Sea","Central Coral Sea","Mike","Mellish","Mellish 9","","Slope",1,9,3,23,47,"45",100,"Mellish 9 Slope 1 2018",100,"yes",47,0.583974649162517,1.2433869413826,0.117791839404735
"377",2018,"15/12/18","Coral Sea","Central Coral Sea","Mike","Mellish","Mellish 9","","Slope",2,9,3,51,26,"90",100,"Mellish 9 Slope 2 2018",100,"yes",26,0.71301775147929,1.36983241545727,0.102306712948831
"378",2018,"15/12/18","Coral Sea","Central Coral Sea","Mike","Mellish","Mellish 9","","Slope",3,9,3,30,45,"45",100,"Mellish 9 Slope 3 2018",100,"yes",45,0.748641975308642,1.53994004284834,0.166364234085876
"379",2018,"15/12/18","Coral Sea","Central Coral Sea","Mike","Mellish","Mellish 9","","Crest",1,3,3.5,12,63,"45",100,"Mellish 9 Crest 1 2018",100,"yes",63,0.761400856638952,1.67612194248108,0.138517772530266
"380",2018,"15/12/18","Coral Sea","Central Coral Sea","Mike","Mellish","Mellish 9","","Crest",2,3,3.5,4,62,"45",100,"Mellish 9 Crest 2 2018",100,"yes",62,0.747138397502601,1.59823527437464,0.15165220081762
"381",2018,"15/12/18","Coral Sea","Central Coral Sea","Mike","Mellish","Mellish 9","","Crest",3,3,3,7,74,"60",100,"Mellish 9 Crest 3 2018",100,"yes",74,0.764426588750913,1.51821696214878,0.15833934288341
"382",2018,"17/12/18","Coral Sea","Central Coral Sea","Mike","Marion","Marion 5","","Slope",1,5,2,48,9,"90",100,"Marion 5 Slope 1 2018",100,"yes",9,0.666666666666667,1.21488965394912,0.14936555159369
"383",2018,"17/12/18","Coral Sea","Central Coral Sea","Mike","Marion","Marion 5","","Slope",2,5,2.5,11,8,"45",100,"Marion 5 Slope 2 2018",100,"yes",8,0.40625,0.735621939758795,0.0903057368482161
"384",2018,"17/12/18","Coral Sea","Central Coral Sea","Mike","Marion","Marion 5","","Slope",3,6,2.5,20,10,"90",100,"Marion 5 Slope 3 2018",100,"yes",10,0.76,1.6094379124341,0.121879380525492
"385",2018,"17/12/18","Coral Sea","Central Coral Sea","Mike","Marion","Marion 5","","Crest",1,3,2,19,13,"0",100,"Marion 5 Crest 1 2018",100,"yes",13,0.698224852071006,1.37781950803903,0.137754672902651
"386",2018,"17/12/18","Coral Sea","Central Coral Sea","Mike","Marion","Marion 5","","Crest",2,3,2,35,5,"0",100,"Marion 5 Crest 2 2018",100,"yes",5,0.8,1.6094379124341,0.147806340549204
"387",2018,"17/12/18","Coral Sea","Central Coral Sea","Mike","Marion","Marion 5","","Crest",3,3,2,30,7,"45",100,"Marion 5 Crest 3 2018",100,"yes",7,0.653061224489796,1.07899220787758,0.140579282304822
"388",2018,"17/12/18","Coral Sea","Central Coral Sea","Mike","Marion","Marion 6","","Slope",1,9,2,5,7,"45",100,"Marion 6 Slope 1 2018",100,"yes",7,0.73469387755102,1.35178399428965,0.18356180284984
"389",2018,"17/12/18","Coral Sea","Central Coral Sea","Mike","Marion","Marion 6","","Slope",2,9,2.5,11,9,"45",100,"Marion 6 Slope 2 2018",100,"yes",9,0.666666666666667,1.21488965394912,0.118945102487499
"390",2018,"17/12/18","Coral Sea","Central Coral Sea","Mike","Marion","Marion 6","","Slope",3,9,2,19,8,"0",100,"Marion 6 Slope 3 2018",100,"yes",8,0.78125,1.55958115625988,0.146713070104572
"391",2018,"17/12/18","Coral Sea","Central Coral Sea","Mike","Marion","Marion 6","","Crest",1,4,1.5,3,22,"0",100,"Marion 6 Crest 1 2018",100,"yes",22,0.735537190082645,1.51132960954941,0.108961244281001
"392",2018,"17/12/18","Coral Sea","Central Coral Sea","Mike","Marion","Marion 6","","Crest",2,3,2,4,18,"0",100,"Marion 6 Crest 2 2018",100,"yes",18,0.635802469135802,1.27402306244147,0.112073978515042
"393",2018,"17/12/18","Coral Sea","Central Coral Sea","Mike","Marion","Marion 6","","Crest",3,3,2,4,22,"0",100,"Marion 6 Crest 3 2018",100,"yes",22,0.681818181818182,1.3036976720043,0.116272969151234
"394",2019,"15/02/19","GBR","Southern Great Barrier Reef","Cassy","Conspicuous","Conspicuous 1","","Slope",1,6,2,24,0,"5",100,"Conspicuous 1 Slope 1 2019",100,"yes",0,0,0,NA
"395",2019,"15/02/19","GBR","Southern Great Barrier Reef","Cassy","Conspicuous","Conspicuous 1","","Slope",2,6,2.5,20,1,"5",100,"Conspicuous 1 Slope 2 2019",100,"yes",1,0,0,0
"396",2019,"15/02/19","GBR","Southern Great Barrier Reef","Cassy","Conspicuous","Conspicuous 1","","Slope",3,5.5,2,14,1,"0",100,"Conspicuous 1 Slope 3 2019",100,"yes",1,0,0,0
"397",2019,"15/02/19","GBR","Southern Great Barrier Reef","Cassy","Conspicuous","Conspicuous 1","","Crest",1,1,1.5,14,10,"0",100,"Conspicuous 1 Crest 1 2019",100,"yes",10,0.6,1.22752941145721,0.108064148279801
"398",2019,"15/02/19","GBR","Southern Great Barrier Reef","Cassy","Conspicuous","Conspicuous 1","","Crest",2,1,1.5,35,3,"10",100,"Conspicuous 1 Crest 2 2019",100,"yes",3,0.444444444444444,0.636514168294813,0.169236052212788
"399",2019,"15/02/19","GBR","Southern Great Barrier Reef","Cassy","Conspicuous","Conspicuous 1","","Crest",3,1,1.5,16,6,"90",100,"Conspicuous 1 Crest 3 2019",100,"yes",6,0,0,0.0192054060590345
"400",2019,"15/02/19","GBR","Southern Great Barrier Reef","Cassy","Conspicuous","Conspicuous 2","","Slope",1,9,2,0,3,"10",100,"Conspicuous 2 Slope 1 2019",100,"yes",3,0.666666666666667,1.09861228866811,0.082344315520165
"401",2019,"15/02/19","GBR","Southern Great Barrier Reef","Cassy","Conspicuous","Conspicuous 2","","Slope",2,9,2,0,2,"0",100,"Conspicuous 2 Slope 2 2019",100,"yes",2,0.5,0.693147180559945,0.108378121557163
"402",2019,"15/02/19","GBR","Southern Great Barrier Reef","Cassy","Conspicuous","Conspicuous 2","","Slope",3,9,2,0,3,"20",100,"Conspicuous 2 Slope 3 2019",100,"yes",3,0.444444444444444,0.636514168294813,0.0583219220085255
"403",2019,"15/02/19","GBR","Southern Great Barrier Reef","Cassy","Conspicuous","Conspicuous 2","","Crest",1,1,2.5,1,0,"45",100,"Conspicuous 2 Crest 1 2019",100,"yes",0,0,0,NA
"404",2019,"15/02/19","GBR","Southern Great Barrier Reef","Cassy","Conspicuous","Conspicuous 2","","Crest",2,2,3,2,2,"45",100,"Conspicuous 2 Crest 2 2019",100,"yes",2,0.5,0.693147180559945,0.0945863063164566
"405",2019,"15/02/19","GBR","Southern Great Barrier Reef","Cassy","Conspicuous","Conspicuous 2","","Crest",3,2,2.5,1,5,"45",100,"Conspicuous 2 Crest 3 2019",100,"yes",5,0.48,0.673011667009257,0.0656121622595912
"406",2019,"16/02/19","GBR","Southern Great Barrier Reef","Cassy","Sandshoe","Sandshoe 1","","Slope",1,7,1.5,10,0,"0",100,"Sandshoe 1 Slope 1 2019",100,"yes",0,0,0,NA
"407",2019,"16/02/19","GBR","Southern Great Barrier Reef","Cassy","Sandshoe","Sandshoe 1","","Slope",2,8.5,1,11,1,"0",100,"Sandshoe 1 Slope 2 2019",100,"yes",1,0,0,0
"408",2019,"16/02/19","GBR","Southern Great Barrier Reef","Cassy","Sandshoe","Sandshoe 1","","Slope",3,8.5,0.5,14,0,"0",100,"Sandshoe 1 Slope 3 2019",100,"yes",0,0,0,NA
"409",2019,"16/02/19","GBR","Southern Great Barrier Reef","Cassy","Sandshoe","Sandshoe 1","","Crest",1,3,2,27,3,"0",100,"Sandshoe 1 Crest 1 2019",100,"yes",3,0.666666666666667,1.09861228866811,0.108300579842757
"410",2019,"16/02/19","GBR","Southern Great Barrier Reef","Cassy","Sandshoe","Sandshoe 1","","Crest",2,3,3,23,6,"30",100,"Sandshoe 1 Crest 2 2019",100,"yes",6,0,0,0.0142472001786574
"411",2019,"16/02/19","GBR","Southern Great Barrier Reef","Cassy","Sandshoe","Sandshoe 1","","Crest",3,3,2.5,30,7,"45",100,"Sandshoe 1 Crest 3 2019",100,"yes",7,0.448979591836735,0.796311640173813,0.0880904561174451
"412",2019,"16/02/19","GBR","Southern Great Barrier Reef","Cassy","Sandshoe","Sandshoe 2","","Slope",1,8,2,1,6,"30",100,"Sandshoe 2 Slope 1 2019",100,"yes",6,0.611111111111111,1.01140426470735,0.114837087016572
"413",2019,"16/02/19","GBR","Southern Great Barrier Reef","Cassy","Sandshoe","Sandshoe 2","","Slope",2,8,2,1,11,"45",100,"Sandshoe 2 Slope 2 2019",100,"yes",11,0.710743801652893,1.41427906512471,0.131854619622402
"414",2019,"16/02/19","GBR","Southern Great Barrier Reef","Cassy","Sandshoe","Sandshoe 2","","Slope",3,8,1.5,0,3,"45",100,"Sandshoe 2 Slope 3 2019",100,"yes",3,0.444444444444444,0.636514168294813,0.10984267790038
"415",2019,"16/02/19","GBR","Southern Great Barrier Reef","Cassy","Sandshoe","Sandshoe 2","","Crest",1,1,1,3,5,"45",100,"Sandshoe 2 Crest 1 2019",100,"yes",5,0.72,1.33217904021012,0.0853340918744655
"416",2019,"16/02/19","GBR","Southern Great Barrier Reef","Cassy","Sandshoe","Sandshoe 2","","Crest",2,2,2,10,8,"0",100,"Sandshoe 2 Crest 2 2019",100,"yes",8,0.53125,0.900256051268537,0.111806365452031
"417",2019,"16/02/19","GBR","Southern Great Barrier Reef","Cassy","Sandshoe","Sandshoe 2","","Crest",3,1,1,10,7,"45",100,"Sandshoe 2 Crest 3 2019",100,"yes",7,0.612244897959184,1.15374194270109,0.11817863798024
"418",2019,"16/02/19","GBR","Southern Great Barrier Reef","Cassy","Sandshoe","Sandshoe 3","","Slope",1,9,3,0,6,"45",100,"Sandshoe 3 Slope 1 2019",100,"yes",6,0.722222222222222,1.32966134885476,0.110213543878686
"419",2019,"16/02/19","GBR","Southern Great Barrier Reef","Cassy","Sandshoe","Sandshoe 3","","Slope",2,8,2,2,7,"0",100,"Sandshoe 3 Slope 2 2019",100,"yes",7,0.73469387755102,1.35178399428965,0.155526248991607
"420",2019,"16/02/19","GBR","Southern Great Barrier Reef","Cassy","Sandshoe","Sandshoe 3","","Slope",3,8.5,2.5,1,4,"45",100,"Sandshoe 3 Slope 3 2019",100,"yes",4,0,0,0.0227955202858518
"421",2019,"16/02/19","GBR","Southern Great Barrier Reef","Cassy","Sandshoe","Sandshoe 3","","Crest",1,3,3,10,6,"90",100,"Sandshoe 3 Crest 1 2019",100,"yes",6,0.722222222222222,1.32966134885476,0.151343265501155
"422",2019,"16/02/19","GBR","Southern Great Barrier Reef","Cassy","Sandshoe","Sandshoe 3","","Crest",2,3,3,5,3,"45",100,"Sandshoe 3 Crest 2 2019",100,"yes",3,0.666666666666667,1.09861228866811,0.119384927278422
"423",2019,"16/02/19","GBR","Southern Great Barrier Reef","Cassy","Sandshoe","Sandshoe 3","","Crest",3,3,3,4,7,"45",100,"Sandshoe 3 Crest 3 2019",100,"yes",7,0.693877551020408,1.27703425946614,0.157497100666096
"424",2019,"17/02/19","Coral Sea","Southern Coral Sea","Cassy","Saumarez","Saumarez 3","","Slope",1,7,3.5,31,19,"90",100,"Saumarez 3 Slope 1 2019",100,"yes",19,0.792243767313019,1.65958922700537,0.157131312454537
"425",2019,"17/02/19","Coral Sea","Southern Coral Sea","Cassy","Saumarez","Saumarez 3","","Slope",2,8,3.5,24,12,"110",100,"Saumarez 3 Slope 2 2019",100,"yes",12,0.75,1.58325845942048,0.131811116176988
"426",2019,"17/02/19","Coral Sea","Southern Coral Sea","Cassy","Saumarez","Saumarez 3","","Slope",3,7,4,6,31,"60",100,"Saumarez 3 Slope 3 2019",100,"yes",31,0.815816857440167,1.79819305125763,0.154183126045848
"427",2019,"17/02/19","Coral Sea","Southern Coral Sea","Cassy","Saumarez","Saumarez 3","","Crest",1,5,3,1,38,"90",100,"Saumarez 3 Crest 1 2019",100,"yes",38,0.792243767313019,1.79204035059176,0.117356872558899
"428",2019,"17/02/19","Coral Sea","Southern Coral Sea","Cassy","Saumarez","Saumarez 3","","Crest",2,2.5,2.5,8,32,"60",100,"Saumarez 3 Crest 2 2019",100,"yes",32,0.68359375,1.44869026859675,0.103161749670348
"429",2019,"17/02/19","Coral Sea","Southern Coral Sea","Cassy","Saumarez","Saumarez 3","","Crest",3,2,2,2,41,"45",100,"Saumarez 3 Crest 3 2019",100,"yes",41,0.823319452706722,1.8451261177284,0.151860177608538
"430",2019,"17/02/19","Coral Sea","Southern Coral Sea","Cassy","Saumarez","Saumarez 4","","Slope",1,9,3.5,75,10,"90",100,"Saumarez 4 Slope 1 2019",100,"yes",10,0.64,1.16828245017656,0.111503573781654
"431",2019,"17/02/19","Coral Sea","Southern Coral Sea","Cassy","Saumarez","Saumarez 4","","Slope",2,8,3.5,69,6,"90",100,"Saumarez 4 Slope 2 2019",100,"yes",6,0.5,0.867563228481461,0.0973736392863148
"432",2019,"17/02/19","Coral Sea","Southern Coral Sea","Cassy","Saumarez","Saumarez 4","","Slope",3,8,3,46,9,"90",100,"Saumarez 4 Slope 3 2019",100,"yes",9,0.71604938271605,1.42706104338072,0.134161797068187
"433",2019,"17/02/19","Coral Sea","Southern Coral Sea","Cassy","Saumarez","Saumarez 4","","Crest",1,3,3.5,27,22,"90",100,"Saumarez 4 Crest 1 2019",100,"yes",22,0.673553719008264,1.22319314624064,0.150093345490401
"434",2019,"17/02/19","Coral Sea","Southern Coral Sea","Cassy","Saumarez","Saumarez 4","","Crest",2,3,3,34,18,"90",100,"Saumarez 4 Crest 2 2019",100,"yes",18,0.734567901234568,1.44048174159249,0.0956459536271508
"435",2019,"17/02/19","Coral Sea","Southern Coral Sea","Cassy","Saumarez","Saumarez 4","","Crest",3,3,3.5,21,29,"90",100,"Saumarez 4 Crest 3 2019",100,"yes",29,0.775267538644471,1.62556598224418,0.145648244405328
"436",2019,"18/02/19","Coral Sea","Southern Coral Sea","Cassy","Saumarez","Saumarez 5","","Slope",1,8,2.5,39,7,"110",100,"Saumarez 5 Slope 1 2019",100,"yes",7,0.571428571428571,0.955699891112534,0.0857068051742624
"437",2019,"18/02/19","Coral Sea","Southern Coral Sea","Cassy","Saumarez","Saumarez 5","","Slope",2,9,4,12,12,"90",100,"Saumarez 5 Slope 2 2019",100,"yes",12,0.791666666666667,1.66094743328692,0.154977154357577
"438",2019,"18/02/19","Coral Sea","Southern Coral Sea","Cassy","Saumarez","Saumarez 5","","Slope",3,9,3,16,10,"110",100,"Saumarez 5 Slope 3 2019",100,"yes",10,0.86,2.02532622077007,0.179568923584179
"439",2019,"18/02/19","Coral Sea","Southern Coral Sea","Cassy","Saumarez","Saumarez 5","","Crest",1,3,3,5,30,"90",100,"Saumarez 5 Crest 1 2019",100,"yes",30,0.782222222222222,1.61518294905976,0.132443284856565
"440",2019,"18/02/19","Coral Sea","Southern Coral Sea","Cassy","Saumarez","Saumarez 5","","Crest",2,2,2,9,22,"45",100,"Saumarez 5 Crest 2 2019",100,"yes",22,0.743801652892562,1.45087170802839,0.141844671490046
"441",2019,"18/02/19","Coral Sea","Southern Coral Sea","Cassy","Saumarez","Saumarez 5","","Crest",3,3,3,1,41,"60",100,"Saumarez 5 Crest 3 2019",100,"yes",41,0.778108268887567,1.69334876110204,0.123738302072674
"442",2019,"18/02/19","Coral Sea","Southern Coral Sea","Cassy","Saumarez","Saumarez 6","","Slope",1,8,4,12,6,"90",100,"Saumarez 6 Slope 1 2019",100,"yes",6,0.277777777777778,0.450561208866305,0.0747863670901125
"443",2019,"18/02/19","Coral Sea","Southern Coral Sea","Cassy","Saumarez","Saumarez 6","","Slope",2,7.5,4,23,2,"90",100,"Saumarez 6 Slope 2 2019",100,"yes",2,0.5,0.693147180559945,0.149911920696814
"444",2019,"18/02/19","Coral Sea","Southern Coral Sea","Cassy","Saumarez","Saumarez 6","","Slope",3,8,3,47,7,"45",100,"Saumarez 6 Slope 3 2019",100,"yes",7,0.775510204081633,1.5498260458782,0.10015310213788
"445",2019,"18/02/19","Coral Sea","Southern Coral Sea","Cassy","Saumarez","Saumarez 6","","Crest",1,2,3,19,8,"90",100,"Saumarez 6 Crest 1 2019",100,"yes",8,0.65625,1.2130075659799,0.139884055768756
"446",2019,"18/02/19","Coral Sea","Southern Coral Sea","Cassy","Saumarez","Saumarez 6","","Crest",2,2,2,20,9,"90",100,"Saumarez 6 Crest 2 2019",100,"yes",9,0.71604938271605,1.42706104338072,0.168472283200535
"447",2019,"18/02/19","Coral Sea","Southern Coral Sea","Cassy","Saumarez","Saumarez 6","","Crest",3,2,2,2,11,"90",100,"Saumarez 6 Crest 3 2019",100,"yes",11,0.677685950413223,1.2406842919534,0.122885678344324
"448",2019,"19/02/19","Coral Sea","Southern Coral Sea","Cassy","Frederick","Frederick 2","","Slope",1,8.5,4,5,24,"0",100,"Frederick 2 Slope 1 2019",100,"yes",24,0.708333333333333,1.45490760665828,0.149144082288317
"449",2019,"19/02/19","Coral Sea","Southern Coral Sea","Cassy","Frederick","Frederick 2","","Slope",2,8,4,4,29,"0",100,"Frederick 2 Slope 2 2019",100,"yes",29,0.815695600475624,1.77374963815603,0.135212545600283
"450",2019,"19/02/19","Coral Sea","Southern Coral Sea","Cassy","Frederick","Frederick 2","","Slope",3,9,3.5,0,23,"90",100,"Frederick 2 Slope 3 2019",100,"yes",23,0.843100189035917,1.94178505863137,0.153412275058854
"451",2019,"19/02/19","Coral Sea","Southern Coral Sea","Cassy","Frederick","Frederick 2","","Crest",1,3,3,4,37,"45",100,"Frederick 2 Crest 1 2019",100,"yes",37,0.737764791818846,1.47800433169271,0.134332044185118
"452",2019,"19/02/19","Coral Sea","Southern Coral Sea","Cassy","Frederick","Frederick 2","","Crest",2,3,3,3,38,"45",100,"Frederick 2 Crest 2 2019",100,"yes",38,0.587257617728532,1.20862806222562,0.0981954011715546
"453",2019,"19/02/19","Coral Sea","Southern Coral Sea","Cassy","Frederick","Frederick 2","","Crest",3,3,3.5,0,38,"45",100,"Frederick 2 Crest 3 2019",100,"yes",38,0.67590027700831,1.47053282319444,0.0873422284169177
"454",2019,"19/02/19","Coral Sea","Southern Coral Sea","Cassy","Frederick","Frederick 1","","Crest",1,2.5,3,5,9,"45",100,"Frederick 1 Crest 1 2019",100,"yes",9,0.37037037037037,0.683738905848754,0.115842068366376
"455",2019,"19/02/19","Coral Sea","Southern Coral Sea","Cassy","Frederick","Frederick 1","","Crest",2,2,3.5,5,14,"90",100,"Frederick 1 Crest 2 2019",100,"yes",14,0.530612244897959,0.991138896613094,0.113916172629771
"456",2019,"19/02/19","Coral Sea","Southern Coral Sea","Cassy","Frederick","Frederick 1","","Crest",3,3,3,2,18,"60",100,"Frederick 1 Crest 3 2019",100,"yes",18,0.691358024691358,1.4546247143256,0.131895802740418
"457",2019,"19/02/19","Coral Sea","Southern Coral Sea","Cassy","Frederick","Frederick 3","","Slope",1,8,4,12,23,"90",100,"Frederick 3 Slope 1 2019",100,"yes",23,0.733459357277883,1.58092153248414,0.135745686516369
"458",2019,"19/02/19","Coral Sea","Southern Coral Sea","Cassy","Frederick","Frederick 3","","Slope",2,7,4.5,4,25,"90",100,"Frederick 3 Slope 2 2019",100,"yes",25,0.72,1.43282197548595,0.131057801083503
"459",2019,"19/02/19","Coral Sea","Southern Coral Sea","Cassy","Frederick","Frederick 3","","Slope",3,7.5,3.5,1,22,"45",100,"Frederick 3 Slope 3 2019",100,"yes",22,0.760330578512397,1.48827301643978,0.148910225106231
"460",2019,"19/02/19","Coral Sea","Southern Coral Sea","Cassy","Frederick","Frederick 3","","Crest",1,2,3,1,46,"45",100,"Frederick 3 Crest 1 2019",100,"yes",46,0.614366729678639,1.20369119922161,0.111141413952318
"461",2019,"19/02/19","Coral Sea","Southern Coral Sea","Cassy","Frederick","Frederick 3","","Crest",2,3,2,4,20,"90",100,"Frederick 3 Crest 2 2019",100,"yes",20,0.79,1.68165875537199,0.133970230217943
"462",2019,"19/02/19","Coral Sea","Southern Coral Sea","Cassy","Frederick","Frederick 3","","Crest",3,2.5,2.5,2,46,"0",100,"Frederick 3 Crest 3 2019",100,"yes",46,0.726843100189036,1.55697247830226,0.106788614345549
"463",2019,"20/02/19","Coral Sea","Southern Coral Sea","Cassy","Frederick","Frederick 4","","Slope",1,8,3,2,28,"90",100,"Frederick 4 Slope 1 2019",100,"yes",28,0.719387755102041,1.46501646905638,0.0999344886853202
"464",2019,"20/02/19","Coral Sea","Southern Coral Sea","Cassy","Frederick","Frederick 4","","Slope",2,9,2.5,8,21,"45",100,"Frederick 4 Slope 2 2019",100,"yes",21,0.507936507936508,0.955080798665658,0.0490455111451726
"465",2019,"20/02/19","Coral Sea","Southern Coral Sea","Cassy","Frederick","Frederick 4","","Slope",3,9,3,6,19,"45",100,"Frederick 4 Slope 3 2019",100,"yes",19,0.709141274238227,1.48375533236883,0.0969026681072512
"466",2019,"20/02/19","Coral Sea","Southern Coral Sea","Cassy","Frederick","Frederick 4","","Crest",1,3,2.5,4,15,"60",100,"Frederick 4 Crest 1 2019",100,"yes",15,0.702222222222222,1.39539709232679,0.125358213719333
"467",2019,"20/02/19","Coral Sea","Southern Coral Sea","Cassy","Frederick","Frederick 4","","Crest",2,3,2,8,14,"0",100,"Frederick 4 Crest 2 2019",100,"yes",14,0.795918367346939,1.67311836264325,0.127618755715332
"468",2019,"20/02/19","Coral Sea","Southern Coral Sea","Cassy","Frederick","Frederick 4","","Crest",3,3,3,7,20,"45",100,"Frederick 4 Crest 3 2019",100,"yes",20,0.53,1.05125631898001,0.0609088818393203
"469",2019,"21/02/19","Coral Sea","Central Coral Sea","Cassy","Marion","Marion 7","","Slope",1,9,2,2,28,"0",100,"Marion 7 Slope 1 2019",100,"yes",28,0.599489795918367,1.0761915482181,0.106796365625334
"470",2019,"21/02/19","Coral Sea","Central Coral Sea","Cassy","Marion","Marion 7","","Slope",2,9,1.5,0,13,"45",100,"Marion 7 Slope 2 2019",100,"yes",13,0.686390532544379,1.32692019405069,0.142719464834796
"471",2019,"21/02/19","Coral Sea","Central Coral Sea","Cassy","Marion","Marion 7","","Slope",3,9,1.5,3,13,"0",100,"Marion 7 Slope 3 2019",100,"yes",13,0.804733727810651,1.77823330579971,0.153185104444583
"472",2019,"21/02/19","Coral Sea","Central Coral Sea","Cassy","Marion","Marion 7","","Crest",1,3,2,1,16,"90",100,"Marion 7 Crest 1 2019",100,"yes",16,0.8125,1.721402322014,0.142420033737008
"473",2019,"21/02/19","Coral Sea","Central Coral Sea","Cassy","Marion","Marion 7","","Crest",2,3,1,2,15,"45",100,"Marion 7 Crest 2 2019",100,"yes",15,0.764444444444444,1.52463352843489,0.13380474540726
"474",2019,"21/02/19","Coral Sea","Central Coral Sea","Cassy","Marion","Marion 7","","Crest",3,3,2,2,11,"90",100,"Marion 7 Crest 3 2019",100,"yes",11,0.793388429752066,1.67262544615032,0.159955428210527
"475",2019,"21/02/19","Coral Sea","Central Coral Sea","Cassy","Marion","Marion 8","","Slope",1,8,3,4,36,"60",100,"Marion 8 Slope 1 2019",100,"yes",36,0.70679012345679,1.47514079837951,0.13425115478493
"476",2019,"21/02/19","Coral Sea","Central Coral Sea","Cassy","Marion","Marion 8","","Slope",2,9,3,6,48,"90",100,"Marion 8 Slope 2 2019",100,"yes",48,0.530381944444444,1.15111056331444,0.110879761704406
"477",2019,"21/02/19","Coral Sea","Central Coral Sea","Cassy","Marion","Marion 8","","Slope",3,9,3,2,46,"45",100,"Marion 8 Slope 3 2019",100,"yes",46,0.520793950850662,1.12454784215816,0.119708053500081
"478",2019,"21/02/19","Coral Sea","Central Coral Sea","Cassy","Marion","Marion 8","","Crest",1,2.5,3,3,18,"90",100,"Marion 8 Crest 1 2019",100,"yes",18,0.746913580246914,1.46097074772182,0.144337748126083
"479",2019,"21/02/19","Coral Sea","Central Coral Sea","Cassy","Marion","Marion 8","","Crest",2,3,2.5,4,20,"45",100,"Marion 8 Crest 2 2019",100,"yes",20,0.75,1.54302931926,0.143218142693549
"480",2019,"21/02/19","Coral Sea","Central Coral Sea","Cassy","Marion","Marion 8","","Crest",3,3,2,2,18,"45",100,"Marion 8 Crest 3 2019",100,"yes",18,0.78395061728395,1.56705644243762,0.136701798222517
"481",2019,"21/02/19","Coral Sea","Central Coral Sea","Cassy","Marion","Marion 9","","Slope",1,9.5,4,0,55,"90",100,"Marion 9 Slope 1 2019",100,"yes",55,0.779504132231405,1.73786597369968,0.162249214210007
"482",2019,"21/02/19","Coral Sea","Central Coral Sea","Cassy","Marion","Marion 9","","Slope",2,9.5,3.5,1,36,"45",100,"Marion 9 Slope 2 2019",100,"yes",36,0.625,1.37886173749265,0.164368310493884
"483",2019,"21/02/19","Coral Sea","Central Coral Sea","Cassy","Marion","Marion 9","","Slope",3,9,3,2,39,"60",100,"Marion 9 Slope 3 2019",100,"yes",39,0.763971071663379,1.64650700623245,0.142595062276958
"484",2019,"21/02/19","Coral Sea","Central Coral Sea","Cassy","Marion","Marion 9","","Crest",1,3,3,7,37,"45",100,"Marion 9 Crest 1 2019",100,"yes",37,0.715850986121256,1.59117062713574,0.14706952793047
"485",2019,"21/02/19","Coral Sea","Central Coral Sea","Cassy","Marion","Marion 9","","Crest",2,2,2.5,5,26,"45",100,"Marion 9 Crest 2 2019",100,"yes",26,0.56508875739645,1.06229883243951,0.11052866469557
"486",2019,"21/02/19","Coral Sea","Central Coral Sea","Cassy","Marion","Marion 9","","Crest",3,3,3,3,36,"30",100,"Marion 9 Crest 3 2019",100,"yes",36,0.638888888888889,1.31812443734777,0.144340909007901
"487",2019,"22/02/19","Coral Sea","Central Coral Sea","Cassy","Marion","Marion 10","","Slope",1,9,2,16,11,"90",100,"Marion 10 Slope 1 2019",100,"yes",11,0.611570247933884,1.12095039267358,0.107147031639243
"488",2019,"22/02/19","Coral Sea","Central Coral Sea","Cassy","Marion","Marion 10","","Slope",2,9,1.5,16,14,"90",100,"Marion 10 Slope 2 2019",100,"yes",14,0.602040816326531,1.11636707528934,0.113235228513231
"489",2019,"22/02/19","Coral Sea","Central Coral Sea","Cassy","Marion","Marion 10","","Slope",3,9,2,15,4,"90",100,"Marion 10 Slope 3 2019",100,"yes",4,0.625,1.03972077083992,0.117304096203917
"490",2019,"22/02/19","Coral Sea","Central Coral Sea","Cassy","Marion","Marion 10","","Crest",1,3,2.5,14,14,"60",100,"Marion 10 Crest 1 2019",100,"yes",14,0.785714285714286,1.6681739719974,0.127351280578292
"491",2019,"22/02/19","Coral Sea","Central Coral Sea","Cassy","Marion","Marion 10","","Crest",2,3,3,7,10,"90",100,"Marion 10 Crest 2 2019",100,"yes",10,0.64,1.16828245017656,0.152812814342331
"492",2019,"22/02/19","Coral Sea","Central Coral Sea","Cassy","Marion","Marion 10","","Crest",3,2.5,3,3,15,"60",100,"Marion 10 Crest 3 2019",100,"yes",15,0.737777777777778,1.52924829303769,0.126595439666001
"493",2019,"23/02/19","GBR","Central Great Barrier Reef","Cassy","Elizabeth","Elizabeth 1","","Slope",1,9,2,0,18,"0",100,"Elizabeth 1 Slope 1 2019",100,"yes",18,0.753086419753086,1.56544510706333,0.167634742133766
"494",2019,"23/02/19","GBR","Central Great Barrier Reef","Cassy","Elizabeth","Elizabeth 1","","Slope",2,9,1,0,12,"0",100,"Elizabeth 1 Slope 2 2019",100,"yes",12,0.75,1.58325845942048,0.131694619846377
"495",2019,"23/02/19","GBR","Central Great Barrier Reef","Cassy","Elizabeth","Elizabeth 1","","Slope",3,9,1,0,9,"0",100,"Elizabeth 1 Slope 3 2019",100,"yes",9,0.691358024691358,1.27302833658963,0.171068281529134
"496",2019,"23/02/19","GBR","Central Great Barrier Reef","Cassy","Elizabeth","Elizabeth 1","","Crest",1,3,1,0,31,"0",100,"Elizabeth 1 Crest 1 2019",100,"yes",31,0.765868886576483,1.58109251351271,0.143774762795259
"497",2019,"23/02/19","GBR","Central Great Barrier Reef","Cassy","Elizabeth","Elizabeth 1","","Crest",2,3,2,0,20,"0",100,"Elizabeth 1 Crest 2 2019",100,"yes",20,0.59,1.22752941145721,0.148118540659748
"498",2019,"23/02/19","GBR","Central Great Barrier Reef","Cassy","Elizabeth","Elizabeth 1","","Crest",3,3,2,0,22,"45",100,"Elizabeth 1 Crest 3 2019",100,"yes",22,0.793388429752066,1.65799394577497,0.120175434477921
"499",2019,"23/02/19","GBR","Central Great Barrier Reef","Cassy","Elizabeth","Elizabeth 2","","Slope",1,8,2,0,31,"0",100,"Elizabeth 2 Slope 1 2019",100,"yes",31,0.385015608740895,0.82252194140531,0.0900235620328979
"500",2019,"23/02/19","GBR","Central Great Barrier Reef","Cassy","Elizabeth","Elizabeth 2","","Slope",2,8.5,1.5,0,19,"0",100,"Elizabeth 2 Slope 2 2019",100,"yes",19,0.736842105263158,1.35808251570783,0.160917052262445
"501",2019,"23/02/19","GBR","Central Great Barrier Reef","Cassy","Elizabeth","Elizabeth 2","","Slope",3,8,1.5,0,19,"0",100,"Elizabeth 2 Slope 3 2019",100,"yes",19,0.742382271468144,1.55814461804655,0.157008622811439
"502",2019,"23/02/19","GBR","Central Great Barrier Reef","Cassy","Elizabeth","Elizabeth 2","","Crest",1,3,2,0,18,"0",100,"Elizabeth 2 Crest 1 2019",100,"yes",18,0.746913580246914,1.46097074772182,0.181911006519432
"503",2019,"23/02/19","GBR","Central Great Barrier Reef","Cassy","Elizabeth","Elizabeth 2","","Crest",2,2,3,0,25,"0",100,"Elizabeth 2 Crest 2 2019",100,"yes",25,0.7424,1.57516843460465,0.159628104659647
"504",2019,"23/02/19","GBR","Central Great Barrier Reef","Cassy","Elizabeth","Elizabeth 2","","Crest",3,2,2,0,33,"0",100,"Elizabeth 2 Crest 3 2019",100,"yes",33,0.672176308539945,1.30760269060346,0.151309493011711
"505",2019,"24/02/19","GBR","Central Great Barrier Reef","Cassy","Castor","Castor 1","","Slope",1,9,4.5,1,44,"90",100,"Castor 1 Slope 1 2019",100,"yes",44,0.707644628099174,1.44045015347101,0.130870007263924
"506",2019,"24/02/19","GBR","Central Great Barrier Reef","Cassy","Castor","Castor 1","","Slope",2,9,4,0,34,"45",100,"Castor 1 Slope 2 2019",100,"yes",34,0.795847750865052,1.77283539139325,0.165105703097951
"507",2019,"24/02/19","GBR","Central Great Barrier Reef","Cassy","Castor","Castor 1","","Slope",3,9,3.5,0,50,"0",100,"Castor 1 Slope 3 2019",100,"yes",50,0.76,1.64985584683982,0.177798867255558
"508",2019,"24/02/19","GBR","Central Great Barrier Reef","Cassy","Castor","Castor 1","","Crest",1,2.5,3,0,50,"90",100,"Castor 1 Crest 1 2019",100,"yes",50,0.78,1.7816510151989,0.167016954084931
"509",2019,"24/02/19","GBR","Central Great Barrier Reef","Cassy","Castor","Castor 1","","Crest",2,2.5,2.5,0,48,"0",100,"Castor 1 Crest 2 2019",100,"yes",48,0.696180555555556,1.42878848716093,0.175973960187854
"510",2019,"24/02/19","GBR","Central Great Barrier Reef","Cassy","Castor","Castor 1","","Crest",3,2,2,0,41,"45",100,"Castor 1 Crest 3 2019",100,"yes",41,0.75669244497323,1.56010333445548,0.156827094472057
"511",2019,"24/02/19","GBR","Central Great Barrier Reef","Cassy","Castor","Castor 2","","Slope",1,9,3,0,47,"45",100,"Castor 2 Slope 1 2019",100,"yes",47,0.812132186509733,1.86631963848728,0.19335120693654
"512",2019,"24/02/19","GBR","Central Great Barrier Reef","Cassy","Castor","Castor 2","","Slope",2,9,3,2,48,"90",100,"Castor 2 Slope 2 2019",100,"yes",48,0.785590277777778,1.73265642905096,0.138276844086734
"513",2019,"24/02/19","GBR","Central Great Barrier Reef","Cassy","Castor","Castor 2","","Slope",3,9,1,0,24,"45",100,"Castor 2 Slope 3 2019",100,"yes",24,0.763888888888889,1.73474324857027,0.152654998862373
"514",2019,"24/02/19","GBR","Central Great Barrier Reef","Cassy","Castor","Castor 2","","Crest",1,3,2.5,0,45,"45",100,"Castor 2 Crest 1 2019",100,"yes",45,0.725925925925926,1.54824462583227,0.177405959796445
"515",2019,"24/02/19","GBR","Central Great Barrier Reef","Cassy","Castor","Castor 2","","Crest",2,3,3,0,39,"90",100,"Castor 2 Crest 2 2019",100,"yes",39,0.794214332675871,1.78599183901136,0.174835070393029
"516",2019,"24/02/19","GBR","Central Great Barrier Reef","Cassy","Castor","Castor 2","","Crest",3,3,3,0,47,"90",100,"Castor 2 Crest 3 2019",100,"yes",47,0.773200543232232,1.75371312986464,0.158158846047281
"517",2019,"24/02/19","GBR","Central Great Barrier Reef","Cassy","Castor","Castor 3","","Slope",1,9,4,0,41,"90",100,"Castor 3 Slope 1 2019",100,"yes",41,0.811421772754313,1.79532913793939,0.154908619890529
"518",2019,"24/02/19","GBR","Central Great Barrier Reef","Cassy","Castor","Castor 3","","Slope",2,9,4,0,39,"90",100,"Castor 3 Slope 2 2019",100,"yes",39,0.74293228139382,1.51859020293159,0.151918304351812
"519",2019,"24/02/19","GBR","Central Great Barrier Reef","Cassy","Castor","Castor 3","","Slope",3,9,4,0,24,"90",100,"Castor 3 Slope 3 2019",100,"yes",24,0.756944444444444,1.53723744437867,0.125725702973049
"520",2019,"24/02/19","GBR","Central Great Barrier Reef","Cassy","Castor","Castor 3","","Crest",1,3,3,0,57,"90",100,"Castor 3 Crest 1 2019",100,"yes",57,0.797783933518006,1.70990405564002,0.128988793480415
"521",2019,"24/02/19","GBR","Central Great Barrier Reef","Cassy","Castor","Castor 3","","Crest",2,3,3,0,51,"90",100,"Castor 3 Crest 2 2019",100,"yes",51,0.785082660515186,1.64719952666612,0.147685159485536
"522",2019,"24/02/19","GBR","Central Great Barrier Reef","Cassy","Castor","Castor 3","","Crest",3,3,3,0,47,"45",100,"Castor 3 Crest 3 2019",100,"yes",47,0.784970574920779,1.74102889308584,0.155358439316554
"523",2019,"27/02/19","Coral Sea","Central Coral Sea","Ed","Flinders","Flinders 7","","Slope",1,8,3,8,17,"85",100,"Flinders 7 Slope 1 2019",100,"yes",17,0.685121107266436,1.23240522346579,0.0938409386598697
"524",2019,"27/02/19","Coral Sea","Central Coral Sea","Ed","Flinders","Flinders 7","","Slope",2,8.5,2.5,18,17,"90",100,"Flinders 7 Slope 2 2019",100,"yes",17,0.588235294117647,1.03759110809185,0.0775870418159562
"525",2019,"27/02/19","Coral Sea","Central Coral Sea","Ed","Flinders","Flinders 7","","Slope",3,7,2.5,14,9,"90",100,"Flinders 7 Slope 3 2019",100,"yes",9,0.567901234567901,0.936888307539016,0.10198175927725
"526",2019,"27/02/19","Coral Sea","Central Coral Sea","Ed","Flinders","Flinders 7","","Crest",1,3.5,3,0,19,"45",100,"Flinders 7 Crest 1 2019",100,"yes",19,0.67590027700831,1.30664699894535,0.113927572149567
"527",2019,"27/02/19","Coral Sea","Central Coral Sea","Ed","Flinders","Flinders 7","","Crest",2,3,3.5,0,19,"80",100,"Flinders 7 Crest 2 2019",100,"yes",19,0.664819944598338,1.34019840657147,0.13428251846518
"528",2019,"27/02/19","Coral Sea","Central Coral Sea","Ed","Flinders","Flinders 7","","Crest",3,2,3,0,12,"80",100,"Flinders 7 Crest 3 2019",100,"yes",12,0.722222222222222,1.42412991734677,0.124302120508409
"529",2019,"27/02/19","Coral Sea","Central Coral Sea","Ed","Flinders","Flinders 8","","Slope",1,8.5,2,1,20,"45",100,"Flinders 8 Slope 1 2019",100,"yes",20,0.61,1.3661588475692,0.1340018119503
"530",2019,"27/02/19","Coral Sea","Central Coral Sea","Ed","Flinders","Flinders 8","","Slope",2,9,2,0,17,"5",100,"Flinders 8 Slope 2 2019",100,"yes",17,0.588235294117647,1.09100601100039,0.141573920859556
"531",2019,"27/02/19","Coral Sea","Central Coral Sea","Ed","Flinders","Flinders 8","","Slope",3,9.5,1.5,0,17,"60",100,"Flinders 8 Slope 3 2019",100,"yes",17,0.602076124567474,1.20333204069947,0.132804325958348
"532",2019,"27/02/19","Coral Sea","Central Coral Sea","Ed","Flinders","Flinders 8","","Crest",1,4,1.5,0,8,"45",100,"Flinders 8 Crest 1 2019",100,"yes",8,0.53125,0.900256051268537,0.117349557415229
"533",2019,"27/02/19","Coral Sea","Central Coral Sea","Ed","Flinders","Flinders 8","","Crest",2,4,2,0,9,"45",100,"Flinders 8 Crest 2 2019",100,"yes",9,0.765432098765432,1.52295506753132,0.195868713108512
"534",2019,"27/02/19","Coral Sea","Central Coral Sea","Ed","Flinders","Flinders 8","","Crest",3,5,2.5,1,4,"45",100,"Flinders 8 Crest 3 2019",100,"yes",4,0.375,0.562335144618808,0.073771762830126
"535",2019,"28/02/19","Coral Sea","Central Coral Sea","Ed","Flinders","Flinders 9","","Slope",1,7,2.5,0,13,"45",100,"Flinders 9 Slope 1 2019",100,"yes",13,0.485207100591716,0.937155853065701,0.116493668404505
"536",2019,"28/02/19","Coral Sea","Central Coral Sea","Ed","Flinders","Flinders 9","","Slope",2,6.5,2.5,0,13,"80",100,"Flinders 9 Slope 2 2019",100,"yes",13,0.769230769230769,1.69240886298655,0.168615673138135
"537",2019,"28/02/19","Coral Sea","Central Coral Sea","Ed","Flinders","Flinders 9","","Slope",3,6.5,2,2,7,"90",100,"Flinders 9 Slope 3 2019",100,"yes",7,0.612244897959184,1.15374194270109,0.150500031443652
"538",2019,"28/02/19","Coral Sea","Central Coral Sea","Ed","Flinders","Flinders 9","","Crest",1,3,2,0,18,"10",100,"Flinders 9 Crest 1 2019",100,"yes",18,0.753086419753086,1.53798710111736,0.169819364337949
"539",2019,"28/02/19","Coral Sea","Central Coral Sea","Ed","Flinders","Flinders 9","","Crest",2,2.5,1.5,3,18,"0",100,"Flinders 9 Crest 2 2019",100,"yes",18,0.604938271604938,1.16409173055667,0.162055921208297
"540",2019,"28/02/19","Coral Sea","Central Coral Sea","Ed","Flinders","Flinders 9","","Crest",3,1.5,1.5,0,9,"0",100,"Flinders 9 Crest 3 2019",100,"yes",9,0.641975308641975,1.06085694715802,0.175167851588858
"541",2019,"28/02/19","Coral Sea","Central Coral Sea","Ed","Flinders","Flinders 10","","Slope",1,8,3.5,3,14,"80",100,"Flinders 10 Slope 1 2019",100,"yes",14,0.663265306122449,1.19734013399678,0.135918461689635
"542",2019,"28/02/19","Coral Sea","Central Coral Sea","Ed","Flinders","Flinders 10","","Slope",2,8,3.5,1,16,"90",100,"Flinders 10 Slope 2 2019",100,"yes",16,0.6328125,1.04335342694229,0.158558086294104
"543",2019,"28/02/19","Coral Sea","Central Coral Sea","Ed","Flinders","Flinders 10","","Slope",3,8.5,3,3,17,"90",100,"Flinders 10 Slope 3 2019",100,"yes",17,0.643598615916955,1.26224316749001,0.125457317094807
"544",2019,"28/02/19","Coral Sea","Central Coral Sea","Ed","Flinders","Flinders 10","","Crest",1,2,2.5,15,39,"0",100,"Flinders 10 Crest 1 2019",100,"yes",39,0.483892176199869,0.997016497754673,0.0834490517805449
"545",2019,"28/02/19","Coral Sea","Central Coral Sea","Ed","Flinders","Flinders 10","","Crest",2,2,2,12,29,"10",100,"Flinders 10 Crest 2 2019",100,"yes",29,0.599286563614744,1.1328075823177,0.118144934429874
"546",2019,"28/02/19","Coral Sea","Central Coral Sea","Ed","Flinders","Flinders 10","","Crest",3,3,2.5,14,22,"45",100,"Flinders 10 Crest 3 2019",100,"yes",22,0.533057851239669,0.982847610726315,0.0914724219922035
"547",2019,"1/03/19","Coral Sea","Central Coral Sea","Ed","Herald","Herald 5","","Slope",1,7.3,3.5,24,27,"80",100,"Herald 5 Slope 1 2019",100,"yes",27,0.683127572016461,1.28876991577427,0.132352682902238
"548",2019,"1/03/19","Coral Sea","Central Coral Sea","Ed","Herald","Herald 5","","Slope",2,7.4,3,17,22,"80",100,"Herald 5 Slope 2 2019",100,"yes",22,0.673553719008265,1.29923287628707,0.0901095624883049
"549",2019,"1/03/19","Coral Sea","Central Coral Sea","Ed","Herald","Herald 5","","Slope",3,8.1,3.5,2,30,"20",100,"Herald 5 Slope 3 2019",100,"yes",30,0.666666666666667,1.31807143599476,0.107305761313359
"550",2019,"1/03/19","Coral Sea","Central Coral Sea","Ed","Herald","Herald 5","","Crest",1,3,3,7,12,"90",100,"Herald 5 Crest 1 2019",100,"yes",12,0.680555555555556,1.2366848691405,0.173680892446253
"551",2019,"1/03/19","Coral Sea","Central Coral Sea","Ed","Herald","Herald 5","","Crest",2,2.5,3.5,2,14,"90",100,"Herald 5 Crest 2 2019",100,"yes",14,0.73469387755102,1.43275705299709,0.138767344310171
"552",2019,"1/03/19","Coral Sea","Central Coral Sea","Ed","Herald","Herald 5","","Crest",3,3,3,2,14,"0",100,"Herald 5 Crest 3 2019",100,"yes",14,0.755102040816326,1.56915294620312,0.160583888792818
"553",2019,"1/03/19","Coral Sea","Central Coral Sea","Ed","Herald","Herald 6","","Slope",1,8,3,33,21,"90",100,"Herald 6 Slope 1 2019",100,"yes",21,0.770975056689342,1.59168553695954,0.148736203995361
"554",2019,"1/03/19","Coral Sea","Central Coral Sea","Ed","Herald","Herald 6","","Slope",2,8,4,10,22,"90",100,"Herald 6 Slope 2 2019",100,"yes",22,0.723140495867769,1.46061516606891,0.165560366574486
"555",2019,"1/03/19","Coral Sea","Central Coral Sea","Ed","Herald","Herald 6","","Slope",3,9,3,13,49,"45",100,"Herald 6 Slope 3 2019",100,"yes",49,0.737192836318201,1.50460765552546,0.124217031393948
"556",2019,"1/03/19","Coral Sea","Central Coral Sea","Ed","Herald","Herald 6","","Crest",1,3,2.5,11,34,"45",100,"Herald 6 Crest 1 2019",100,"yes",34,0.756055363321799,1.54765671242646,0.13682118100282
"557",2019,"1/03/19","Coral Sea","Central Coral Sea","Ed","Herald","Herald 6","","Crest",2,2.5,2.5,23,21,"45",100,"Herald 6 Crest 2 2019",100,"yes",21,0.802721088435374,1.7034743981145,0.132327277213715
"558",2019,"1/03/19","Coral Sea","Central Coral Sea","Ed","Herald","Herald 6","","Crest",3,2,3,7,37,"45",100,"Herald 6 Crest 3 2019",100,"yes",37,0.762600438276114,1.59577736034627,0.11625099415015
"559",2019,"1/03/19","Coral Sea","Central Coral Sea","Ed","Herald","Herald 7","","Slope",1,7,2,9,32,"90",100,"Herald 7 Slope 1 2019",100,"yes",32,0.685546875,1.25422910617434,0.102775791170266
"560",2019,"1/03/19","Coral Sea","Central Coral Sea","Ed","Herald","Herald 7","","Slope",2,6,2,19,17,"90",100,"Herald 7 Slope 2 2019",100,"yes",17,0.498269896193772,0.691416077617118,0.0590831116269682
"561",2019,"1/03/19","Coral Sea","Central Coral Sea","Ed","Herald","Herald 7","","Slope",3,6,2,12,27,"90",100,"Herald 7 Slope 3 2019",100,"yes",27,0.71604938271605,1.44606456452951,0.11614213082724
"562",2019,"1/03/19","Coral Sea","Central Coral Sea","Ed","Herald","Herald 7","","Crest",1,2.5,4,3,21,"45",100,"Herald 7 Crest 1 2019",100,"yes",21,0.712018140589569,1.38958517278076,0.135780168871329
"563",2019,"1/03/19","Coral Sea","Central Coral Sea","Ed","Herald","Herald 7","","Crest",2,2.5,2,5,14,"50",100,"Herald 7 Crest 2 2019",100,"yes",14,0.73469387755102,1.35178399428965,0.167710676149073
"564",2019,"1/03/19","Coral Sea","Central Coral Sea","Ed","Herald","Herald 7","","Crest",3,2.5,3.5,5,19,"50",100,"Herald 7 Crest 3 2019",100,"yes",19,0.736842105263158,1.43917411542133,0.150846744084916
"565",2019,"2/03/19","Coral Sea","Central Coral Sea","Ed","Chilcott","Chilcott 3","","Slope",1,9,1.5,0,14,"45",100,"Chilcott 3 Slope 1 2019",100,"yes",14,0.693877551020408,1.46806020349905,0.155234445572914
"566",2019,"2/03/19","Coral Sea","Central Coral Sea","Ed","Chilcott","Chilcott 3","","Slope",2,9,1.5,0,21,"45",100,"Chilcott 3 Slope 2 2019",100,"yes",21,0.630385487528345,1.14122648498856,0.151026106703497
"567",2019,"2/03/19","Coral Sea","Central Coral Sea","Ed","Chilcott","Chilcott 3","","Slope",3,10,1.5,0,14,"45",100,"Chilcott 3 Slope 3 2019",100,"yes",14,0.744897959183674,1.6357434952315,0.155724448037568
"568",2019,"2/03/19","Coral Sea","Central Coral Sea","Ed","Chilcott","Chilcott 3","","Crest",1,6.5,2,0,27,"0",100,"Chilcott 3 Crest 1 2019",100,"yes",27,0.502057613168724,0.970753589800652,0.115168505468075
"569",2019,"2/03/19","Coral Sea","Central Coral Sea","Ed","Chilcott","Chilcott 3","","Crest",2,7,1.5,0,15,"0",100,"Chilcott 3 Crest 2 2019",100,"yes",15,0.417777777777778,0.729871209983116,0.105071933669218
"570",2019,"2/03/19","Coral Sea","Central Coral Sea","Ed","Chilcott","Chilcott 3","","Crest",3,6,2,0,18,"0",100,"Chilcott 3 Crest 3 2019",100,"yes",18,0.62962962962963,1.1945063128187,0.148424133450189
"571",2019,"2/03/19","Coral Sea","Central Coral Sea","Ed","Chilcott","Chilcott 4","","Slope",1,5,2,10,22,"0",100,"Chilcott 4 Slope 1 2019",100,"yes",22,0.702479338842975,1.37900998862561,0.136321785696552
"572",2019,"2/03/19","Coral Sea","Central Coral Sea","Ed","Chilcott","Chilcott 4","","Slope",2,6.5,2,27,17,"60",100,"Chilcott 4 Slope 2 2019",100,"yes",17,0.532871972318339,1.00621456594408,0.130940019330431
"573",2019,"2/03/19","Coral Sea","Central Coral Sea","Ed","Chilcott","Chilcott 4","","Slope",3,6.5,2,17,13,"80",100,"Chilcott 4 Slope 3 2019",100,"yes",13,0.686390532544379,1.32692019405069,0.165931327325294
"574",2019,"2/03/19","Coral Sea","Central Coral Sea","Ed","Chilcott","Chilcott 4","","Crest",1,2,3,17,30,"90",100,"Chilcott 4 Crest 1 2019",100,"yes",30,0.551111111111111,1.08330712796841,0.135926330820177
"575",2019,"2/03/19","Coral Sea","Central Coral Sea","Ed","Chilcott","Chilcott 4","","Crest",2,2,3,25,15,"90",100,"Chilcott 4 Crest 2 2019",100,"yes",15,0.595555555555556,1.0625354080616,0.171135211654059
"576",2019,"2/03/19","Coral Sea","Central Coral Sea","Ed","Chilcott","Chilcott 4","","Crest",3,2,2.5,19,19,"90",100,"Chilcott 4 Crest 3 2019",100,"yes",19,0.559556786703601,0.990365041474314,0.1377499211464
"577",2019,"3/03/19","Coral Sea","Central Coral Sea","Ed","Diamond","Diamond 4","","Slope",1,9,4,2,20,"50",100,"Diamond 4 Slope 1 2019",100,"yes",20,0.76,1.60026540892541,0.123362110875053
"578",2019,"3/03/19","Coral Sea","Central Coral Sea","Ed","Diamond","Diamond 4","","Slope",2,8,4,7,12,"45",100,"Diamond 4 Slope 2 2019",100,"yes",12,0.5,0.867563228481461,0.0937534914442203
"579",2019,"3/03/19","Coral Sea","Central Coral Sea","Ed","Diamond","Diamond 4","","Slope",3,9,4,3,15,"70",100,"Diamond 4 Slope 3 2019",100,"yes",15,0.657777777777778,1.26347949406503,0.0733493954495854
"580",2019,"3/03/19","Coral Sea","Central Coral Sea","Ed","Diamond","Diamond 4","","Crest",1,3.5,3,13,18,"0",100,"Diamond 4 Crest 1 2019",100,"yes",18,0.759259259259259,1.59451444838359,0.126143251506983
"581",2019,"3/03/19","Coral Sea","Central Coral Sea","Ed","Diamond","Diamond 4","","Crest",2,3.5,4,10,19,"0",100,"Diamond 4 Crest 2 2019",100,"yes",19,0.703601108033241,1.46587122323248,0.118408296867197
"582",2019,"3/03/19","Coral Sea","Central Coral Sea","Ed","Diamond","Diamond 4","","Crest",3,3,3,12,16,"0",100,"Diamond 4 Crest 3 2019",100,"yes",16,0.7109375,1.30509637194834,0.13816858106293
"583",2019,"3/03/19","Coral Sea","Central Coral Sea","Ed","Diamond","Diamond 5","","Slope",1,10.5,3,8,34,"0",100,"Diamond 5 Slope 1 2019",100,"yes",34,0.792387543252595,1.7474516791181,0.158193588533637
"584",2019,"3/03/19","Coral Sea","Central Coral Sea","Ed","Diamond","Diamond 5","","Slope",2,10,3.5,1,34,"0",100,"Diamond 5 Slope 2 2019",100,"yes",34,0.711072664359861,1.34349127482802,0.148398579706562
"585",2019,"3/03/19","Coral Sea","Central Coral Sea","Ed","Diamond","Diamond 5","","Slope",3,9.5,3,15,22,"0",100,"Diamond 5 Slope 3 2019",100,"yes",22,0.723140495867769,1.40066176324807,0.188234917078673
"586",2019,"3/03/19","Coral Sea","Central Coral Sea","Ed","Diamond","Diamond 5","","Crest",1,3,2.5,10,10,"0",100,"Diamond 5 Crest 1 2019",100,"yes",10,0.72,1.33217904021012,0.194991050727572
"587",2019,"3/03/19","Coral Sea","Central Coral Sea","Ed","Diamond","Diamond 5","","Crest",2,3,3.5,9,16,"0",100,"Diamond 5 Crest 2 2019",100,"yes",16,0.765625,1.51108617607361,0.184045151366774
"588",2019,"3/03/19","Coral Sea","Central Coral Sea","Ed","Diamond","Diamond 5","","Crest",3,3,3.5,6,17,"10",100,"Diamond 5 Crest 3 2019",100,"yes",17,0.754325259515571,1.59344328565909,0.142759782282349
"589",2019,"4/03/19","Coral Sea","Central Coral Sea","Ed","Diamond","Diamond 6","","Slope",1,9,3.5,7,45,"90",100,"Diamond 6 Slope 1 2019",100,"yes",45,0.804938271604938,1.76628012492573,0.136905197501744
"590",2019,"4/03/19","Coral Sea","Central Coral Sea","Ed","Diamond","Diamond 6","","Slope",2,9,3,3,45,"90",100,"Diamond 6 Slope 2 2019",100,"yes",45,0.819753086419753,1.82681612908501,0.125989157782865
"591",2019,"4/03/19","Coral Sea","Central Coral Sea","Ed","Diamond","Diamond 6","","Slope",3,9,3.5,9,28,"80",100,"Diamond 6 Slope 3 2019",100,"yes",28,0.790816326530612,1.68278181280571,0.120645128627408
"592",2019,"4/03/19","Coral Sea","Central Coral Sea","Ed","Diamond","Diamond 6","","Crest",1,3,3.5,11,19,"80",100,"Diamond 6 Crest 1 2019",100,"yes",19,0.842105263157895,1.9550839066644,0.138262555735206
"593",2019,"4/03/19","Coral Sea","Central Coral Sea","Ed","Diamond","Diamond 6","","Crest",2,3,2.5,5,21,"80",100,"Diamond 6 Crest 2 2019",100,"yes",21,0.802721088435374,1.82261783229026,0.168180879421002
"594",2019,"4/03/19","Coral Sea","Central Coral Sea","Ed","Diamond","Diamond 6","","Crest",3,3,2.5,14,19,"45",100,"Diamond 6 Crest 3 2019",100,"yes",19,0.592797783933518,1.02809405656304,0.16093299292347
"595",2019,"5/03/19","Coral Sea","Central Coral Sea","Ed","Lihou","Lihou 2","","Slope",1,9.5,3,27,14,"90",100,"Lihou 2 Slope 1 2019",100,"yes",14,0.775510204081633,1.61147220426073,0.145659418699008
"596",2019,"5/03/19","Coral Sea","Central Coral Sea","Ed","Lihou","Lihou 2","","Slope",2,8,2.5,12,7,"30",100,"Lihou 2 Slope 2 2019",100,"yes",7,0.653061224489796,1.07899220787758,0.11355311555753
"597",2019,"5/03/19","Coral Sea","Central Coral Sea","Ed","Lihou","Lihou 2","","Slope",3,8.5,2.5,18,10,"45",100,"Lihou 2 Slope 3 2019",100,"yes",10,0.68,1.35923670066501,0.145735808763775
"598",2019,"5/03/19","Coral Sea","Central Coral Sea","Ed","Lihou","Lihou 2","","Crest",1,4,2,8,15,"90",100,"Lihou 2 Crest 1 2019",100,"yes",15,0.746666666666667,1.55190149794374,0.13560134975562
"599",2019,"5/03/19","Coral Sea","Central Coral Sea","Ed","Lihou","Lihou 2","","Crest",2,3,2,9,9,"10",100,"Lihou 2 Crest 2 2019",100,"yes",9,0.765432098765432,1.52295506753132,0.146436941742675
"600",2019,"5/03/19","Coral Sea","Central Coral Sea","Ed","Lihou","Lihou 2","","Crest",3,3,3,4,12,"0",100,"Lihou 2 Crest 3 2019",100,"yes",12,0.736111111111111,1.44518587894808,0.101376474747835
"601",2019,"5/03/19","Coral Sea","Central Coral Sea","Ed","Lihou","Lihou 1","","Slope",1,9,1.5,14,31,"40",100,"Lihou 1 Slope 1 2019",100,"yes",31,0.670135275754423,1.34091435390173,0.117470412985541
"602",2019,"5/03/19","Coral Sea","Central Coral Sea","Ed","Lihou","Lihou 1","","Slope",2,9,2,7,25,"60",100,"Lihou 1 Slope 2 2019",100,"yes",25,0.6816,1.3110953624144,0.127380491624678
"603",2019,"5/03/19","Coral Sea","Central Coral Sea","Ed","Lihou","Lihou 1","","Slope",3,10,2.5,7,25,"60",100,"Lihou 1 Slope 3 2019",100,"yes",25,0.704,1.51694780139817,0.122270751671394
"604",2019,"5/03/19","Coral Sea","Central Coral Sea","Ed","Lihou","Lihou 1","","Crest",1,3.5,2.5,3,24,"90",100,"Lihou 1 Crest 1 2019",100,"yes",24,0.805555555555556,1.78411571630415,0.166583332944011
"605",2019,"5/03/19","Coral Sea","Central Coral Sea","Ed","Lihou","Lihou 1","","Crest",2,3,3,7,20,"80",100,"Lihou 1 Crest 2 2019",100,"yes",20,0.7,1.37051517428796,0.153843884983798
"606",2019,"5/03/19","Coral Sea","Central Coral Sea","Ed","Lihou","Lihou 1","","Crest",3,3,3,5,23,"45",100,"Lihou 1 Crest 3 2019",100,"yes",23,0.75992438563327,1.58995041975048,0.13862727980738
"607",2019,"5/03/19","Coral Sea","Central Coral Sea","Ed","Lihou","Lihou 6","","Slope",1,7.5,3.5,6,38,"90",100,"Lihou 6 Slope 1 2019",100,"yes",38,0.797783933518006,1.76479305279899,0.14287602835005
"608",2019,"5/03/19","Coral Sea","Central Coral Sea","Ed","Lihou","Lihou 6","","Slope",2,8,2.5,9,33,"70",100,"Lihou 6 Slope 2 2019",100,"yes",33,0.789715335169881,1.68638383023282,0.151956695321591
"609",2019,"5/03/19","Coral Sea","Central Coral Sea","Ed","Lihou","Lihou 6","","Slope",3,10,2.5,11,33,"90",100,"Lihou 6 Slope 3 2019",100,"yes",33,0.809917355371901,1.75707059304766,0.141220001981454
"610",2019,"5/03/19","Coral Sea","Central Coral Sea","Ed","Lihou","Lihou 6","","Crest",1,3,2,7,22,"0",100,"Lihou 6 Crest 1 2019",100,"yes",22,0.723140495867769,1.51652181869176,0.140782302673935
"611",2019,"5/03/19","Coral Sea","Central Coral Sea","Ed","Lihou","Lihou 6","","Crest",2,2.5,2,1,25,"0",100,"Lihou 6 Crest 2 2019",100,"yes",25,0.6688,1.43138110186121,0.125303791243816
"612",2019,"5/03/19","Coral Sea","Central Coral Sea","Ed","Lihou","Lihou 6","","Crest",3,4.5,2,3,25,"0",100,"Lihou 6 Crest 3 2019",100,"yes",25,0.7424,1.45524210681669,0.153081129153764
"613",2019,"6/03/19","Coral Sea","Central Coral Sea","Ed","Lihou","Lihou 7","","Slope",1,9,3.5,3,47,"50",100,"Lihou 7 Slope 1 2019",100,"yes",47,0.771389769126302,1.67331169204626,0.154207862651706
"614",2019,"6/03/19","Coral Sea","Central Coral Sea","Ed","Lihou","Lihou 7","","Slope",2,10,2.5,0,63,"45",100,"Lihou 7 Slope 2 2019",100,"yes",63,0.688838498362308,1.50336564798652,0.137410142608676
"615",2019,"6/03/19","Coral Sea","Central Coral Sea","Ed","Lihou","Lihou 7","","Slope",3,9,2.5,4,49,"50",100,"Lihou 7 Slope 3 2019",100,"yes",49,0.650562265722616,1.31957819221246,0.146517655874152
"616",2019,"6/03/19","Coral Sea","Central Coral Sea","Ed","Lihou","Lihou 7","","Crest",1,6,3,0,45,"45",100,"Lihou 7 Crest 1 2019",100,"yes",45,0.709135802469136,1.50888940044034,0.163180333855628
"617",2019,"6/03/19","Coral Sea","Central Coral Sea","Ed","Lihou","Lihou 7","","Crest",2,5,2,1,48,"40",100,"Lihou 7 Crest 2 2019",100,"yes",48,0.764756944444444,1.56289856736866,0.155584854769064
"618",2019,"6/03/19","Coral Sea","Central Coral Sea","Ed","Lihou","Lihou 7","","Crest",3,6,2,0,47,"20",100,"Lihou 7 Crest 3 2019",100,"yes",47,0.7324581258488,1.58060454172928,0.160084833157383
"619",2019,"6/03/19","Coral Sea","Central Coral Sea","Ed","Lihou","Lihou 8","","Slope",1,6,2.5,12,28,"90",100,"Lihou 8 Slope 1 2019",100,"yes",28,0.724489795918367,1.45913792954981,0.139180848818259
"620",2019,"6/03/19","Coral Sea","Central Coral Sea","Ed","Lihou","Lihou 8","","Slope",2,7,3.5,5,17,"0",100,"Lihou 8 Slope 2 2019",100,"yes",17,0.740484429065744,1.45204407319368,0.0949110108241654
"621",2019,"6/03/19","Coral Sea","Central Coral Sea","Ed","Lihou","Lihou 8","","Slope",3,7,3.5,0,23,"80",100,"Lihou 8 Slope 3 2019",100,"yes",23,0.771266540642722,1.5826701164974,0.116920600575933
"622",2019,"6/03/19","Coral Sea","Central Coral Sea","Ed","Lihou","Lihou 8","","Crest",1,2,1.5,2,6,"0",100,"Lihou 8 Crest 1 2019",100,"yes",6,0.722222222222222,1.32966134885476,0.111824224624696
"623",2019,"6/03/19","Coral Sea","Central Coral Sea","Ed","Lihou","Lihou 8","","Crest",2,2,2.5,5,16,"0",100,"Lihou 8 Crest 2 2019",100,"yes",16,0.640625,1.36336310234817,0.128298541418872
"624",2019,"6/03/19","Coral Sea","Central Coral Sea","Ed","Lihou","Lihou 8","","Crest",3,3,2.5,2,19,"0",100,"Lihou 8 Crest 3 2019",100,"yes",19,0.742382271468144,1.45705822455769,0.142769209617916
"625",2019,"7/03/19","Coral Sea","Central Coral Sea","Ed","Lihou","Lihou 9","","Slope",1,10,3,1,23,"0",100,"Lihou 9 Slope 1 2019",100,"yes",23,0.827977315689981,1.83300192307959,0.159924282471898
"626",2019,"7/03/19","Coral Sea","Central Coral Sea","Ed","Lihou","Lihou 9","","Slope",2,10.5,3,6,22,"45",100,"Lihou 9 Slope 2 2019",100,"yes",22,0.859504132231405,2.0590443660091,0.147183690187664
"627",2019,"7/03/19","Coral Sea","Central Coral Sea","Ed","Lihou","Lihou 9","","Slope",3,9.5,3,1,34,"0",100,"Lihou 9 Slope 3 2019",100,"yes",34,0.823529411764706,1.88766802592748,0.169645490387255
"628",2019,"7/03/19","Coral Sea","Central Coral Sea","Ed","Lihou","Lihou 9","","Crest",1,6,2,5,18,"0",100,"Lihou 9 Crest 1 2019",100,"yes",18,0.765432098765432,1.58593411319266,0.148011367240001
"629",2019,"7/03/19","Coral Sea","Central Coral Sea","Ed","Lihou","Lihou 9","","Crest",2,4,1.5,4,19,"20",100,"Lihou 9 Crest 2 2019",100,"yes",19,0.686980609418283,1.40714923604453,0.114956347393593
"630",2019,"7/03/19","Coral Sea","Central Coral Sea","Ed","Lihou","Lihou 9","","Crest",3,4,1.5,6,16,"0",100,"Lihou 9 Crest 3 2019",100,"yes",16,0.796875,1.74977898918417,0.138749478054137
"631",2019,"7/03/19","Coral Sea","Central Coral Sea","Ed","Lihou","Lihou 10","","Slope",1,9,2,2,27,"30",100,"Lihou 10 Slope 1 2019",100,"yes",27,0.647462277091907,1.3008735132634,0.131135941307939
"632",2019,"7/03/19","Coral Sea","Central Coral Sea","Ed","Lihou","Lihou 10","","Slope",2,10,2,1,25,"20",100,"Lihou 10 Slope 2 2019",100,"yes",25,0.6752,1.42055803767925,0.132891285508407
"633",2019,"7/03/19","Coral Sea","Central Coral Sea","Ed","Lihou","Lihou 10","","Slope",3,10,2,1,25,"40",100,"Lihou 10 Slope 3 2019",100,"yes",25,0.8128,1.73482587894619,0.142477134872019
"634",2019,"7/03/19","Coral Sea","Central Coral Sea","Ed","Lihou","Lihou 10","","Crest",1,5,1,0,22,"10",100,"Lihou 10 Crest 1 2019",100,"yes",22,0.756198347107438,1.50422288212136,0.161342568178699
"635",2019,"7/03/19","Coral Sea","Central Coral Sea","Ed","Lihou","Lihou 10","","Crest",2,4.5,1.5,0,17,"20",100,"Lihou 10 Crest 2 2019",100,"yes",17,0.782006920415225,1.56437010289277,0.159802800947422
"636",2019,"7/03/19","Coral Sea","Central Coral Sea","Ed","Lihou","Lihou 10","","Crest",3,4,1.5,2,10,"0",100,"Lihou 10 Crest 3 2019",100,"yes",10,0.7,1.27985422583367,0.104912857115291
"637",2019,"7/03/19","Coral Sea","Central Coral Sea","Ed","Lihou","Lihou 4","","Slope",1,9,4,5,45,"0",100,"Lihou 4 Slope 1 2019",100,"yes",45,0.800987654320988,1.72548965387628,0.153571741162865
"638",2019,"7/03/19","Coral Sea","Central Coral Sea","Ed","Lihou","Lihou 4","","Slope",2,9,3.5,8,34,"90",100,"Lihou 4 Slope 2 2019",100,"yes",34,0.752595155709343,1.54898045160558,0.145385721988024
"639",2019,"7/03/19","Coral Sea","Central Coral Sea","Ed","Lihou","Lihou 4","","Slope",3,10,4,2,46,"90",100,"Lihou 4 Slope 3 2019",100,"yes",46,0.781663516068053,1.69519752758409,0.165436965007175
"640",2019,"7/03/19","Coral Sea","Central Coral Sea","Ed","Lihou","Lihou 4","","Crest",1,3,3,12,28,"90",100,"Lihou 4 Crest 1 2019",100,"yes",28,0.775510204081633,1.66656657442276,0.169855549138477
"641",2019,"7/03/19","Coral Sea","Central Coral Sea","Ed","Lihou","Lihou 4","","Crest",2,4,3.5,5,24,"45",100,"Lihou 4 Crest 2 2019",100,"yes",24,0.795138888888889,1.67865670986965,0.150439806439966
"642",2019,"7/03/19","Coral Sea","Central Coral Sea","Ed","Lihou","Lihou 4","","Crest",3,3,3.5,12,14,"90",100,"Lihou 4 Crest 3 2019",100,"yes",14,0.785714285714286,1.6681739719974,0.151395026471174
"643",2019,"8/03/19","Coral Sea","Central Coral Sea","Ed","Willis","Willis 4","","Slope",1,9.5,1.5,7,12,"20",100,"Willis 4 Slope 1 2019",100,"yes",12,0.402777777777778,0.721463686692511,0.123536074734081
"644",2019,"8/03/19","Coral Sea","Central Coral Sea","Ed","Willis","Willis 4","","Slope",2,10,3.5,2,19,"0",100,"Willis 4 Slope 2 2019",100,"yes",19,0.709141274238227,1.48375533236883,0.162257209160151
"645",2019,"8/03/19","Coral Sea","Central Coral Sea","Ed","Willis","Willis 4","","Slope",3,9,3.5,4,13,"30",100,"Willis 4 Slope 3 2019",100,"yes",13,0.485207100591716,0.937155853065701,0.101510460545803
"646",2019,"8/03/19","Coral Sea","Central Coral Sea","Ed","Willis","Willis 4","","Crest",1,3.5,3,0,12,"0",100,"Willis 4 Crest 1 2019",100,"yes",12,0.736111111111111,1.44518587894808,0.12574223441832
"647",2019,"8/03/19","Coral Sea","Central Coral Sea","Ed","Willis","Willis 4","","Crest",2,4.5,4,0,25,"0",100,"Willis 4 Crest 2 2019",100,"yes",25,0.736,1.42929907816468,0.0972870132408497
"648",2019,"8/03/19","Coral Sea","Central Coral Sea","Ed","Willis","Willis 4","","Crest",3,5,2.5,1,27,"0",100,"Willis 4 Crest 3 2019",100,"yes",27,0.724279835390947,1.54912907545496,0.0927871676427726
"649",2019,"8/03/19","Coral Sea","Central Coral Sea","Ed","Willis","Willis 5","","Slope",1,7.5,0.5,0,6,"0",100,"Willis 5 Slope 1 2019",100,"yes",6,0.611111111111111,1.01140426470735,0.189413253338611
"650",2019,"8/03/19","Coral Sea","Central Coral Sea","Ed","Willis","Willis 5","","Slope",2,8,1,0,6,"0",100,"Willis 5 Slope 2 2019",100,"yes",6,0.444444444444444,0.636514168294813,0.1513119419584
"651",2019,"8/03/19","Coral Sea","Central Coral Sea","Ed","Willis","Willis 5","","Slope",3,9.5,1,0,8,"0",100,"Willis 5 Slope 3 2019",100,"yes",8,0.53125,0.900256051268537,0.10716160801637
"652",2019,"8/03/19","Coral Sea","Central Coral Sea","Ed","Willis","Willis 5","","Crest",1,4.5,3.5,0,24,"80",100,"Willis 5 Crest 1 2019",100,"yes",24,0.638888888888889,1.25831789550233,0.110889436982713
"653",2019,"8/03/19","Coral Sea","Central Coral Sea","Ed","Willis","Willis 5","","Crest",2,3.5,4,0,12,"70",100,"Willis 5 Crest 2 2019",100,"yes",12,0.625,1.12692879480068,0.107448076208166
"654",2019,"8/03/19","Coral Sea","Central Coral Sea","Ed","Willis","Willis 5","","Crest",3,5,4,0,23,"70",100,"Willis 5 Crest 3 2019",100,"yes",23,0.729678638941399,1.48535526401604,0.124848106603121
"655",2019,"8/03/19","Coral Sea","Central Coral Sea","Ed","Willis","Willis 6","","Slope",1,8.5,1,0,17,"30",100,"Willis 6 Slope 1 2019",100,"yes",17,0.726643598615917,1.43034983140969,0.173054774755066
"656",2019,"8/03/19","Coral Sea","Central Coral Sea","Ed","Willis","Willis 6","","Slope",2,10,1,0,20,"30",100,"Willis 6 Slope 2 2019",100,"yes",20,0.685,1.428551418721,0.130829263414304
"657",2019,"8/03/19","Coral Sea","Central Coral Sea","Ed","Willis","Willis 6","","Slope",3,8.5,1,0,22,"45",100,"Willis 6 Slope 3 2019",100,"yes",22,0.78099173553719,1.68360601741449,0.184091701588136
"658",2019,"8/03/19","Coral Sea","Central Coral Sea","Ed","Willis","Willis 6","","Crest",1,6.5,1.5,1,17,"0",100,"Willis 6 Crest 1 2019",100,"yes",17,0.726643598615917,1.43034983140969,0.184251891717193
"659",2019,"8/03/19","Coral Sea","Central Coral Sea","Ed","Willis","Willis 6","","Crest",2,5.5,1.5,0,24,"0",100,"Willis 6 Crest 2 2019",100,"yes",24,0.649305555555556,1.39564443158585,0.113037779079147
"660",2019,"8/03/19","Coral Sea","Central Coral Sea","Ed","Willis","Willis 6","","Crest",3,4,2.5,0,54,"50",100,"Willis 6 Crest 3 2019",100,"yes",54,0.628257887517147,1.27201605172801,0.106369250975635
"661",2019,"9/03/19","Coral Sea","Central Coral Sea","Ed","Willis","Willis 7","","Slope",1,11,3,5,50,"70",100,"Willis 7 Slope 1 2019",100,"yes",50,0.3792,0.849898748014946,0.0763544605018216
"662",2019,"9/03/19","Coral Sea","Central Coral Sea","Ed","Willis","Willis 7","","Slope",2,10.5,2.5,4,43,"0",100,"Willis 7 Slope 2 2019",100,"yes",43,0.613304488912926,1.23322044307649,0.134577640129766
"663",2019,"9/03/19","Coral Sea","Central Coral Sea","Ed","Willis","Willis 7","","Slope",3,10,3,10,47,"90",100,"Willis 7 Slope 3 2019",100,"yes",47,0.684472612041648,1.36114484424967,0.14878833043351
"664",2019,"9/03/19","Coral Sea","Central Coral Sea","Ed","Willis","Willis 7","","Crest",1,4,1.5,0,56,"45",100,"Willis 7 Crest 1 2019",100,"yes",56,0.536352040816326,1.00839203673958,0.127174116561972
"665",2019,"9/03/19","Coral Sea","Central Coral Sea","Ed","Willis","Willis 7","","Crest",2,3.5,1.5,5,25,"45",100,"Willis 7 Crest 2 2019",100,"yes",25,0.3488,0.766838231580212,0.0841676174637838
"666",2019,"9/03/19","Coral Sea","Central Coral Sea","Ed","Willis","Willis 7","","Crest",3,3,2,5,42,"80",100,"Willis 7 Crest 3 2019",100,"yes",42,0.667800453514739,1.28246838279814,0.172787885744385
"667",2019,"9/03/19","Coral Sea","Central Coral Sea","Ed","Willis","Willis 8","","Slope",1,7,2.5,15,16,"80",100,"Willis 8 Slope 1 2019",100,"yes",16,0.6875,1.4402347497046,0.11302749766462
"668",2019,"9/03/19","Coral Sea","Central Coral Sea","Ed","Willis","Willis 8","","Slope",2,6,2,1,15,"45",100,"Willis 8 Slope 2 2019",100,"yes",15,0.524444444444444,0.853236150555778,0.0796643632072685
"669",2019,"9/03/19","Coral Sea","Central Coral Sea","Ed","Willis","Willis 8","","Slope",3,6,2,8,11,"90",100,"Willis 8 Slope 3 2019",100,"yes",11,0.56198347107438,0.916464885539471,0.073952420499587
"670",2019,"9/03/19","Coral Sea","Central Coral Sea","Ed","Willis","Willis 8","","Crest",1,4,2.5,25,8,"0",100,"Willis 8 Crest 1 2019",100,"yes",8,0.6875,1.25548232517875,0.135310443722918
"671",2019,"9/03/19","Coral Sea","Central Coral Sea","Ed","Willis","Willis 8","","Crest",2,4,2,24,2,"0",100,"Willis 8 Crest 2 2019",100,"yes",2,0.5,0.693147180559945,0.0629014562966086
"672",2019,"9/03/19","Coral Sea","Central Coral Sea","Ed","Willis","Willis 8","","Crest",3,3,1.5,23,8,"0",100,"Willis 8 Crest 3 2019",100,"yes",8,0.59375,0.974314752869349,0.106002572212947
"673",2019,"9/03/19","Coral Sea","Central Coral Sea","Ed","Willis","Willis 9","","Slope",1,8.5,3.5,13,23,"0",100,"Willis 9 Slope 1 2019",100,"yes",23,0.476370510396976,0.905368504562369,0.0962358682562673
"674",2019,"9/03/19","Coral Sea","Central Coral Sea","Ed","Willis","Willis 9","","Slope",2,8.5,2.5,28,20,"90",100,"Willis 9 Slope 2 2019",100,"yes",20,0.675,1.33307429347678,0.146717102665329
"675",2019,"9/03/19","Coral Sea","Central Coral Sea","Ed","Willis","Willis 9","","Slope",3,8.5,2.5,14,23,"90",100,"Willis 9 Slope 3 2019",100,"yes",23,0.525519848771267,0.984982593015365,0.109810283955344
"676",2019,"9/03/19","Coral Sea","Central Coral Sea","Ed","Willis","Willis 9","","Crest",1,3,2,17,24,"45",100,"Willis 9 Crest 1 2019",100,"yes",24,0.694444444444444,1.35642555750798,0.154802847502186
"677",2019,"9/03/19","Coral Sea","Central Coral Sea","Ed","Willis","Willis 9","","Crest",2,2,2.5,36,17,"90",100,"Willis 9 Crest 2 2019",100,"yes",17,0.456747404844291,0.803742107316203,0.0931465690054114
"678",2019,"9/03/19","Coral Sea","Central Coral Sea","Ed","Willis","Willis 9","","Crest",3,2,3,16,24,"45",100,"Willis 9 Crest 3 2019",100,"yes",24,0.767361111111111,1.5703134755584,0.153506228070173
"679",2019,"10/03/19","Coral Sea","Central Coral Sea","Ed","Diane","Diane 3","","Slope",1,7.5,1.5,7,33,"45",100,"Diane 3 Slope 1 2019",100,"yes",33,0.74931129476584,1.54186086776315,0.16625742836738
"680",2019,"10/03/19","Coral Sea","Central Coral Sea","Ed","Diane","Diane 3","","Slope",2,8,2,11,37,"45",100,"Diane 3 Slope 2 2019",100,"yes",37,0.72899926953981,1.45134973037403,0.17922442082784
"681",2019,"10/03/19","Coral Sea","Central Coral Sea","Ed","Diane","Diane 3","","Slope",3,6.5,2,5,17,"0",100,"Diane 3 Slope 3 2019",100,"yes",17,0.788927335640138,1.64591683001747,0.158569725481985
"682",2019,"10/03/19","Coral Sea","Central Coral Sea","Ed","Diane","Diane 3","","Crest",1,3.5,3,4,33,"20",100,"Diane 3 Crest 1 2019",100,"yes",33,0.798898071625344,1.70774129217094,0.142807714730408
"683",2019,"10/03/19","Coral Sea","Central Coral Sea","Ed","Diane","Diane 3","","Crest",2,3,3.5,0,45,"10",100,"Diane 3 Crest 2 2019",100,"yes",45,0.768395061728395,1.64121866158818,0.140841544427778
"684",2019,"10/03/19","Coral Sea","Central Coral Sea","Ed","Diane","Diane 3","","Crest",3,2.5,3.5,0,27,"0",100,"Diane 3 Crest 3 2019",100,"yes",27,0.781893004115226,1.69952380055054,0.16847410051593
"685",2019,"10/03/19","Coral Sea","Central Coral Sea","Ed","Diane","Diane 4","","Slope",1,9,1,6,22,"30",100,"Diane 4 Slope 1 2019",100,"yes",22,0.586776859504132,1.14659583652694,0.120249457307629
"686",2019,"10/03/19","Coral Sea","Central Coral Sea","Ed","Diane","Diane 4","","Slope",2,9,1.5,9,16,"60",100,"Diane 4 Slope 2 2019",100,"yes",16,0.3203125,0.601923971732289,0.0574226149264635
"687",2019,"10/03/19","Coral Sea","Central Coral Sea","Ed","Diane","Diane 4","","Slope",3,10,1.5,0,20,"45",100,"Diane 4 Slope 3 2019",100,"yes",20,0.475,0.914285581467099,0.10809964023656
"688",2019,"10/03/19","Coral Sea","Central Coral Sea","Ed","Diane","Diane 4","","Crest",1,5.5,2,0,21,"10",100,"Diane 4 Crest 1 2019",100,"yes",21,0.258503401360544,0.567060930955282,0.0378541461508061
"689",2019,"10/03/19","Coral Sea","Central Coral Sea","Ed","Diane","Diane 4","","Crest",2,6,2,0,37,"0",100,"Diane 4 Crest 2 2019",100,"yes",37,0.536157779401023,1.10639759659077,0.101428356744409
"690",2019,"10/03/19","Coral Sea","Central Coral Sea","Ed","Diane","Diane 4","","Crest",3,5.5,3,0,28,"0",100,"Diane 4 Crest 3 2019",100,"yes",28,0.313775510204082,0.657598949867696,0.0735266687761454
"691",2019,"11/03/19","Coral Sea","Central Coral Sea","Ed","Moore","Moore 1","","Slope",1,8.5,2.5,0,36,"0",100,"Moore 1 Slope 1 2019",100,"yes",36,0.496913580246914,1.08807010301296,0.125432547897151
"692",2019,"11/03/19","Coral Sea","Central Coral Sea","Ed","Moore","Moore 1","","Slope",2,8.5,3.5,0,25,"0",100,"Moore 1 Slope 2 2019",100,"yes",25,0.704,1.35516162210906,0.180312453469025
"693",2019,"11/03/19","Coral Sea","Central Coral Sea","Ed","Moore","Moore 1","","Slope",3,10,4,0,22,"80",100,"Moore 1 Slope 3 2019",100,"yes",22,0.834710743801653,1.85851915589204,0.18964951249146
"694",2019,"11/03/19","Coral Sea","Central Coral Sea","Ed","Moore","Moore 1","","Crest",1,3,3.5,4,16,"90",100,"Moore 1 Crest 1 2019",100,"yes",16,0.4609375,0.777462131910929,0.146854571615244
"695",2019,"11/03/19","Coral Sea","Central Coral Sea","Ed","Moore","Moore 1","","Crest",2,1.5,4,11,21,"45",100,"Moore 1 Crest 2 2019",100,"yes",21,0.557823129251701,0.975939064349937,0.165944199108669
"696",2019,"11/03/19","Coral Sea","Central Coral Sea","Ed","Moore","Moore 1","","Crest",3,2.5,4,0,10,"90",100,"Moore 1 Crest 3 2019",100,"yes",10,0.66,1.22060726455302,0.171499575020279
"697",2019,"11/03/19","Coral Sea","Central Coral Sea","Ed","Moore","Moore 2","","Slope",1,10,3,6,49,"80",100,"Moore 2 Slope 1 2019",100,"yes",49,0.626405664306539,1.1866759386921,0.109864024125153
"698",2019,"11/03/19","Coral Sea","Central Coral Sea","Ed","Moore","Moore 2","","Slope",2,10,2.5,14,48,"30",100,"Moore 2 Slope 2 2019",100,"yes",48,0.5859375,1.05103680424079,0.0983612750661586
"699",2019,"11/03/19","Coral Sea","Central Coral Sea","Ed","Moore","Moore 2","","Slope",3,10,2.5,7,41,"70",100,"Moore 2 Slope 3 2019",100,"yes",41,0.51279000594884,0.993201205719365,0.0755523012971166
"700",2019,"11/03/19","Coral Sea","Central Coral Sea","Ed","Moore","Moore 2","","Crest",1,4,3,5,15,"90",100,"Moore 2 Crest 1 2019",100,"yes",15,0.613333333333333,1.08325501051851,0.172632783010888
"701",2019,"11/03/19","Coral Sea","Central Coral Sea","Ed","Moore","Moore 2","","Crest",2,2.5,4,2,17,"90",100,"Moore 2 Crest 2 2019",100,"yes",17,0.726643598615917,1.40127664864337,0.164673918982088
"702",2019,"11/03/19","Coral Sea","Central Coral Sea","Ed","Moore","Moore 2","","Crest",3,2,3,5,10,"90",100,"Moore 2 Crest 3 2019",100,"yes",10,0.46,0.801818552543337,0.0979666310620187
"703",2019,"11/03/19","Coral Sea","Central Coral Sea","Ed","Moore","Moore 3","","Slope",1,10,3.5,12,55,"90",100,"Moore 3 Slope 1 2019",100,"yes",55,0.762314049586777,1.52061650088722,0.123941140649386
"704",2019,"11/03/19","Coral Sea","Central Coral Sea","Ed","Moore","Moore 3","","Slope",2,9,4.5,2,69,"90",100,"Moore 3 Slope 2 2019",100,"yes",69,0.790590212140307,1.58653148197717,0.138111990361529
"705",2019,"11/03/19","Coral Sea","Central Coral Sea","Ed","Moore","Moore 3","","Slope",3,9,3.5,1,63,"90",100,"Moore 3 Slope 3 2019",100,"yes",63,0.781557067271353,1.55293947520956,0.141673588326571
"706",2019,"11/03/19","Coral Sea","Central Coral Sea","Ed","Moore","Moore 3","","Crest",1,4,3.5,0,34,"90",100,"Moore 3 Crest 1 2019",100,"yes",34,0.737024221453287,1.43644292837864,0.142715905721086
"707",2019,"11/03/19","Coral Sea","Central Coral Sea","Ed","Moore","Moore 3","","Crest",2,2,4,0,30,"90",100,"Moore 3 Crest 2 2019",100,"yes",30,0.551111111111111,1.08330712796841,0.16221033243455
"708",2019,"11/03/19","Coral Sea","Central Coral Sea","Ed","Moore","Moore 3","","Crest",3,2.5,4,0,15,"80",100,"Moore 3 Crest 3 2019",100,"yes",15,0.56,1.02003695840184,0.168933911815681
"709",2019,"12/03/19","Coral Sea","Central Coral Sea","Ed","Holmes","Holmes 9","","Slope",1,10.5,2,3,42,"80",100,"Holmes 9 Slope 1 2019",100,"yes",42,0.770975056689342,1.67648337854536,0.147689838999064
"710",2019,"12/03/19","Coral Sea","Central Coral Sea","Ed","Holmes","Holmes 9","","Slope",2,10.5,2,0,46,"45",100,"Holmes 9 Slope 2 2019",100,"yes",46,0.773156899810964,1.6640822777317,0.14345412436977
"711",2019,"12/03/19","Coral Sea","Central Coral Sea","Ed","Holmes","Holmes 9","","Slope",3,10.5,3.5,0,39,"40",100,"Holmes 9 Slope 3 2019",100,"yes",39,0.700854700854701,1.4267821363694,0.146581244468157
"712",2019,"12/03/19","Coral Sea","Central Coral Sea","Ed","Holmes","Holmes 9","","Crest",1,3,1.5,0,51,"10",100,"Holmes 9 Crest 1 2019",100,"yes",51,0.742022299115725,1.54111949754427,0.169103071920887
"713",2019,"12/03/19","Coral Sea","Central Coral Sea","Ed","Holmes","Holmes 9","","Crest",2,3.5,2,0,44,"0",100,"Holmes 9 Crest 2 2019",100,"yes",44,0.65702479338843,1.23221285565238,0.134714952053406
"714",2019,"12/03/19","Coral Sea","Central Coral Sea","Ed","Holmes","Holmes 9","","Crest",3,3.5,4,0,34,"20",100,"Holmes 9 Crest 3 2019",100,"yes",34,0.64878892733564,1.1683678340306,0.121133344520711
"715",2019,"12/03/19","Coral Sea","Central Coral Sea","Ed","Holmes","Holmes 10","","Slope",1,9.5,3.5,5,23,"20",100,"Holmes 10 Slope 1 2019",100,"yes",23,0.680529300567108,1.37796196887894,0.152155033558527
"716",2019,"12/03/19","Coral Sea","Central Coral Sea","Ed","Holmes","Holmes 10","","Slope",2,9,3.5,3,29,"20",100,"Holmes 10 Slope 2 2019",100,"yes",29,0.787158145065398,1.62795292945252,0.181292887124807
"717",2019,"12/03/19","Coral Sea","Central Coral Sea","Ed","Holmes","Holmes 10","","Slope",3,10,4,30,29,"90",100,"Holmes 10 Slope 3 2019",100,"yes",29,0.799048751486326,1.74938073422712,0.163221731629834
"718",2019,"12/03/19","Coral Sea","Central Coral Sea","Ed","Holmes","Holmes 10","","Crest",1,3.5,4.5,3,25,"0",100,"Holmes 10 Crest 1 2019",100,"yes",25,0.7648,1.52312564273564,0.16785150659874
"719",2019,"12/03/19","Coral Sea","Central Coral Sea","Ed","Holmes","Holmes 10","","Crest",2,2,4,5,28,"0",100,"Holmes 10 Crest 2 2019",100,"yes",28,0.755102040816326,1.53017068121673,0.163189064847628
"720",2019,"12/03/19","Coral Sea","Central Coral Sea","Ed","Holmes","Holmes 10","","Crest",3,2,4,2,40,"90",100,"Holmes 10 Crest 3 2019",100,"yes",40,0.7225,1.53530701758817,0.169751556612959
"721",2019,"14/03/19","Coral Sea","Central Coral Sea","Morgan","Holmes","Holmes 11","","Slope",1,9,3,17,17,"45",100,"Holmes 11 Slope 1 2019",100,"yes",17,0.71280276816609,1.3745691971891,0.17133169215392
"722",2019,"14/03/19","Coral Sea","Central Coral Sea","Morgan","Holmes","Holmes 11","","Slope",2,9,3.5,12,25,"90",100,"Holmes 11 Slope 2 2019",100,"yes",25,0.7488,1.6041525657755,0.146575017543546
"723",2019,"14/03/19","Coral Sea","Central Coral Sea","Morgan","Holmes","Holmes 11","","Slope",3,9,4,4,38,"90",100,"Holmes 11 Slope 3 2019",100,"yes",38,0.700831024930748,1.50163944150519,0.172517122149504
"724",2019,"14/03/19","Coral Sea","Central Coral Sea","Morgan","Holmes","Holmes 11","","Crest",1,2.5,2,0,16,"60",100,"Holmes 11 Crest 1 2019",100,"yes",16,0.7109375,1.40139264660812,0.113239848511665
"725",2019,"14/03/19","Coral Sea","Central Coral Sea","Morgan","Holmes","Holmes 11","","Crest",2,2,3,1,14,"45",100,"Holmes 11 Crest 2 2019",100,"yes",14,0.438775510204082,0.75893677276206,0.155684755847287
"726",2019,"14/03/19","Coral Sea","Central Coral Sea","Morgan","Holmes","Holmes 11","","Crest",3,2,2.5,0,20,"60",100,"Holmes 11 Crest 3 2019",100,"yes",20,0.65,1.16112081828312,0.15873588779388
"727",2019,"14/03/19","Coral Sea","Central Coral Sea","Morgan","Holmes","Holmes 12","","Slope",1,8,3,0,11,"45",100,"Holmes 12 Slope 1 2019",100,"yes",11,0.396694214876033,0.585952618303551,0.150739675796519
"728",2019,"14/03/19","Coral Sea","Central Coral Sea","Morgan","Holmes","Holmes 12","","Slope",2,9,3,2,22,"0",100,"Holmes 12 Slope 2 2019",100,"yes",22,0.747933884297521,1.56204405302991,0.125301560524757
"729",2019,"14/03/19","Coral Sea","Central Coral Sea","Morgan","Holmes","Holmes 12","","Slope",3,10,3.5,1,20,"0",100,"Holmes 12 Slope 3 2019",100,"yes",20,0.74,1.63424521628449,0.143929345808471
"730",2019,"14/03/19","Coral Sea","Central Coral Sea","Morgan","Holmes","Holmes 12","","Crest",1,1,2,0,22,"45",100,"Holmes 12 Crest 1 2019",100,"yes",22,0.756198347107438,1.50422288212136,0.140435846379108
"731",2019,"14/03/19","Coral Sea","Central Coral Sea","Morgan","Holmes","Holmes 12","","Crest",2,1,2,0,12,"0",100,"Holmes 12 Crest 2 2019",100,"yes",12,0.763888888888889,1.51710639706103,0.145692049759183
"732",2019,"14/03/19","Coral Sea","Central Coral Sea","Morgan","Holmes","Holmes 12","","Crest",3,1.5,2,0,33,"0",100,"Holmes 12 Crest 3 2019",100,"yes",33,0.718089990817264,1.50087946775,0.16449587619441
"733",2019,"14/03/19","Coral Sea","Central Coral Sea","Morgan","Holmes","Holmes 13","","Slope",1,9,3.5,0,36,"9",100,"Holmes 13 Slope 1 2019",100,"yes",36,0.79320987654321,1.7481230188789,0.153370500654831
"734",2019,"14/03/19","Coral Sea","Central Coral Sea","Morgan","Holmes","Holmes 13","","Slope",2,9,3.5,1,37,"45",100,"Holmes 13 Slope 2 2019",100,"yes",37,0.733382030679328,1.47781396790018,0.166152223060651
"735",2019,"14/03/19","Coral Sea","Central Coral Sea","Morgan","Holmes","Holmes 13","","Slope",3,9.5,3.5,0,32,"45",100,"Holmes 13 Slope 3 2019",100,"yes",32,0.69140625,1.40019528841048,0.171896040406129
"736",2019,"14/03/19","Coral Sea","Central Coral Sea","Morgan","Holmes","Holmes 13","","Crest",1,2,1,0,12,"45",100,"Holmes 13 Crest 1 2019",100,"yes",12,0.763888888888889,1.51710639706103,0.124683316492402
"737",2019,"14/03/19","Coral Sea","Central Coral Sea","Morgan","Holmes","Holmes 13","","Crest",2,2,0.5,0,9,"30",100,"Holmes 13 Crest 2 2019",100,"yes",9,0.641975308641975,1.30309240376172,0.11570480217966
"738",2019,"14/03/19","Coral Sea","Central Coral Sea","Morgan","Holmes","Holmes 13","","Crest",3,2,1.5,0,16,"30",100,"Holmes 13 Crest 3 2019",100,"yes",16,0.6015625,1.10343290963819,0.10956099210689
"739",2019,"15/03/19","Coral Sea","Northern Coral Sea","Morgan","Bougainville","Bougainville 4","","Slope",1,8,4,0,47,"45",100,"Bougainville 4 Slope 1 2019",100,"yes",47,0.710728836577637,1.42055871465291,0.132326493054478
"740",2019,"15/03/19","Coral Sea","Northern Coral Sea","Morgan","Bougainville","Bougainville 4","","Slope",2,9,4,0,51,"90",100,"Bougainville 4 Slope 2 2019",100,"yes",51,0.815840061514802,1.8160875913117,0.137820213133137
"741",2019,"15/03/19","Coral Sea","Northern Coral Sea","Morgan","Bougainville","Bougainville 4","","Slope",3,9,4,0,57,"90",100,"Bougainville 4 Slope 3 2019",100,"yes",57,0.727608494921514,1.48903043456662,0.148482641497321
"742",2019,"15/03/19","Coral Sea","Northern Coral Sea","Morgan","Bougainville","Bougainville 4","","Crest",1,3,3,0,33,"45",100,"Bougainville 4 Crest 1 2019",100,"yes",33,0.446280991735537,0.917286160289675,0.102722453612284
"743",2019,"15/03/19","Coral Sea","Northern Coral Sea","Morgan","Bougainville","Bougainville 4","","Crest",2,1,1,0,27,"45",100,"Bougainville 4 Crest 2 2019",100,"yes",27,0.422496570644719,0.820054744645837,0.0938249176940874
"744",2019,"15/03/19","Coral Sea","Northern Coral Sea","Morgan","Bougainville","Bougainville 4","","Crest",3,2,1,0,26,"45",100,"Bougainville 4 Crest 3 2019",100,"yes",26,0.482248520710059,0.917030924459372,0.106882578500512
"745",2019,"15/03/19","Coral Sea","Northern Coral Sea","Morgan","Bougainville","Bougainville 5","","Slope",1,8,4,0,53,"90",100,"Bougainville 5 Slope 1 2019",100,"yes",53,0.655749377002492,1.34255332088156,0.150902857759444
"746",2019,"15/03/19","Coral Sea","Northern Coral Sea","Morgan","Bougainville","Bougainville 5","","Slope",2,9,3,0,52,"45",100,"Bougainville 5 Slope 2 2019",100,"yes",52,0.696005917159763,1.34642531086807,0.173118666270609
"747",2019,"15/03/19","Coral Sea","Northern Coral Sea","Morgan","Bougainville","Bougainville 5","","Slope",3,9,3.5,0,47,"45",100,"Bougainville 5 Slope 3 2019",100,"yes",47,0.705296514259846,1.3805722525005,0.149474631129807
"748",2019,"15/03/19","Coral Sea","Northern Coral Sea","Morgan","Bougainville","Bougainville 5","","Crest",1,2,2,0,20,"30",100,"Bougainville 5 Crest 1 2019",100,"yes",20,0.525,0.981941600924019,0.12417050907486
"749",2019,"15/03/19","Coral Sea","Northern Coral Sea","Morgan","Bougainville","Bougainville 5","","Crest",2,2,2,0,19,"30",100,"Bougainville 5 Crest 2 2019",100,"yes",19,0.437673130193906,0.926907559390993,0.111184602488807
"750",2019,"15/03/19","Coral Sea","Northern Coral Sea","Morgan","Bougainville","Bougainville 5","","Crest",3,2,1.5,0,12,"30",100,"Bougainville 5 Crest 3 2019",100,"yes",12,0.597222222222222,1.11874333598575,0.10963089508603
"751",2019,"15/03/19","Coral Sea","Northern Coral Sea","Morgan","Bougainville","Bougainville 6","","Slope",1,9,4,0,34,"90",100,"Bougainville 6 Slope 1 2019",100,"yes",34,0.754325259515571,1.47875152464795,0.146135483918946
"752",2019,"15/03/19","Coral Sea","Northern Coral Sea","Morgan","Bougainville","Bougainville 6","","Slope",2,9,3.5,0,37,"45",100,"Bougainville 6 Slope 2 2019",100,"yes",37,0.802045288531775,1.69717642820322,0.141259915031447
"753",2019,"15/03/19","Coral Sea","Northern Coral Sea","Morgan","Bougainville","Bougainville 6","","Slope",3,9,4,0,62,"70",100,"Bougainville 6 Slope 3 2019",100,"yes",62,0.471383975026014,0.995326181542457,0.0784062657641532
"754",2019,"15/03/19","Coral Sea","Northern Coral Sea","Morgan","Bougainville","Bougainville 6","","Crest",1,1.5,2.5,0,27,"0",100,"Bougainville 6 Crest 1 2019",100,"yes",27,0.699588477366255,1.3848413362132,0.114347322469721
"755",2019,"15/03/19","Coral Sea","Northern Coral Sea","Morgan","Bougainville","Bougainville 6","","Crest",2,1.5,3,0,8,"0",100,"Bougainville 6 Crest 2 2019",100,"yes",8,0.21875,0.376770161256437,0.0770883465974934
"756",2019,"15/03/19","Coral Sea","Northern Coral Sea","Morgan","Bougainville","Bougainville 6","","Crest",3,2,1.5,0,13,"0",100,"Bougainville 6 Crest 3 2019",100,"yes",13,0.662721893491124,1.20479330969478,0.168025109655928
"757",2019,"16/03/19","Coral Sea","Northern Coral Sea","Morgan","Osprey","Osprey 4","","Slope",1,9,2,0,31,"30",100,"Osprey 4 Slope 1 2019",100,"yes",31,0.799167533818939,1.68647421768262,0.155616693454705
"758",2019,"16/03/19","Coral Sea","Northern Coral Sea","Morgan","Osprey","Osprey 4","","Slope",2,9,2,0,32,"30",100,"Osprey 4 Slope 2 2019",100,"yes",32,0.748046875,1.60026610655967,0.128476644958462
"759",2019,"16/03/19","Coral Sea","Northern Coral Sea","Morgan","Osprey","Osprey 4","","Slope",3,9,3.5,0,41,"90",100,"Osprey 4 Slope 3 2019",100,"yes",41,0.62819750148721,1.27981275716454,0.0948594490071437
"760",2019,"16/03/19","Coral Sea","Northern Coral Sea","Morgan","Osprey","Osprey 4","","Crest",1,2,2,0,10,"30",100,"Osprey 4 Crest 1 2019",100,"yes",10,0.66,1.22060726455302,0.132510367069183
"761",2019,"16/03/19","Coral Sea","Northern Coral Sea","Morgan","Osprey","Osprey 4","","Crest",2,1.5,1.5,0,9,"0",100,"Osprey 4 Crest 2 2019",100,"yes",9,0.518518518518519,1.00271826451752,0.0799549167739274
"762",2019,"16/03/19","Coral Sea","Northern Coral Sea","Morgan","Osprey","Osprey 4","","Crest",3,2,1,0,17,"10",100,"Osprey 4 Crest 3 2019",100,"yes",17,0.615916955017301,1.11506598409643,0.118180946375233
"763",2019,"16/03/19","Coral Sea","Northern Coral Sea","Morgan","Osprey","Osprey 5","","Slope",1,9,4,0,40,"90",100,"Osprey 5 Slope 1 2019",100,"yes",40,0.79375,1.7261598802996,0.145793276566281
"764",2019,"16/03/19","Coral Sea","Northern Coral Sea","Morgan","Osprey","Osprey 5","","Slope",2,9,3,0,31,"90",100,"Osprey 5 Slope 2 2019",100,"yes",31,0.755463059313215,1.48942121701975,0.139280073177741
"765",2019,"16/03/19","Coral Sea","Northern Coral Sea","Morgan","Osprey","Osprey 5","","Slope",3,9,3,0,42,"90",100,"Osprey 5 Slope 3 2019",100,"yes",42,0.804988662131519,1.74319069242966,0.145111761781027
"766",2019,"16/03/19","Coral Sea","Northern Coral Sea","Morgan","Osprey","Osprey 5","","Crest",1,2,3,0,32,"45",100,"Osprey 5 Crest 1 2019",100,"yes",32,0.8046875,1.73957015455783,0.164227953545824
"767",2019,"16/03/19","Coral Sea","Northern Coral Sea","Morgan","Osprey","Osprey 5","","Crest",2,2,3,0,22,"45",100,"Osprey 5 Crest 2 2019",100,"yes",22,0.756198347107438,1.49141944685078,0.152077922565314
"768",2019,"16/03/19","Coral Sea","Northern Coral Sea","Morgan","Osprey","Osprey 5","","Crest",3,1,1,0,18,"0",100,"Osprey 5 Crest 3 2019",100,"yes",18,0.808641975308642,1.70605711564267,0.155401698051357
"769",2019,"17/03/19","Coral Sea","Northern Coral Sea","Morgan","Osprey","Osprey 6","","Slope",1,9,2.5,0,35,"80",100,"Osprey 6 Slope 1 2019",100,"yes",35,0.618775510204082,1.2668141697826,0.122641759347366
"770",2019,"17/03/19","Coral Sea","Northern Coral Sea","Morgan","Osprey","Osprey 6","","Slope",2,9,2,0,16,"45",100,"Osprey 6 Slope 2 2019",100,"yes",16,0.625,1.24401669579289,0.115444915843342
"771",2019,"17/03/19","Coral Sea","Northern Coral Sea","Morgan","Osprey","Osprey 6","","Slope",3,9,3,0,29,"90",100,"Osprey 6 Slope 3 2019",100,"yes",29,0.782401902497027,1.63589634918507,0.135694800318947
"772",2019,"17/03/19","Coral Sea","Northern Coral Sea","Morgan","Osprey","Osprey 6","","Crest",1,3,3,0,19,"45",100,"Osprey 6 Crest 1 2019",100,"yes",19,0.670360110803324,1.27900751927456,0.175644809669365
"773",2019,"17/03/19","Coral Sea","Northern Coral Sea","Morgan","Osprey","Osprey 6","","Crest",2,2.5,1.5,0,25,"0",100,"Osprey 6 Crest 2 2019",100,"yes",25,0.7456,1.54316307380735,0.144983123723438
"774",2019,"17/03/19","Coral Sea","Northern Coral Sea","Morgan","Osprey","Osprey 6","","Crest",3,2,2.5,0,10,"45",100,"Osprey 6 Crest 3 2019",100,"yes",10,0.76,1.6094379124341,0.138481392891647
"775",2019,"17/03/19","Coral Sea","Northern Coral Sea","Morgan","Osprey","Osprey 7","","Slope",1,7,3,5,13,"45",100,"Osprey 7 Slope 1 2019",100,"yes",13,0.556213017751479,1.03176711135054,0.103148820147423
"776",2019,"17/03/19","Coral Sea","Northern Coral Sea","Morgan","Osprey","Osprey 7","","Slope",2,6,2,0,5,"30",100,"Osprey 7 Slope 2 2019",100,"yes",5,0.64,1.05492016798614,0.198804560851803
"777",2019,"17/03/19","Coral Sea","Northern Coral Sea","Morgan","Osprey","Osprey 7","","Slope",3,5,2.5,0,10,"45",100,"Osprey 7 Slope 3 2019",100,"yes",10,0.34,0.639031859650177,0.0697822073361848
"778",2019,"17/03/19","Coral Sea","Northern Coral Sea","Morgan","Osprey","Osprey 7","","Crest",1,1,2.5,2,12,"0",100,"Osprey 7 Crest 1 2019",100,"yes",12,0.611111111111111,1.01140426470735,0.147485827194661
"779",2019,"17/03/19","Coral Sea","Northern Coral Sea","Morgan","Osprey","Osprey 7","","Crest",2,1,2,0,14,"0",100,"Osprey 7 Crest 2 2019",100,"yes",14,0.642857142857143,1.06094424079075,0.152851595670192
"780",2019,"17/03/19","Coral Sea","Northern Coral Sea","Morgan","Osprey","Osprey 7","","Crest",3,1,3,0,11,"45",100,"Osprey 7 Crest 3 2019",100,"yes",11,0.644628099173554,1.2945451658449,0.143543612436918
"781",2019,"20/03/19","GBR","Northern Great Barrier Reef","Morgan","St Crispin","St Crispin 1","","Slope",1,9,3,0,38,"0",100,"St Crispin 1 Slope 1 2019",100,"yes",38,0.765927977839335,1.61709576481107,0.163815709645191
"782",2019,"20/03/19","GBR","Northern Great Barrier Reef","Morgan","St Crispin","St Crispin 1","","Slope",2,9,3,0,43,"0",100,"St Crispin 1 Slope 2 2019",100,"yes",43,0.79394267171444,1.73593815944166,0.183851085804739
"783",2019,"20/03/19","GBR","Northern Great Barrier Reef","Morgan","St Crispin","St Crispin 1","","Slope",3,9,3,0,50,"45",100,"St Crispin 1 Slope 3 2019",100,"yes",50,0.7832,1.71277154264246,0.139013642997808
"784",2019,"20/03/19","GBR","Northern Great Barrier Reef","Morgan","St Crispin","St Crispin 1","","Crest",1,6,2,0,22,"0",100,"St Crispin 1 Crest 1 2019",100,"yes",22,0.752066115702479,1.46763544031603,0.130230182325904
"785",2019,"20/03/19","GBR","Northern Great Barrier Reef","Morgan","St Crispin","St Crispin 1","","Crest",2,3,3,0,26,"45",100,"St Crispin 1 Crest 2 2019",100,"yes",26,0.727810650887574,1.39640201325532,0.147706436834291
"786",2019,"20/03/19","GBR","Northern Great Barrier Reef","Morgan","St Crispin","St Crispin 1","","Crest",3,3,3,0,22,"0",100,"St Crispin 1 Crest 3 2019",100,"yes",22,0.714876033057851,1.42972443210611,0.181627406139045
"787",2019,"23/03/19","GBR","Northern Great Barrier Reef","Morgan","Ribbon 5","Ribbon 5 1","","Slope",1,9.5,1.5,0,18,"45",100,"Ribbon 5 1 Slope 1 2019",100,"yes",18,0.728395061728395,1.42644443385828,0.151118237016597
"788",2019,"23/03/19","GBR","Northern Great Barrier Reef","Morgan","Ribbon 5","Ribbon 5 1","","Slope",2,9.5,3,0,30,"60",100,"Ribbon 5 1 Slope 2 2019",100,"yes",30,0.806666666666667,1.81746380200123,0.154036784492247
"789",2019,"23/03/19","GBR","Northern Great Barrier Reef","Morgan","Ribbon 5","Ribbon 5 1","","Slope",3,9,2.5,0,33,"60",100,"Ribbon 5 1 Slope 3 2019",100,"yes",33,0.784205693296602,1.74130088774076,0.142449926321579
"790",2019,"23/03/19","GBR","Northern Great Barrier Reef","Morgan","Ribbon 5","Ribbon 5 1","","Crest",1,3,2,0,30,"0",100,"Ribbon 5 1 Crest 1 2019",100,"yes",30,0.682222222222222,1.32041907304428,0.107973000547252
"791",2019,"23/03/19","GBR","Northern Great Barrier Reef","Morgan","Ribbon 5","Ribbon 5 1","","Crest",2,3,3,0,23,"0",100,"Ribbon 5 1 Crest 2 2019",100,"yes",23,0.680529300567108,1.24076839945406,0.125606517134912
"792",2019,"23/03/19","GBR","Northern Great Barrier Reef","Morgan","Ribbon 5","Ribbon 5 1","","Crest",3,3,3.5,0,19,"10",100,"Ribbon 5 1 Crest 3 2019",100,"yes",19,0.753462603878116,1.49789610260928,0.158867202910315
"793",2019,"23/03/19","GBR","Northern Great Barrier Reef","Morgan","Ribbon 5","Ribbon 5 2","","Slope",1,9,3,0,18,"90",100,"Ribbon 5 2 Slope 1 2019",100,"yes",18,0.654320987654321,1.26767702904526,0.183004018687725
"794",2019,"23/03/19","GBR","Northern Great Barrier Reef","Morgan","Ribbon 5","Ribbon 5 2","","Slope",2,9,2.5,4,9,"100",100,"Ribbon 5 2 Slope 2 2019",100,"yes",9,0.666666666666667,1.21488965394912,0.160802426364707
"795",2019,"23/03/19","GBR","Northern Great Barrier Reef","Morgan","Ribbon 5","Ribbon 5 2","","Slope",3,9,3,0,19,"90",100,"Ribbon 5 2 Slope 3 2019",100,"yes",19,0.659279778393352,1.31265903058386,0.173717524991849
"796",2019,"23/03/19","GBR","Northern Great Barrier Reef","Morgan","Ribbon 5","Ribbon 5 2","","Crest",1,2,2,0,25,"0",100,"Ribbon 5 2 Crest 1 2019",100,"yes",25,0.5984,1.21947520603694,0.164316280089768
"797",2019,"23/03/19","GBR","Northern Great Barrier Reef","Morgan","Ribbon 5","Ribbon 5 2","","Crest",2,2,2,0,24,"0",100,"Ribbon 5 2 Crest 2 2019",100,"yes",24,0.548611111111111,1.01289635348511,0.164477311430596
"798",2019,"23/03/19","GBR","Northern Great Barrier Reef","Morgan","Ribbon 5","Ribbon 5 2","","Crest",3,2,1.5,0,30,"0",100,"Ribbon 5 2 Crest 3 2019",100,"yes",30,0.728888888888889,1.40972284154688,0.149138936755287
"799",2019,"23/03/19","GBR","Northern Great Barrier Reef","Morgan","Ribbon 1","Ribbon 1 1","","Slope",1,8,2,0,25,"90",100,"Ribbon 1 1 Slope 1 2019",100,"yes",25,0.768,1.5825064374116,0.171332539690946
"800",2019,"23/03/19","GBR","Northern Great Barrier Reef","Morgan","Ribbon 1","Ribbon 1 1","","Slope",2,6,2,0,30,"90",100,"Ribbon 1 1 Slope 2 2019",100,"yes",30,0.722222222222222,1.47080847632211,0.162324837418108
"801",2019,"23/03/19","GBR","Northern Great Barrier Reef","Morgan","Ribbon 1","Ribbon 1 1","","Slope",3,8,2,0,29,"45",100,"Ribbon 1 1 Slope 3 2019",100,"yes",29,0.734839476813318,1.44516820503766,0.160039887862586
"802",2019,"23/03/19","GBR","Northern Great Barrier Reef","Morgan","Ribbon 1","Ribbon 1 1","","Crest",1,1,1,0,21,"0",100,"Ribbon 1 1 Crest 1 2019",100,"yes",21,0.71655328798186,1.36404950205938,0.134847954062766
"803",2019,"23/03/19","GBR","Northern Great Barrier Reef","Morgan","Ribbon 1","Ribbon 1 1","","Crest",2,1,1,0,28,"0",100,"Ribbon 1 1 Crest 2 2019",100,"yes",28,0.693877551020408,1.35227862122723,0.129641869704504
"804",2019,"23/03/19","GBR","Northern Great Barrier Reef","Morgan","Ribbon 1","Ribbon 1 1","","Crest",3,1,1,0,31,"0",100,"Ribbon 1 1 Crest 3 2019",100,"yes",31,0.595213319458897,1.1046087405887,0.100800482629565
"805",2019,"23/03/19","GBR","Northern Great Barrier Reef","Morgan","Ribbon 1","Ribbon 1 2","","Slope",1,9,3,0,22,"90",100,"Ribbon 1 2 Slope 1 2019",100,"yes",22,0.756198347107438,1.64050280006222,0.185300062466852
"806",2019,"23/03/19","GBR","Northern Great Barrier Reef","Morgan","Ribbon 1","Ribbon 1 2","","Slope",2,7,2,0,30,"10",100,"Ribbon 1 2 Slope 2 2019",100,"yes",30,0.76,1.74652818476723,0.167404482359811
"807",2019,"23/03/19","GBR","Northern Great Barrier Reef","Morgan","Ribbon 1","Ribbon 1 2","","Slope",3,7,2,0,13,"0",100,"Ribbon 1 2 Slope 3 2019",100,"yes",13,0.781065088757396,1.6313454208086,0.144844983252966
"808",2019,"23/03/19","GBR","Northern Great Barrier Reef","Morgan","Ribbon 1","Ribbon 1 2","","Crest",1,1,2.5,0,25,"0",100,"Ribbon 1 2 Crest 1 2019",100,"yes",25,0.4416,0.784167586763607,0.129617318277307
"809",2019,"23/03/19","GBR","Northern Great Barrier Reef","Morgan","Ribbon 1","Ribbon 1 2","","Crest",2,1,2.5,0,30,"0",100,"Ribbon 1 2 Crest 2 2019",100,"yes",30,0.604444444444444,1.12194166085044,0.0999946594321597
"810",2019,"23/03/19","GBR","Northern Great Barrier Reef","Morgan","Ribbon 1","Ribbon 1 2","","Crest",3,1,2,0,35,"0",100,"Ribbon 1 2 Crest 3 2019",100,"yes",35,0.622040816326531,1.28374187300564,0.12700850893332
"811",2019,"24/03/19","GBR","Northern Great Barrier Reef","Morgan","St Crispin","St Crispin 2","","Slope",1,8,3,0,26,"0",100,"St Crispin 2 Slope 1 2019",100,"yes",26,0.724852071005917,1.41702697806874,0.119867203855789
"812",2019,"24/03/19","GBR","Northern Great Barrier Reef","Morgan","St Crispin","St Crispin 2","","Slope",2,6,2,0,28,"0",100,"St Crispin 2 Slope 2 2019",100,"yes",28,0.716836734693878,1.37014296365897,0.165203543387205
"813",2019,"24/03/19","GBR","Northern Great Barrier Reef","Morgan","St Crispin","St Crispin 2","","Slope",3,7,2.5,0,21,"0",100,"St Crispin 2 Slope 3 2019",100,"yes",21,0.743764172335601,1.61584006307439,0.163512377342311
"814",2019,"24/03/19","GBR","Northern Great Barrier Reef","Morgan","St Crispin","St Crispin 2","","Crest",1,2,3,2,16,"0",100,"St Crispin 2 Crest 1 2019",100,"yes",16,0.5546875,1.04083983742324,0.136756598612379
"815",2019,"24/03/19","GBR","Northern Great Barrier Reef","Morgan","St Crispin","St Crispin 2","","Crest",2,1,2.5,0,20,"0",100,"St Crispin 2 Crest 2 2019",100,"yes",20,0.545,0.967260442912774,0.082170779789967
"816",2019,"24/03/19","GBR","Northern Great Barrier Reef","Morgan","St Crispin","St Crispin 2","","Crest",3,1,2,0,25,"0",100,"St Crispin 2 Crest 3 2019",100,"yes",25,0.736,1.42929907816468,0.130590973440291
"817",2019,"24/03/19","GBR","Northern Great Barrier Reef","Morgan","Tongue","Tongue 1","","Slope",1,8,2,0,23,"45",100,"Tongue 1 Slope 1 2019",100,"yes",23,0.608695652173913,1.13229150130764,0.151512965169953
"818",2019,"24/03/19","GBR","Northern Great Barrier Reef","Morgan","Tongue","Tongue 1","","Slope",2,8,3,0,16,"0",100,"Tongue 1 Slope 2 2019",100,"yes",16,0.7421875,1.46147212930402,0.172474078575759
"819",2019,"24/03/19","GBR","Northern Great Barrier Reef","Morgan","Tongue","Tongue 1","","Slope",3,9.5,2.5,0,30,"45",100,"Tongue 1 Slope 3 2019",100,"yes",30,0.737777777777778,1.50011012007905,0.150764751968556
"820",2019,"24/03/19","GBR","Northern Great Barrier Reef","Morgan","Tongue","Tongue 1","","Crest",1,5,2,0,19,"0",100,"Tongue 1 Crest 1 2019",100,"yes",19,0.481994459833795,0.897622184878044,0.109837143462973
"821",2019,"24/03/19","GBR","Northern Great Barrier Reef","Morgan","Tongue","Tongue 1","","Crest",2,4,3,0,25,"0",100,"Tongue 1 Crest 2 2019",100,"yes",25,0.5952,1.24040513178752,0.117816106727847
"822",2019,"24/03/19","GBR","Northern Great Barrier Reef","Morgan","Tongue","Tongue 1","","Crest",3,3,2,0,31,"0",100,"Tongue 1 Crest 3 2019",100,"yes",31,0.526534859521332,1.01713846656299,0.102616786571495
"823",2019,"24/03/19","GBR","Northern Great Barrier Reef","Morgan","Tongue","Tongue 2","","Slope",1,8,3,0,25,"90",100,"Tongue 2 Slope 1 2019",100,"yes",25,0.7328,1.53290246019358,0.159376610854857
"824",2019,"24/03/19","GBR","Northern Great Barrier Reef","Morgan","Tongue","Tongue 2","","Slope",2,9,3,0,22,"45",100,"Tongue 2 Slope 2 2019",100,"yes",22,0.764462809917355,1.72730018664787,0.176541806176705
"825",2019,"24/03/19","GBR","Northern Great Barrier Reef","Morgan","Tongue","Tongue 2","","Slope",3,8,2.5,0,31,"0",100,"Tongue 2 Slope 3 2019",100,"yes",31,0.77627471383975,1.63493219931571,0.15983731929537
"826",2019,"24/03/19","GBR","Northern Great Barrier Reef","Morgan","Tongue","Tongue 2","","Crest",1,2,3,0,21,"0",100,"Tongue 2 Crest 1 2019",100,"yes",21,0.657596371882086,1.24467253817178,0.112881046114856
"827",2019,"24/03/19","GBR","Northern Great Barrier Reef","Morgan","Tongue","Tongue 2","","Crest",2,1,3,0,25,"0",100,"Tongue 2 Crest 2 2019",100,"yes",25,0.5536,0.950002872442617,0.0985858314443226
"828",2019,"24/03/19","GBR","Northern Great Barrier Reef","Morgan","Tongue","Tongue 2","","Crest",3,2,3.5,1,11,"0",100,"Tongue 2 Crest 3 2019",100,"yes",11,0.644628099173554,1.16222554492109,0.108114311191607
"829",2019,"25/03/19","GBR","Central Great Barrier Reef","Morgan","18-023","18-023 1","","Slope",1,7,1.5,0,20,"0",100,"18-023 1 Slope 1 2019",100,"yes",20,0.65,1.37346859410268,0.128098009669411
"830",2019,"25/03/19","GBR","Central Great Barrier Reef","Morgan","18-023","18-023 1","","Slope",2,8,1,0,17,"0",100,"18-023 1 Slope 2 2019",100,"yes",17,0.823529411764706,1.89055701139157,0.159041598651018
"831",2019,"25/03/19","GBR","Central Great Barrier Reef","Morgan","18-023","18-023 1","","Slope",3,8,1.5,0,27,"0",100,"18-023 1 Slope 3 2019",100,"yes",27,0.801097393689986,1.79642160495138,0.136716539339932
"832",2019,"25/03/19","GBR","Central Great Barrier Reef","Morgan","18-023","18-023 1","","Crest",1,2,1,0,51,"0",100,"18-023 1 Crest 1 2019",100,"yes",51,0.778162245290273,1.68603611380154,0.134810596374737
"833",2019,"25/03/19","GBR","Central Great Barrier Reef","Morgan","18-023","18-023 1","","Crest",2,2,2,0,54,"0",100,"18-023 1 Crest 2 2019",100,"yes",54,0.710562414266118,1.48479573445342,0.129269727178264
"834",2019,"25/03/19","GBR","Central Great Barrier Reef","Morgan","18-023","18-023 1","","Crest",3,2,2,0,42,"0",100,"18-023 1 Crest 3 2019",100,"yes",42,0.73015873015873,1.53875162573233,0.108170292304414
"835",2019,"25/03/19","GBR","Central Great Barrier Reef","Morgan","18-023","18-023 2","","Slope",1,8,2.5,0,52,"0",100,"18-023 2 Slope 1 2019",100,"yes",52,0.818786982248521,1.80511800924197,0.154529203291219
"836",2019,"25/03/19","GBR","Central Great Barrier Reef","Morgan","18-023","18-023 2","","Slope",2,8,2.5,0,42,"0",100,"18-023 2 Slope 2 2019",100,"yes",42,0.856009070294785,2.03254436556873,0.167128648318184
"837",2019,"25/03/19","GBR","Central Great Barrier Reef","Morgan","18-023","18-023 2","","Slope",3,8,2,0,33,"0",100,"18-023 2 Slope 3 2019",100,"yes",33,0.808080808080808,1.83142039858157,0.166934041435727
"838",2019,"25/03/19","GBR","Central Great Barrier Reef","Morgan","18-023","18-023 2","","Crest",1,4,2,0,49,"0",100,"18-023 2 Crest 1 2019",100,"yes",49,0.786339025406081,1.74178579341908,0.119534376166899
"839",2019,"25/03/19","GBR","Central Great Barrier Reef","Morgan","18-023","18-023 2","","Crest",2,2,2.5,0,51,"0",100,"18-023 2 Crest 2 2019",100,"yes",51,0.785082660515186,1.73184255824011,0.121046163492824
"840",2019,"25/03/19","GBR","Central Great Barrier Reef","Morgan","18-023","18-023 2","","Crest",3,2,2,0,58,"0",100,"18-023 2 Crest 3 2019",100,"yes",58,0.78359096313912,1.71409759768451,0.129989049266319
"841",2019,"25/03/19","GBR","Central Great Barrier Reef","Morgan","Pith","Pith 1","","Slope",1,9,3,0,41,"0",100,"Pith 1 Slope 1 2019",100,"yes",41,0.800713860797145,1.87348287037818,0.135846851092125
"842",2019,"25/03/19","GBR","Central Great Barrier Reef","Morgan","Pith","Pith 1","","Slope",2,9,3,1,42,"0",100,"Pith 1 Slope 2 2019",100,"yes",42,0.791383219954649,1.71965525876169,0.159159399826059
"843",2019,"25/03/19","GBR","Central Great Barrier Reef","Morgan","Pith","Pith 1","","Slope",3,8.5,2.5,0,36,"0",100,"Pith 1 Slope 3 2019",100,"yes",36,0.782407407407407,1.6836981234283,0.13955709566341
"844",2019,"25/03/19","GBR","Central Great Barrier Reef","Morgan","Pith","Pith 1","","Crest",1,3,2,0,61,"0",100,"Pith 1 Crest 1 2019",100,"yes",61,0.772910507927976,1.62575958866169,0.122998600274807
"845",2019,"25/03/19","GBR","Central Great Barrier Reef","Morgan","Pith","Pith 1","","Crest",2,3,2,0,65,"0",100,"Pith 1 Crest 2 2019",100,"yes",65,0.789112426035503,1.67309534973124,0.129310383996891
"846",2019,"25/03/19","GBR","Central Great Barrier Reef","Morgan","Pith","Pith 1","","Crest",3,3,3,0,64,"0",100,"Pith 1 Crest 3 2019",100,"yes",64,0.787109375,1.6959313311974,0.139846276540732
"847",2019,"25/03/19","GBR","Central Great Barrier Reef","Morgan","Pith","Pith 2","","Slope",1,9,3.5,0,34,"0",100,"Pith 2 Slope 1 2019",100,"yes",34,0.761245674740484,1.59812551719009,0.128519946794115
"848",2019,"25/03/19","GBR","Central Great Barrier Reef","Morgan","Pith","Pith 2","","Slope",2,9,3.5,0,36,"0",100,"Pith 2 Slope 2 2019",100,"yes",36,0.805555555555556,1.77309713160039,0.143420128367865
"849",2019,"25/03/19","GBR","Central Great Barrier Reef","Morgan","Pith","Pith 2","","Slope",3,8,3,0,43,"0",100,"Pith 2 Slope 3 2019",100,"yes",43,0.769064359113034,1.619734227695,0.129231810521516
"850",2019,"25/03/19","GBR","Central Great Barrier Reef","Morgan","Pith","Pith 2","","Crest",1,2.5,2.5,0,58,"0",100,"Pith 2 Crest 1 2019",100,"yes",58,0.728299643281807,1.47887497393002,0.137428076837066
"851",2019,"25/03/19","GBR","Central Great Barrier Reef","Morgan","Pith","Pith 2","","Crest",2,2.5,2.5,0,48,"0",100,"Pith 2 Crest 2 2019",100,"yes",48,0.745659722222222,1.56122261280306,0.126559820622075
"852",2019,"25/03/19","GBR","Central Great Barrier Reef","Morgan","Pith","Pith 2","","Crest",3,2.5,2.5,2,45,"0",100,"Pith 2 Crest 3 2019",100,"yes",45,0.779259259259259,1.6887557168865,0.127635002110673
"853",2020,"17/02/20","GBR","Southern Great Barrier Reef","Ed","Hixon","Hixon 1","","Slope",1,8,1.5,0,11,"3",100,"Hixon 1 Slope 1 2020",100,"yes",11,0.528925619834711,0.907535294105009,0.116835831867658
"854",2020,"17/02/20","GBR","Southern Great Barrier Reef","Ed","Hixon","Hixon 1","","Slope",2,8.5,1.5,0,2,"3.5",100,"Hixon 1 Slope 2 2020",100,"yes",2,0.5,0.693147180559945,0.134615460762203
"855",2020,"17/02/20","GBR","Southern Great Barrier Reef","Ed","Hixon","Hixon 1","","Slope",3,8,1.5,0,5,"3",100,"Hixon 1 Slope 3 2020",100,"yes",5,0.56,0.950270539233235,0.144368068066179
"856",2020,"17/02/20","GBR","Southern Great Barrier Reef","Ed","Hixon","Hixon 1","","Crest",1,2,1.5,0,12,"1.5",100,"Hixon 1 Crest 1 2020",100,"yes",12,0.680555555555556,1.2366848691405,0.100949794322404
"857",2020,"17/02/20","GBR","Southern Great Barrier Reef","Ed","Hixon","Hixon 1","","Crest",2,3,2,2,4,"1.5",100,"Hixon 1 Crest 2 2020",100,"yes",4,0.625,1.03972077083992,0.109443718844775
"858",2020,"17/02/20","GBR","Southern Great Barrier Reef","Ed","Hixon","Hixon 1","","Crest",3,2.5,2,2,3,"1.5",100,"Hixon 1 Crest 3 2020",100,"yes",3,0.666666666666667,1.09861228866811,0.118312716773998
"859",2020,"17/02/20","GBR","Southern Great Barrier Reef","Ed","Hixon","Hixon 2","","Slope",1,6,2.5,1,11,"2",100,"Hixon 2 Slope 1 2020",100,"yes",11,0.710743801652893,1.2945451658449,0.13610700848589
"860",2020,"17/02/20","GBR","Southern Great Barrier Reef","Ed","Hixon","Hixon 2","","Slope",2,6,1.5,9,6,"2",100,"Hixon 2 Slope 2 2020",100,"yes",6,0.666666666666667,1.09861228866811,0.0964518043652612
"861",2020,"17/02/20","GBR","Southern Great Barrier Reef","Ed","Hixon","Hixon 2","","Slope",3,7.5,1.5,7,8,"2.5",100,"Hixon 2 Slope 3 2020",100,"yes",8,0.40625,0.735621939758795,0.101654209337925
"862",2020,"17/02/20","GBR","Southern Great Barrier Reef","Ed","Hixon","Hixon 2","","Crest",1,4,2,6,8,"0.5",100,"Hixon 2 Crest 1 2020",100,"yes",8,0.65625,1.2130075659799,0.10138476522267
"863",2020,"17/02/20","GBR","Southern Great Barrier Reef","Ed","Hixon","Hixon 2","","Crest",2,4,1.5,1,11,"1",100,"Hixon 2 Crest 2 2020",100,"yes",11,0.826446280991736,1.76776147228933,0.133420777000458
"864",2020,"17/02/20","GBR","Southern Great Barrier Reef","Ed","Hixon","Hixon 2","","Crest",3,3,2.5,2,5,"1.5",100,"Hixon 2 Crest 3 2020",100,"yes",5,0.72,1.33217904021012,0.111836331978914
"865",2020,"17/02/20","GBR","Southern Great Barrier Reef","Ed","Hixon","Hixon 3","","Slope",1,9,2,9,4,"3",100,"Hixon 3 Slope 1 2020",100,"yes",4,0.375,0.562335144618808,0.0966824094714956
"866",2020,"17/02/20","GBR","Southern Great Barrier Reef","Ed","Hixon","Hixon 3","","Slope",2,8.5,2,26,0,"4",100,"Hixon 3 Slope 2 2020",100,"yes",0,0,0,NA
"867",2020,"17/02/20","GBR","Southern Great Barrier Reef","Ed","Hixon","Hixon 3","","Slope",3,9.5,2.5,28,0,"3",100,"Hixon 3 Slope 3 2020",100,"yes",0,0,0,NA
"868",2020,"17/02/20","GBR","Southern Great Barrier Reef","Ed","Hixon","Hixon 3","","Crest",1,3,1,23,3,"1.5",100,"Hixon 3 Crest 1 2020",100,"yes",3,0.444444444444444,0.636514168294813,0.114059632271873
"869",2020,"17/02/20","GBR","Southern Great Barrier Reef","Ed","Hixon","Hixon 3","","Crest",2,3,1,15,6,"1.5",100,"Hixon 3 Crest 2 2020",100,"yes",6,0.5,0.867563228481461,0.0616840884177743
"870",2020,"17/02/20","GBR","Southern Great Barrier Reef","Ed","Hixon","Hixon 3","","Crest",3,3.5,1,18,6,"1.5",100,"Hixon 3 Crest 3 2020",100,"yes",6,0.277777777777778,0.450561208866305,0.0155252795901014
"871",2020,"18/02/20","Coral Sea","Southern Coral Sea","Ed","Saumarez","Saumarez 3","","Slope",1,9,4,5,25,"4",100,"Saumarez 3 Slope 1 2020",100,"yes",25,0.6368,1.3319113734195,0.139859386643443
"872",2020,"18/02/20","Coral Sea","Southern Coral Sea","Ed","Saumarez","Saumarez 3","","Slope",2,9,4,14,21,"4",100,"Saumarez 3 Slope 2 2020",100,"yes",21,0.820861678004535,1.75330755466351,0.135244508230292
"873",2020,"18/02/20","Coral Sea","Southern Coral Sea","Ed","Saumarez","Saumarez 3","","Slope",3,7.5,3.5,6,18,"4",100,"Saumarez 3 Slope 3 2020",100,"yes",18,0.740740740740741,1.45935941234753,0.16302537346219
"874",2020,"18/02/20","Coral Sea","Southern Coral Sea","Ed","Saumarez","Saumarez 3","","Crest",1,2,3.5,8,42,"4",100,"Saumarez 3 Crest 1 2020",100,"yes",42,0.817460317460317,1.84588628034948,0.106362984037913
"875",2020,"18/02/20","Coral Sea","Southern Coral Sea","Ed","Saumarez","Saumarez 3","","Crest",2,2,4.5,9,33,"5",100,"Saumarez 3 Crest 2 2020",100,"yes",33,0.611570247933884,1.15266240138659,0.0579684096933823
"876",2020,"18/02/20","Coral Sea","Southern Coral Sea","Ed","Saumarez","Saumarez 3","","Crest",3,2,3,9,35,"4",100,"Saumarez 3 Crest 3 2020",100,"yes",35,0.73469387755102,1.53216107472538,0.0939013870458476
"877",2020,"18/02/20","Coral Sea","Southern Coral Sea","Ed","Saumarez","Saumarez 7","","Slope",1,8.5,3,6,31,"4.5",100,"Saumarez 7 Slope 1 2020",100,"yes",31,0.809573361082206,1.72563367775843,0.140245938029707
"878",2020,"18/02/20","Coral Sea","Southern Coral Sea","Ed","Saumarez","Saumarez 7","","Slope",2,7,2.5,7,16,"4",100,"Saumarez 7 Slope 2 2020",100,"yes",16,0.7109375,1.40139264660812,0.16337978274495
"879",2020,"18/02/20","Coral Sea","Southern Coral Sea","Ed","Saumarez","Saumarez 7","","Slope",3,9,3.5,3,22,"4",100,"Saumarez 7 Slope 3 2020",100,"yes",22,0.747933884297521,1.56204405302991,0.125008092688178
"880",2020,"18/02/20","Coral Sea","Southern Coral Sea","Ed","Saumarez","Saumarez 7","","Crest",1,2.5,3,6,44,"4",100,"Saumarez 7 Crest 1 2020",100,"yes",44,0.777892561983471,1.65209932738904,0.159625238508411
"881",2020,"18/02/20","Coral Sea","Southern Coral Sea","Ed","Saumarez","Saumarez 7","","Crest",2,2,3.5,2,44,"4.5",100,"Saumarez 7 Crest 2 2020",100,"yes",44,0.800619834710744,1.88387637763229,0.14256782702828
"882",2020,"18/02/20","Coral Sea","Southern Coral Sea","Ed","Saumarez","Saumarez 7","","Crest",3,3,3,5,35,"4",100,"Saumarez 7 Crest 3 2020",100,"yes",35,0.726530612244898,1.39715545963778,0.128750480274286
"883",2020,"18/02/20","Coral Sea","Southern Coral Sea","Ed","Saumarez","Saumarez 5","","Slope",1,9,2,15,6,"4.5",100,"Saumarez 5 Slope 1 2020",100,"yes",6,0.611111111111111,1.01140426470735,0.110780314579123
"884",2020,"18/02/20","Coral Sea","Southern Coral Sea","Ed","Saumarez","Saumarez 5","","Slope",2,8,2.5,20,2,"4",100,"Saumarez 5 Slope 2 2020",100,"yes",2,0.5,0.693147180559945,0
"885",2020,"18/02/20","Coral Sea","Southern Coral Sea","Ed","Saumarez","Saumarez 5","","Slope",3,8,3,27,1,"5",100,"Saumarez 5 Slope 3 2020",100,"yes",1,0,0,0
"886",2020,"18/02/20","Coral Sea","Southern Coral Sea","Ed","Saumarez","Saumarez 5","","Crest",1,3,2.5,18,12,"5",100,"Saumarez 5 Crest 1 2020",100,"yes",12,0.736111111111111,1.46773392932715,0.143635960199621
"887",2020,"18/02/20","Coral Sea","Southern Coral Sea","Ed","Saumarez","Saumarez 5","","Crest",2,1.5,2.5,1,27,"1",100,"Saumarez 5 Crest 2 2020",100,"yes",27,0.60082304526749,1.08149236584137,0.130355962063301
"888",2020,"18/02/20","Coral Sea","Southern Coral Sea","Ed","Saumarez","Saumarez 5","","Crest",3,1,2,1,14,"0.5",100,"Saumarez 5 Crest 3 2020",100,"yes",14,0.73469387755102,1.47507631105469,0.107390174503589
"889",2020,"19/02/20","Coral Sea","Southern Coral Sea","Ed","Cato","Cato 3","","Slope",1,9,2,5,36,"5",100,"Cato 3 Slope 1 2020",100,"yes",36,0.70216049382716,1.3387390469716,0.129644266833447
"890",2020,"19/02/20","Coral Sea","Southern Coral Sea","Ed","Cato","Cato 3","","Slope",2,8,3.5,0,20,"4",100,"Cato 3 Slope 2 2020",100,"yes",20,0.72,1.4956157801725,0.104795961540948
"891",2020,"19/02/20","Coral Sea","Southern Coral Sea","Ed","Cato","Cato 3","","Slope",3,7.5,2.5,0,22,"4",100,"Cato 3 Slope 3 2020",100,"yes",22,0.479338842975207,0.878863245235423,0.102625142877305
"892",2020,"19/02/20","Coral Sea","Southern Coral Sea","Ed","Cato","Cato 3","","Crest",1,2,4,0,50,"4.5",100,"Cato 3 Crest 1 2020",100,"yes",50,0.632,1.16213917555168,0.0646853249779603
"893",2020,"19/02/20","Coral Sea","Southern Coral Sea","Ed","Cato","Cato 3","","Crest",2,2,4,2,60,"4",100,"Cato 3 Crest 2 2020",100,"yes",60,0.715555555555556,1.51715005965806,0.100043065941209
"894",2020,"19/02/20","Coral Sea","Southern Coral Sea","Ed","Cato","Cato 3","","Crest",3,2,4.5,3,49,"4",100,"Cato 3 Crest 3 2020",100,"yes",49,0.428987921699292,0.743737401180311,0.0383884594736901
"895",2020,"19/02/20","Coral Sea","Southern Coral Sea","Ed","Cato","Cato 1","","Slope",1,9,2.5,0,17,"3",100,"Cato 1 Slope 1 2020",100,"yes",17,0.726643598615917,1.43034983140969,0.090789230976942
"896",2020,"19/02/20","Coral Sea","Southern Coral Sea","Ed","Cato","Cato 1","","Slope",2,9,3.5,0,31,"3.5",100,"Cato 1 Slope 2 2020",100,"yes",31,0.784599375650364,1.68143073370142,0.140690954789916
"897",2020,"19/02/20","Coral Sea","Southern Coral Sea","Ed","Cato","Cato 1","","Slope",3,8,2.5,0,28,"3",100,"Cato 1 Slope 3 2020",100,"yes",28,0.780612244897959,1.65012600491056,0.12182570514221
"898",2020,"19/02/20","Coral Sea","Southern Coral Sea","Ed","Cato","Cato 1","","Crest",1,2,5,0,40,"4",100,"Cato 1 Crest 1 2020",100,"yes",40,0.73625,1.45316223629536,0.0959661567229167
"899",2020,"19/02/20","Coral Sea","Southern Coral Sea","Ed","Cato","Cato 1","","Crest",2,2,5,0,58,"2",100,"Cato 1 Crest 2 2020",100,"yes",58,0.781807372175981,1.65899048404793,0.103333114406266
"900",2020,"19/02/20","Coral Sea","Southern Coral Sea","Ed","Cato","Cato 1","","Crest",3,2,5,0,33,"5",100,"Cato 1 Crest 3 2020",100,"yes",33,0.664830119375574,1.20003922440703,0.105294218229583
"901",2020,"19/02/20","Coral Sea","Southern Coral Sea","Ed","Cato","Cato 2","","Slope",1,9.5,2.5,0,52,"4.5",100,"Cato 2 Slope 1 2020",100,"yes",52,0.588757396449704,1.13018352910896,0.114028910493992
"902",2020,"19/02/20","Coral Sea","Southern Coral Sea","Ed","Cato","Cato 2","","Slope",2,8.5,2.5,0,58,"3",100,"Cato 2 Slope 2 2020",100,"yes",58,0.669441141498216,1.29543257905375,0.133863000689184
"903",2020,"19/02/20","Coral Sea","Southern Coral Sea","Ed","Cato","Cato 2","","Slope",3,9,3,0,41,"4",100,"Cato 2 Slope 3 2020",100,"yes",41,0.635336109458656,1.20308734294973,0.11920591339328
"904",2020,"19/02/20","Coral Sea","Southern Coral Sea","Ed","Cato","Cato 2","","Crest",1,2,3.5,0,48,"3",100,"Cato 2 Crest 1 2020",100,"yes",48,0.761284722222222,1.7035845227723,0.104317659668033
"905",2020,"19/02/20","Coral Sea","Southern Coral Sea","Ed","Cato","Cato 2","","Crest",2,2,4,0,59,"3",100,"Cato 2 Crest 2 2020",100,"yes",59,0.734846308532031,1.46105125318517,0.0940433208345707
"906",2020,"19/02/20","Coral Sea","Southern Coral Sea","Ed","Cato","Cato 2","","Crest",3,2.5,4,0,57,"4",100,"Cato 2 Crest 3 2020",100,"yes",57,0.739919975377039,1.55853884160442,0.0901414569653445
"907",2020,"20/02/20","Coral Sea","Southern Coral Sea","Ed","Wreck","Wreck 3","","Slope",1,7.5,2.5,2,24,"3.5",100,"Wreck 3 Slope 1 2020",100,"yes",24,0.756944444444444,1.55669692838313,0.127953938496256
"908",2020,"20/02/20","Coral Sea","Southern Coral Sea","Ed","Wreck","Wreck 3","","Slope",2,8,4,1,23,"2",100,"Wreck 3 Slope 2 2020",100,"yes",23,0.782608695652174,1.6311795841744,0.100230880087686
"909",2020,"20/02/20","Coral Sea","Southern Coral Sea","Ed","Wreck","Wreck 3","","Slope",3,9.5,4.5,0,28,"2.5",100,"Wreck 3 Slope 3 2020",100,"yes",28,0.645408163265306,1.28078538802715,0.0657651014661542
"910",2020,"20/02/20","Coral Sea","Southern Coral Sea","Ed","Wreck","Wreck 3","","Crest",1,2.5,4.5,0,37,"4",100,"Wreck 3 Crest 1 2020",100,"yes",37,0.73046018991965,1.5233781571544,0.092525776550685
"911",2020,"20/02/20","Coral Sea","Southern Coral Sea","Ed","Wreck","Wreck 3","","Crest",2,3.5,4.5,2,45,"5",100,"Wreck 3 Crest 2 2020",100,"yes",45,0.702222222222222,1.438831528704,0.093409367826718
"912",2020,"20/02/20","Coral Sea","Southern Coral Sea","Ed","Wreck","Wreck 3","","Crest",3,3,3,1,41,"3",100,"Wreck 3 Crest 3 2020",100,"yes",41,0.636525877453896,1.21125827889622,0.0686983531080608
"913",2020,"20/02/20","Coral Sea","Southern Coral Sea","Ed","Wreck","Wreck 2","","Slope",1,6.5,3,0,47,"5",100,"Wreck 2 Slope 1 2020",100,"yes",47,0.615663196016297,1.18066062727412,0.0762478446759588
"914",2020,"20/02/20","Coral Sea","Southern Coral Sea","Ed","Wreck","Wreck 2","","Slope",2,5,3,1,32,"5",100,"Wreck 2 Slope 2 2020",100,"yes",32,0.6484375,1.27016683740914,0.107409794022918
"915",2020,"20/02/20","Coral Sea","Southern Coral Sea","Ed","Wreck","Wreck 2","","Slope",3,5.5,2,1,27,"4",100,"Wreck 2 Slope 3 2020",100,"yes",27,0.54320987654321,1.01110455539086,0.0644598222561193
"916",2020,"20/02/20","Coral Sea","Southern Coral Sea","Ed","Wreck","Wreck 2","","Crest",1,1.5,3.5,0,2,"1",100,"Wreck 2 Crest 1 2020",100,"yes",2,0.5,0.693147180559945,0.101180002343431
"917",2020,"20/02/20","Coral Sea","Southern Coral Sea","Ed","Wreck","Wreck 2","","Crest",2,1.5,3,2,27,"1",100,"Wreck 2 Crest 2 2020",100,"yes",27,0.628257887517147,1.23659929621533,0.0562887495525803
"918",2020,"20/02/20","Coral Sea","Southern Coral Sea","Ed","Wreck","Wreck 2","","Crest",3,1.5,2,12,16,"1",100,"Wreck 2 Crest 3 2020",100,"yes",16,0.6953125,1.28204624005285,0.076614684094305
"919",2020,"20/02/20","Coral Sea","Southern Coral Sea","Ed","Wreck","Wreck 1","","Slope",1,8,4,3,23,"3",100,"Wreck 1 Slope 1 2020",100,"yes",23,0.725897920604915,1.45841736490459,0.149486566123947
"920",2020,"20/02/20","Coral Sea","Southern Coral Sea","Ed","Wreck","Wreck 1","","Slope",2,8,4,2,32,"4.5",100,"Wreck 1 Slope 2 2020",100,"yes",32,0.697265625,1.51625945747488,0.135212572690888
"921",2020,"20/02/20","Coral Sea","Southern Coral Sea","Ed","Wreck","Wreck 1","","Slope",3,10,3.5,1,33,"4.5",100,"Wreck 1 Slope 3 2020",100,"yes",33,0.730945821854913,1.49398518582251,0.149886730939266
"922",2020,"20/02/20","Coral Sea","Southern Coral Sea","Ed","Wreck","Wreck 1","","Crest",1,3,3.5,1,51,"3",100,"Wreck 1 Crest 1 2020",100,"yes",51,0.711264898116109,1.53408491986302,0.119095895126315
"923",2020,"20/02/20","Coral Sea","Southern Coral Sea","Ed","Wreck","Wreck 1","","Crest",2,2.5,4,0,40,"3",100,"Wreck 1 Crest 2 2020",100,"yes",40,0.6825,1.40915342664649,0.137020504405779
"924",2020,"20/02/20","Coral Sea","Southern Coral Sea","Ed","Wreck","Wreck 1","","Crest",3,3,4.5,1,44,"3.5",100,"Wreck 1 Crest 3 2020",100,"yes",44,0.610537190082645,1.19952928793532,0.128986367003808
"925",2020,"20/02/20","Coral Sea","Southern Coral Sea","Ed","Wreck","Wreck 4","","Slope",1,9,4,6,21,"4",100,"Wreck 4 Slope 1 2020",100,"yes",21,0.648526077097506,1.27325451938093,0.113011100072907
"926",2020,"20/02/20","Coral Sea","Southern Coral Sea","Ed","Wreck","Wreck 4","","Slope",2,9.5,4,4,28,"4.5",100,"Wreck 4 Slope 2 2020",100,"yes",28,0.727040816326531,1.50864844244694,0.141974492272384
"927",2020,"20/02/20","Coral Sea","Southern Coral Sea","Ed","Wreck","Wreck 4","","Slope",3,10,4,13,27,"4",100,"Wreck 4 Slope 3 2020",100,"yes",27,0.573388203017833,1.09698186747309,0.0848823410246277
"928",2020,"20/02/20","Coral Sea","Southern Coral Sea","Ed","Wreck","Wreck 4","","Crest",1,2.5,3,4,34,"1.5",100,"Wreck 4 Crest 1 2020",100,"yes",34,0.679930795847751,1.28520857357616,0.133969020474725
"929",2020,"20/02/20","Coral Sea","Southern Coral Sea","Ed","Wreck","Wreck 4","","Crest",2,2,2.5,4,19,"1.5",100,"Wreck 4 Crest 2 2020",100,"yes",19,0.349030470914127,0.633039511664468,0.0801997443124621
"930",2020,"20/02/20","Coral Sea","Southern Coral Sea","Ed","Wreck","Wreck 4","","Crest",3,2,2.5,4,25,"2",100,"Wreck 4 Crest 3 2020",100,"yes",25,0.6208,1.02096076986012,0.0985344526649055
"931",2020,"21/02/20","Coral Sea","Southern Coral Sea","Ed","Kenn","Kenn 1","","Slope",1,8,5,0,18,"5",100,"Kenn 1 Slope 1 2020",100,"yes",18,0.740740740740741,1.62904076224712,0.115960997799526
"932",2020,"21/02/20","Coral Sea","Southern Coral Sea","Ed","Kenn","Kenn 1","","Slope",2,7,4.5,0,28,"4",100,"Kenn 1 Slope 2 2020",100,"yes",28,0.693877551020408,1.40730506388997,0.108022318704395
"933",2020,"21/02/20","Coral Sea","Southern Coral Sea","Ed","Kenn","Kenn 1","","Slope",3,6.5,5,0,20,"4",100,"Kenn 1 Slope 3 2020",100,"yes",20,0.765,1.57410300173719,0.089483896367269
"934",2020,"21/02/20","Coral Sea","Southern Coral Sea","Ed","Kenn","Kenn 1","","Crest",1,2,3.5,0,49,"1",100,"Kenn 1 Crest 1 2020",100,"yes",49,0.622240733027905,1.36565096822879,0.0786123184133043
"935",2020,"21/02/20","Coral Sea","Southern Coral Sea","Ed","Kenn","Kenn 1","","Crest",2,2,3.5,0,50,"1",100,"Kenn 1 Crest 2 2020",100,"yes",50,0.7984,1.79049963281907,0.12075898094062
"936",2020,"21/02/20","Coral Sea","Southern Coral Sea","Ed","Kenn","Kenn 1","","Crest",3,2,3.5,0,34,"1",100,"Kenn 1 Crest 3 2020",100,"yes",34,0.728373702422145,1.49906945237587,0.10068310043608
"937",2020,"21/02/20","Coral Sea","Southern Coral Sea","Ed","Kenn","Kenn 2","","Slope",1,8.5,3.5,0,18,"5",100,"Kenn 2 Slope 1 2020",100,"yes",18,0.771604938271605,1.54183273828636,0.116678550046728
"938",2020,"21/02/20","Coral Sea","Southern Coral Sea","Ed","Kenn","Kenn 2","","Slope",2,7.5,3.5,0,19,"5",100,"Kenn 2 Slope 2 2020",100,"yes",19,0.692520775623269,1.26418248896125,0.0807003355483064
"939",2020,"21/02/20","Coral Sea","Southern Coral Sea","Ed","Kenn","Kenn 2","","Slope",3,7,4,0,30,"5",100,"Kenn 2 Slope 3 2020",100,"yes",30,0.671111111111111,1.32719430989386,0.0958900234430824
"940",2020,"21/02/20","Coral Sea","Southern Coral Sea","Ed","Kenn","Kenn 2","","Crest",1,2,5,0,36,"2",100,"Kenn 2 Crest 1 2020",100,"yes",36,0.421296296296297,0.928539240841512,0.0549329739670563
"941",2020,"21/02/20","Coral Sea","Southern Coral Sea","Ed","Kenn","Kenn 2","","Crest",2,2,4.5,0,44,"1.5",100,"Kenn 2 Crest 2 2020",100,"yes",44,0.716942148760331,1.47704019582552,0.0999369113356282
"942",2020,"21/02/20","Coral Sea","Southern Coral Sea","Ed","Kenn","Kenn 2","","Crest",3,2.5,4.5,0,23,"1",100,"Kenn 2 Crest 3 2020",100,"yes",23,0.699432892249527,1.34885574825137,0.115238219911792
"943",2020,"21/02/20","Coral Sea","Southern Coral Sea","Ed","Kenn","Kenn 4","","Slope",1,7,2.5,0,21,"5",100,"Kenn 4 Slope 1 2020",100,"yes",21,0.671201814058957,1.40857881420387,0.127269959580301
"944",2020,"21/02/20","Coral Sea","Southern Coral Sea","Ed","Kenn","Kenn 4","","Slope",2,6,2.5,1,22,"5",100,"Kenn 4 Slope 2 2020",100,"yes",22,0.706611570247934,1.39049505858996,0.168576454473533
"945",2020,"21/02/20","Coral Sea","Southern Coral Sea","Ed","Kenn","Kenn 4","","Slope",3,7,3,1,32,"5",100,"Kenn 4 Slope 3 2020",100,"yes",32,0.6640625,1.38951324396442,0.140289464573625
"946",2020,"21/02/20","Coral Sea","Southern Coral Sea","Ed","Kenn","Kenn 4","","Crest",1,4.5,2.5,0,32,"2.5",100,"Kenn 4 Crest 1 2020",100,"yes",32,0.458984375,0.952169242390671,0.101528418592507
"947",2020,"21/02/20","Coral Sea","Southern Coral Sea","Ed","Kenn","Kenn 4","","Crest",2,1.5,4,0,34,"4.5",100,"Kenn 4 Crest 2 2020",100,"yes",34,0.437716262975778,0.914899883780151,0.0659486062321641
"948",2020,"21/02/20","Coral Sea","Southern Coral Sea","Ed","Kenn","Kenn 4","","Crest",3,1.5,4.5,0,35,"0",100,"Kenn 4 Crest 3 2020",100,"yes",35,0.421224489795918,0.818180493560338,0.0539159733149024
"949",2020,"22/02/20","Coral Sea","Southern Coral Sea","Ed","Frederick","Frederick 1","","Slope",1,8.5,3.5,4,17,"4.5",100,"Frederick 1 Slope 1 2020",100,"yes",17,0.71280276816609,1.49768640748664,0.147475783726449
"950",2020,"22/02/20","Coral Sea","Southern Coral Sea","Ed","Frederick","Frederick 1","","Slope",2,9.5,4,6,17,"4",100,"Frederick 1 Slope 2 2020",100,"yes",17,0.698961937716263,1.38536037778756,0.108599616348579
"951",2020,"22/02/20","Coral Sea","Southern Coral Sea","Ed","Frederick","Frederick 1","","Slope",3,8.5,4,3,45,"3",100,"Frederick 1 Slope 3 2020",100,"yes",45,0.520493827160494,1.04822905213903,0.102619025761354
"952",2020,"22/02/20","Coral Sea","Southern Coral Sea","Ed","Frederick","Frederick 1","","Crest",1,2.5,2.5,3,23,"3",100,"Frederick 1 Crest 1 2020",100,"yes",23,0.725897920604915,1.45841736490459,0.135020619841343
"953",2020,"22/02/20","Coral Sea","Southern Coral Sea","Ed","Frederick","Frederick 1","","Crest",2,1.5,2,1,18,"1",100,"Frederick 1 Crest 2 2020",100,"yes",18,0.734567901234568,1.43574704357056,0.127998060687083
"954",2020,"22/02/20","Coral Sea","Southern Coral Sea","Ed","Frederick","Frederick 1","","Crest",3,1.5,3.5,5,18,"1",100,"Frederick 1 Crest 3 2020",100,"yes",18,0.771604938271605,1.51910943036232,0.123086506329286
"955",2020,"22/02/20","Coral Sea","Southern Coral Sea","Ed","Frederick","Frederick 2","","Slope",1,9,4,3,18,"4.5",100,"Frederick 2 Slope 1 2020",100,"yes",18,0.78395061728395,1.64791843300216,0.125712769251715
"956",2020,"22/02/20","Coral Sea","Southern Coral Sea","Ed","Frederick","Frederick 2","","Slope",2,9,3.5,5,30,"4.5",100,"Frederick 2 Slope 2 2020",100,"yes",30,0.655555555555556,1.3133334553418,0.0818327279864032
"957",2020,"22/02/20","Coral Sea","Southern Coral Sea","Ed","Frederick","Frederick 2","","Slope",3,9,3.5,0,48,"4",100,"Frederick 2 Slope 3 2020",100,"yes",48,0.7578125,1.6581653746591,0.0994365319361172
"958",2020,"22/02/20","Coral Sea","Southern Coral Sea","Ed","Frederick","Frederick 2","","Crest",1,2,4,0,47,"5",100,"Frederick 2 Crest 1 2020",100,"yes",47,0.696242643730195,1.39240164734021,0.102460295800051
"959",2020,"22/02/20","Coral Sea","Southern Coral Sea","Ed","Frederick","Frederick 2","","Crest",2,3,3,0,45,"2",100,"Frederick 2 Crest 2 2020",100,"yes",45,0.697283950617284,1.43218795366521,0.0944139455520766
"960",2020,"22/02/20","Coral Sea","Southern Coral Sea","Ed","Frederick","Frederick 2","","Crest",3,3,2.5,0,37,"3",100,"Frederick 2 Crest 3 2020",100,"yes",37,0.547845142439737,1.0524320508973,0.079198372956925
"961",2020,"22/02/20","Coral Sea","Southern Coral Sea","Ed","Frederick","Frederick 4","","Slope",1,7,3,3,30,"3",100,"Frederick 4 Slope 1 2020",100,"yes",30,0.653333333333333,1.33979428028558,0.0823459178934993
"962",2020,"22/02/20","Coral Sea","Southern Coral Sea","Ed","Frederick","Frederick 4","","Slope",2,5,3,13,16,"4.5",100,"Frederick 4 Slope 2 2020",100,"yes",16,0.796875,1.74977898918417,0.139943818143917
"963",2020,"22/02/20","Coral Sea","Southern Coral Sea","Ed","Frederick","Frederick 4","","Slope",3,6.5,4,7,20,"3",100,"Frederick 4 Slope 3 2020",100,"yes",20,0.775,1.63504537105213,0.0975243200042542
"964",2020,"22/02/20","Coral Sea","Southern Coral Sea","Ed","Frederick","Frederick 4","","Crest",1,1.5,3,4,47,"2",100,"Frederick 4 Crest 1 2020",100,"yes",47,0.731552738795835,1.5335464660289,0.117935803182052
"965",2020,"22/02/20","Coral Sea","Southern Coral Sea","Ed","Frederick","Frederick 4","","Crest",2,1.5,3,3,21,"4.5",100,"Frederick 4 Crest 2 2020",100,"yes",21,0.770975056689342,1.53364518523102,0.132272232991216
"966",2020,"22/02/20","Coral Sea","Southern Coral Sea","Ed","Frederick","Frederick 4","","Crest",3,1,3,0,25,"4",100,"Frederick 4 Crest 3 2020",100,"yes",25,0.7744,1.6436920943377,0.144847682911615
"967",2020,"23/02/20","Coral Sea","Central Coral Sea","Ed","Marion","Marion 8","","Slope",1,8,3,12,56,"3",100,"Marion 8 Slope 1 2020",100,"yes",56,0.542091836734694,1.06644256770234,0.0904451733799764
"968",2020,"23/02/20","Coral Sea","Central Coral Sea","Ed","Marion","Marion 8","","Slope",2,9,2.5,12,36,"5",100,"Marion 8 Slope 2 2020",100,"yes",36,0.484567901234568,1.01105374961741,0.0992040063464081
"969",2020,"23/02/20","Coral Sea","Central Coral Sea","Ed","Marion","Marion 8","","Slope",3,9.5,3,18,46,"4",100,"Marion 8 Slope 3 2020",100,"yes",46,0.546313799621928,1.20332734522037,0.112416728235221
"970",2020,"23/02/20","Coral Sea","Central Coral Sea","Ed","Marion","Marion 8","","Crest",1,4,2.5,0,27,"2",100,"Marion 8 Crest 1 2020",100,"yes",27,0.691358024691358,1.27618480193758,0.134634378172424
"971",2020,"23/02/20","Coral Sea","Central Coral Sea","Ed","Marion","Marion 8","","Crest",2,4,1.5,0,31,"2",100,"Marion 8 Crest 2 2020",100,"yes",31,0.761706555671176,1.61488466223365,0.145965866015288
"972",2020,"23/02/20","Coral Sea","Central Coral Sea","Ed","Marion","Marion 8","","Crest",3,3.5,1.5,0,26,"1.5",100,"Marion 8 Crest 3 2020",100,"yes",26,0.718934911242604,1.50642744230422,0.147569620395848
"973",2020,"23/02/20","Coral Sea","Central Coral Sea","Ed","Marion","Marion 7","","Slope",1,9.5,2,0,17,"4",100,"Marion 7 Slope 1 2020",100,"yes",17,0.698961937716263,1.25409946524978,0.124419991230678
"974",2020,"23/02/20","Coral Sea","Central Coral Sea","Ed","Marion","Marion 7","","Slope",2,8.5,1.5,0,21,"3",100,"Marion 7 Slope 2 2020",100,"yes",21,0.557823129251701,0.975939064349937,0.0894606771813645
"975",2020,"23/02/20","Coral Sea","Central Coral Sea","Ed","Marion","Marion 7","","Slope",3,6.5,2.5,0,27,"4",100,"Marion 7 Slope 3 2020",100,"yes",27,0.685871056241427,1.21076591797404,0.117573792090963
"976",2020,"23/02/20","Coral Sea","Central Coral Sea","Ed","Marion","Marion 7","","Crest",1,2,4,0,21,"5",100,"Marion 7 Crest 1 2020",100,"yes",21,0.684807256235828,1.22051801205693,0.109158046940342
"977",2020,"23/02/20","Coral Sea","Central Coral Sea","Ed","Marion","Marion 7","","Crest",2,3,4.5,0,21,"5",100,"Marion 7 Crest 2 2020",100,"yes",21,0.748299319727891,1.46295376299774,0.147164689889307
"978",2020,"23/02/20","Coral Sea","Central Coral Sea","Ed","Marion","Marion 7","","Crest",3,3.5,4,1,21,"5",100,"Marion 7 Crest 3 2020",100,"yes",21,0.757369614512472,1.49745868105828,0.128242202384136
"979",2020,"24/02/20","Coral Sea","Central Coral Sea","Ed","Marion","Marion 6","","Slope",1,9.5,2.5,15,12,"2.5",100,"Marion 6 Slope 1 2020",100,"yes",12,0.625,1.02818385933293,0.110217234827303
"980",2020,"24/02/20","Coral Sea","Central Coral Sea","Ed","Marion","Marion 6","","Slope",2,9,2.5,14,16,"2.5",100,"Marion 6 Slope 2 2020",100,"yes",16,0.78125,1.63043258262889,0.116080167537144
"981",2020,"24/02/20","Coral Sea","Central Coral Sea","Ed","Marion","Marion 6","","Slope",3,10,2,7,20,"2.5",100,"Marion 6 Slope 3 2020",100,"yes",20,0.455,0.647446639034633,0.0741737651756396
"982",2020,"24/02/20","Coral Sea","Central Coral Sea","Ed","Marion","Marion 6","","Crest",1,4,4,0,19,"0.5",100,"Marion 6 Crest 1 2020",100,"yes",19,0.742382271468144,1.58874307285721,0.121989445508519
"983",2020,"24/02/20","Coral Sea","Central Coral Sea","Ed","Marion","Marion 6","","Crest",2,3.5,4.5,0,24,"0.5",100,"Marion 6 Crest 2 2020",100,"yes",24,0.763888888888889,1.65330368036301,0.10855522928875
"984",2020,"24/02/20","Coral Sea","Central Coral Sea","Ed","Marion","Marion 6","","Crest",3,4,5,0,22,"0.5",100,"Marion 6 Crest 3 2020",100,"yes",22,0.690082644628099,1.22706699007676,0.108556652948666
"985",2020,"27/02/20","Coral Sea","Central Coral Sea","Ed","Flinders","Flinders 5","","Slope",1,9.5,4.5,18,40,"4.5",100,"Flinders 5 Slope 1 2020",100,"yes",40,0.8025,1.74671224520825,0.146498080140087
"986",2020,"27/02/20","Coral Sea","Central Coral Sea","Ed","Flinders","Flinders 5","","Slope",2,8.5,4,14,51,"4.5",100,"Flinders 5 Slope 2 2020",100,"yes",51,0.767397154940407,1.64908329067943,0.12122215587353
"987",2020,"27/02/20","Coral Sea","Central Coral Sea","Ed","Flinders","Flinders 5","","Slope",3,9,4.5,13,50,"4.5",100,"Flinders 5 Slope 3 2020",100,"yes",50,0.7984,1.72424176644968,0.135620439005654
"988",2020,"27/02/20","Coral Sea","Central Coral Sea","Ed","Flinders","Flinders 5","","Crest",1,2.5,2,0,44,"2.5",100,"Flinders 5 Crest 1 2020",100,"yes",44,0.800619834710744,1.80156307341995,0.123281479618696
"989",2020,"27/02/20","Coral Sea","Central Coral Sea","Ed","Flinders","Flinders 5","","Crest",2,2,2,0,37,"1",100,"Flinders 5 Crest 2 2020",100,"yes",37,0.766983199415632,1.56597420317906,0.127687787804399
"990",2020,"27/02/20","Coral Sea","Central Coral Sea","Ed","Flinders","Flinders 5","","Crest",3,2,3,0,24,"2",100,"Flinders 5 Crest 3 2020",100,"yes",24,0.75,1.48840668253581,0.153818863913486
"991",2020,"27/02/20","Coral Sea","Central Coral Sea","Ed","Flinders","Flinders 6","","Slope",1,7,1.5,2,6,"2",100,"Flinders 6 Slope 1 2020",100,"yes",6,0.611111111111111,1.01140426470735,0.133868497681528
"992",2020,"27/02/20","Coral Sea","Central Coral Sea","Ed","Flinders","Flinders 6","","Slope",2,5,2,0,11,"3",100,"Flinders 6 Slope 2 2020",100,"yes",11,0.694214876033058,1.2636544318821,0.153967897294686
"993",2020,"27/02/20","Coral Sea","Central Coral Sea","Ed","Flinders","Flinders 6","","Slope",3,5,1.5,0,13,"3",100,"Flinders 6 Slope 3 2020",100,"yes",13,0.757396449704142,1.5857708352081,0.180831323988511
"994",2020,"27/02/20","Coral Sea","Central Coral Sea","Ed","Flinders","Flinders 6","","Crest",1,2,2,0,7,"1",100,"Flinders 6 Crest 1 2020",100,"yes",7,0.448979591836735,0.796311640173813,0.0663392914645844
"995",2020,"27/02/20","Coral Sea","Central Coral Sea","Ed","Flinders","Flinders 6","","Crest",2,2,2,0,10,"1",100,"Flinders 6 Crest 2 2020",100,"yes",10,0.66,1.19354960409813,0.124188185330175
"996",2020,"27/02/20","Coral Sea","Central Coral Sea","Ed","Flinders","Flinders 6","","Crest",3,3,3.5,0,12,"1.5",100,"Flinders 6 Crest 3 2020",100,"yes",12,0.708333333333333,1.28605733687438,0.130346866449923
"997",2020,"27/02/20","Coral Sea","Central Coral Sea","Ed","Flinders","Flinders 1","","Slope",1,8.5,3,12,24,"4",100,"Flinders 1 Slope 1 2020",100,"yes",24,0.784722222222222,1.61157496555304,0.13220365426002
"998",2020,"27/02/20","Coral Sea","Central Coral Sea","Ed","Flinders","Flinders 1","","Slope",2,9,3.5,16,35,"4.5",100,"Flinders 1 Slope 2 2020",100,"yes",35,0.773877551020408,1.62048341961974,0.149516807847439
"999",2020,"27/02/20","Coral Sea","Central Coral Sea","Ed","Flinders","Flinders 1","","Slope",3,8,3.5,19,28,"4.5",100,"Flinders 1 Slope 3 2020",100,"yes",28,0.806122448979592,1.75857149266139,0.150233964811669
"1000",2020,"27/02/20","Coral Sea","Central Coral Sea","Ed","Flinders","Flinders 1","","Crest",1,1.5,3.5,4,20,"1",100,"Flinders 1 Crest 1 2020",100,"yes",20,0.79,1.58417075851253,0.142042425712703
"1001",2020,"27/02/20","Coral Sea","Central Coral Sea","Ed","Flinders","Flinders 1","","Crest",2,1.5,3,3,15,"1.5",100,"Flinders 1 Crest 2 2020",100,"yes",15,0.622222222222222,1.136916591833,0.0950530836513719
"1002",2020,"27/02/20","Coral Sea","Central Coral Sea","Ed","Flinders","Flinders 1","","Crest",3,1.5,3.5,3,29,"2",100,"Flinders 1 Crest 3 2020",100,"yes",29,0.463733650416171,0.83157112259106,0.0782809081008229
"1003",2020,"28/02/20","Coral Sea","Central Coral Sea","Ed","Flinders","Flinders 2","","Slope",1,8,3.5,11,26,"4",100,"Flinders 2 Slope 1 2020",100,"yes",26,0.656804733727811,1.27164100273258,0.143918476048354
"1004",2020,"28/02/20","Coral Sea","Central Coral Sea","Ed","Flinders","Flinders 2","","Slope",2,7.5,2,10,21,"3",100,"Flinders 2 Slope 2 2020",100,"yes",21,0.743764172335601,1.56600690652538,0.130088754403529
"1005",2020,"28/02/20","Coral Sea","Central Coral Sea","Ed","Flinders","Flinders 2","","Slope",3,5.5,2.5,7,10,"3",100,"Flinders 2 Slope 3 2020",100,"yes",10,0.72,1.41848366194566,0.163612078914593
"1006",2020,"28/02/20","Coral Sea","Central Coral Sea","Ed","Flinders","Flinders 2","","Crest",1,3,2.5,1,30,"3",100,"Flinders 2 Crest 1 2020",100,"yes",30,0.688888888888889,1.33749071212297,0.144955945465964
"1007",2020,"28/02/20","Coral Sea","Central Coral Sea","Ed","Flinders","Flinders 2","","Crest",2,2,3,5,32,"1.5",100,"Flinders 2 Crest 2 2020",100,"yes",32,0.763671875,1.56014068955154,0.15546688354428
"1008",2020,"28/02/20","Coral Sea","Central Coral Sea","Ed","Flinders","Flinders 2","","Crest",3,2,1.5,0,17,"0.5",100,"Flinders 2 Crest 3 2020",100,"yes",17,0.581314878892734,0.956044380967146,0.101566975098021
"1009",2020,"28/02/20","Coral Sea","Central Coral Sea","Ed","Flinders","Flinders 7","","Slope",1,9.5,2,30,15,"5",100,"Flinders 7 Slope 1 2020",100,"yes",15,0.551111111111111,0.882310924515076,0.10956305996307
"1010",2020,"28/02/20","Coral Sea","Central Coral Sea","Ed","Flinders","Flinders 7","","Slope",2,9,2,22,11,"5",100,"Flinders 7 Slope 2 2020",100,"yes",11,0.661157024793388,1.09005965871078,0.107614247818505
"1011",2020,"28/02/20","Coral Sea","Central Coral Sea","Ed","Flinders","Flinders 7","","Slope",3,8.5,2.5,31,7,"4.5",100,"Flinders 7 Slope 3 2020",100,"yes",7,0.693877551020408,1.27703425946614,0.115259812657975
"1012",2020,"28/02/20","Coral Sea","Central Coral Sea","Ed","Flinders","Flinders 7","","Crest",1,2.5,3,0,11,"1",100,"Flinders 7 Crest 1 2020",100,"yes",11,0.710743801652893,1.2945451658449,0.117467512311677
"1013",2020,"28/02/20","Coral Sea","Central Coral Sea","Ed","Flinders","Flinders 7","","Crest",2,1.5,4,0,26,"0.5",100,"Flinders 7 Crest 2 2020",100,"yes",26,0.544378698224852,1.17220990582149,0.114284427417105
"1014",2020,"28/02/20","Coral Sea","Central Coral Sea","Ed","Flinders","Flinders 7","","Crest",3,1,4,0,18,"1",100,"Flinders 7 Crest 3 2020",100,"yes",18,0.679012345679012,1.3485390196098,0.106609216529475
"1015",2020,"28/02/20","Coral Sea","Central Coral Sea","Ed","Flinders","Flinders 8","","Slope",1,10.5,2,15,13,"4.5",100,"Flinders 8 Slope 1 2020",100,"yes",13,0.662721893491124,1.20479330969478,0.146735211852514
"1016",2020,"28/02/20","Coral Sea","Central Coral Sea","Ed","Flinders","Flinders 8","","Slope",2,10,2,0,18,"2.5",100,"Flinders 8 Slope 2 2020",100,"yes",18,0.598765432098765,1.08707537716112,0.158055497120451
"1017",2020,"28/02/20","Coral Sea","Central Coral Sea","Ed","Flinders","Flinders 8","","Slope",3,9,2,3,14,"3",100,"Flinders 8 Slope 3 2020",100,"yes",14,0.602040816326531,1.11636707528934,0.16006015984717
"1018",2020,"28/02/20","Coral Sea","Central Coral Sea","Ed","Flinders","Flinders 8","","Crest",1,2,2,2,26,"1.5",100,"Flinders 8 Crest 1 2020",100,"yes",26,0.77810650887574,1.66522816245046,0.119419959668761
"1019",2020,"28/02/20","Coral Sea","Central Coral Sea","Ed","Flinders","Flinders 8","","Crest",2,1.5,1.5,0,21,"0.5",100,"Flinders 8 Crest 2 2020",100,"yes",21,0.621315192743764,1.09517306852476,0.127434423973683
"1020",2020,"28/02/20","Coral Sea","Central Coral Sea","Ed","Flinders","Flinders 8","","Crest",3,1.5,1,0,27,"0",100,"Flinders 8 Crest 3 2020",100,"yes",27,0.652949245541838,1.21863882653236,0.100834543597972
"1021",2020,"29/02/20","Coral Sea","Central Coral Sea","Ed","Herald","Herald 4","","Slope",1,9,3.5,46,25,"3",100,"Herald 4 Slope 1 2020",100,"yes",25,0.7648,1.56157651166101,0.143649206703931
"1022",2020,"29/02/20","Coral Sea","Central Coral Sea","Ed","Herald","Herald 4","","Slope",2,8.5,3.5,5,33,"3",100,"Herald 4 Slope 2 2020",100,"yes",33,0.712580348943985,1.43393634210847,0.12970909517479
"1023",2020,"29/02/20","Coral Sea","Central Coral Sea","Ed","Herald","Herald 4","","Slope",3,9,3,27,21,"2.5",100,"Herald 4 Slope 3 2020",100,"yes",21,0.780045351473923,1.63278297588122,0.116105292412112
"1024",2020,"29/02/20","Coral Sea","Central Coral Sea","Ed","Herald","Herald 4","","Crest",1,2,2.5,0,23,"2",100,"Herald 4 Crest 1 2020",100,"yes",23,0.533081285444234,1.02250634159603,0.117805719233309
"1025",2020,"29/02/20","Coral Sea","Central Coral Sea","Ed","Herald","Herald 4","","Crest",2,2,2.5,0,33,"2.5",100,"Herald 4 Crest 2 2020",100,"yes",33,0.734618916437098,1.55185011021295,0.132655186819748
"1026",2020,"29/02/20","Coral Sea","Central Coral Sea","Ed","Herald","Herald 4","","Crest",3,2.5,3,1,30,"2",100,"Herald 4 Crest 3 2020",100,"yes",30,0.675555555555556,1.18869514683044,0.163984298711922
"1027",2020,"29/02/20","Coral Sea","Central Coral Sea","Ed","Herald","Herald 6","","Slope",1,8.5,3.5,1,38,"3.5",100,"Herald 6 Slope 1 2020",100,"yes",38,0.634349030470914,1.33490259837823,0.119749913790726
"1028",2020,"29/02/20","Coral Sea","Central Coral Sea","Ed","Herald","Herald 6","","Slope",2,8,4,1,18,"4.5",100,"Herald 6 Slope 2 2020",100,"yes",18,0.598765432098765,1.08707537716112,0.107919433351287
"1029",2020,"29/02/20","Coral Sea","Central Coral Sea","Ed","Herald","Herald 6","","Slope",3,9.5,4,0,37,"4",100,"Herald 6 Slope 3 2020",100,"yes",37,0.515704894083273,1.09879507827168,0.115032867995191
"1030",2020,"29/02/20","Coral Sea","Central Coral Sea","Ed","Herald","Herald 6","","Crest",1,1,2,32,15,"0.5",100,"Herald 6 Crest 1 2020",100,"yes",15,0.755555555555556,1.58678470752805,0.134120740374548
"1031",2020,"29/02/20","Coral Sea","Central Coral Sea","Ed","Herald","Herald 6","","Crest",2,1,3.5,35,11,"1",100,"Herald 6 Crest 2 2020",100,"yes",11,0.677685950413223,1.2406842919534,0.113804996715958
"1032",2020,"29/02/20","Coral Sea","Central Coral Sea","Ed","Herald","Herald 6","","Crest",3,1,2.5,25,31,"0.5",100,"Herald 6 Crest 3 2020",100,"yes",31,0.778355879292404,1.62668594667002,0.136962376210584
"1033",2020,"29/02/20","Coral Sea","Central Coral Sea","Ed","Herald","Herald 1","","Slope",1,8,2.5,7,41,"3.5",100,"Herald 1 Slope 1 2020",100,"yes",41,0.696014277215943,1.48116135518508,0.152281621152921
"1034",2020,"29/02/20","Coral Sea","Central Coral Sea","Ed","Herald","Herald 1","","Slope",2,9,3,16,37,"3",100,"Herald 1 Slope 2 2020",100,"yes",37,0.745069393718042,1.46958464992087,0.120552669665837
"1035",2020,"29/02/20","Coral Sea","Central Coral Sea","Ed","Herald","Herald 1","","Slope",3,9,4,28,21,"3",100,"Herald 1 Slope 3 2020",100,"yes",21,0.702947845804989,1.29865457731007,0.13417039124098
"1036",2020,"29/02/20","Coral Sea","Central Coral Sea","Ed","Herald","Herald 1","","Crest",1,2,2.5,3,17,"1",100,"Herald 1 Crest 1 2020",100,"yes",17,0.463667820069204,0.885288834440902,0.0947616461065114
"1037",2020,"29/02/20","Coral Sea","Central Coral Sea","Ed","Herald","Herald 1","","Crest",2,1.5,3.5,0,30,"0.5",100,"Herald 1 Crest 2 2020",100,"yes",30,0.544444444444445,0.961597141686261,0.154664754227597
"1038",2020,"29/02/20","Coral Sea","Central Coral Sea","Ed","Herald","Herald 1","","Crest",3,1.5,3.5,0,19,"0.5",100,"Herald 1 Crest 3 2020",100,"yes",19,0.526315789473684,0.83926955578911,0.100062345360422
"1039",2020,"1/03/20","Coral Sea","Central Coral Sea","Ed","Chilcott","Chilcott 2","","Slope",1,8,2,3,29,"4",100,"Chilcott 2 Slope 1 2020",100,"yes",29,0.62782401902497,1.2368796722734,0.154394277262408
"1040",2020,"1/03/20","Coral Sea","Central Coral Sea","Ed","Chilcott","Chilcott 2","","Slope",2,8.5,2,4,21,"4",100,"Chilcott 2 Slope 2 2020",100,"yes",21,0.580498866213152,1.04663048658322,0.138885963634868
"1041",2020,"1/03/20","Coral Sea","Central Coral Sea","Ed","Chilcott","Chilcott 2","","Slope",3,8.5,3,36,18,"5",100,"Chilcott 2 Slope 3 2020",100,"yes",18,0.728395061728395,1.42644443385828,0.130017586262352
"1042",2020,"1/03/20","Coral Sea","Central Coral Sea","Ed","Chilcott","Chilcott 2","","Crest",1,1,3,0,29,"1",100,"Chilcott 2 Crest 1 2020",100,"yes",29,0.542211652794293,1.16307828870058,0.146337146615186
"1043",2020,"1/03/20","Coral Sea","Central Coral Sea","Ed","Chilcott","Chilcott 2","","Crest",2,1.5,2.5,5,23,"1",100,"Chilcott 2 Crest 2 2020",100,"yes",23,0.646502835538752,1.24804870270715,0.14828031872508
"1044",2020,"1/03/20","Coral Sea","Central Coral Sea","Ed","Chilcott","Chilcott 2","","Crest",3,1,3,0,18,"0.5",100,"Chilcott 2 Crest 3 2020",100,"yes",18,0.54320987654321,0.977925226621021,0.148897167750128
"1045",2020,"1/03/20","Coral Sea","Central Coral Sea","Ed","Chilcott","Chilcott 4","","Slope",1,6,2,1,11,"2",100,"Chilcott 4 Slope 1 2020",100,"yes",11,0.429752066115702,0.759547391474863,0.119078176228748
"1046",2020,"1/03/20","Coral Sea","Central Coral Sea","Ed","Chilcott","Chilcott 4","","Slope",2,6,2,9,21,"3",100,"Chilcott 4 Slope 2 2020",100,"yes",21,0.648526077097506,1.23340261227354,0.162227175290014
"1047",2020,"1/03/20","Coral Sea","Central Coral Sea","Ed","Chilcott","Chilcott 4","","Slope",3,7,2,1,8,"2",100,"Chilcott 4 Slope 3 2020",100,"yes",8,0.59375,0.974314752869349,0.17133408898737
"1048",2020,"1/03/20","Coral Sea","Central Coral Sea","Ed","Chilcott","Chilcott 4","","Crest",1,2,2.5,4,13,"2",100,"Chilcott 4 Crest 1 2020",100,"yes",13,0.662721893491124,1.20479330969478,0.179124316348075
"1049",2020,"1/03/20","Coral Sea","Central Coral Sea","Ed","Chilcott","Chilcott 4","","Crest",2,1.5,3,5,13,"2",100,"Chilcott 4 Crest 2 2020",100,"yes",13,0.674556213017751,1.31143133747324,0.155113107880386
"1050",2020,"1/03/20","Coral Sea","Central Coral Sea","Ed","Chilcott","Chilcott 4","","Crest",3,1.5,2.5,13,21,"1.5",100,"Chilcott 4 Crest 3 2020",100,"yes",21,0.675736961451247,1.20772398183938,0.167936205740024
"1051",2020,"1/03/20","Coral Sea","Central Coral Sea","Ed","Chilcott","Chilcott 1","","Slope",1,9,2,45,20,"4.5",100,"Chilcott 1 Slope 1 2020",100,"yes",20,0.725,1.51260568385204,0.118999141145048
"1052",2020,"1/03/20","Coral Sea","Central Coral Sea","Ed","Chilcott","Chilcott 1","","Slope",2,8.5,2,18,16,"3",100,"Chilcott 1 Slope 2 2020",100,"yes",16,0.6640625,1.2996509635499,0.138415538929546
"1053",2020,"1/03/20","Coral Sea","Central Coral Sea","Ed","Chilcott","Chilcott 1","","Slope",3,9.5,3,13,5,"4.5",100,"Chilcott 1 Slope 3 2020",100,"yes",5,0.72,1.33217904021012,0.147076927561427
"1054",2020,"1/03/20","Coral Sea","Central Coral Sea","Ed","Chilcott","Chilcott 1","","Crest",1,2,3,5,13,"1.5",100,"Chilcott 1 Crest 1 2020",100,"yes",13,0.72189349112426,1.33224492243853,0.128212308399144
"1055",2020,"1/03/20","Coral Sea","Central Coral Sea","Ed","Chilcott","Chilcott 1","","Crest",2,1.5,3.5,3,32,"2",100,"Chilcott 1 Crest 2 2020",100,"yes",32,0.66796875,1.24041055884265,0.129439760903393
"1056",2020,"1/03/20","Coral Sea","Central Coral Sea","Ed","Chilcott","Chilcott 1","","Crest",3,1.5,3.5,2,23,"1",100,"Chilcott 1 Crest 3 2020",100,"yes",23,0.688090737240076,1.39770225908427,0.132322547320696
"1057",2020,"2/03/20","Coral Sea","Central Coral Sea","Ed","Diamond","Diamond 1","","Slope",1,9.5,4,18,33,"4.5",100,"Diamond 1 Slope 1 2020",100,"yes",33,0.778696051423324,1.68930272525703,0.147285712375942
"1058",2020,"2/03/20","Coral Sea","Central Coral Sea","Ed","Diamond","Diamond 1","","Slope",2,9.5,3.5,7,23,"4.5",100,"Diamond 1 Slope 2 2020",100,"yes",23,0.699432892249527,1.42158940307839,0.183582722270405
"1059",2020,"2/03/20","Coral Sea","Central Coral Sea","Ed","Diamond","Diamond 1","","Slope",3,9,3.5,5,18,"3",100,"Diamond 1 Slope 3 2020",100,"yes",18,0.716049382716049,1.32035873914248,0.14085384078802
"1060",2020,"2/03/20","Coral Sea","Central Coral Sea","Ed","Diamond","Diamond 1","","Crest",1,1.5,2.5,3,25,"1.5",100,"Diamond 1 Crest 1 2020",100,"yes",25,0.6272,1.03881175714559,0.105755722561752
"1061",2020,"2/03/20","Coral Sea","Central Coral Sea","Ed","Diamond","Diamond 1","","Crest",2,1.5,3,0,26,"1.5",100,"Diamond 1 Crest 2 2020",100,"yes",26,0.529585798816568,1.01225286415381,0.101275173332868
"1062",2020,"2/03/20","Coral Sea","Central Coral Sea","Ed","Diamond","Diamond 1","","Crest",3,1,3,0,29,"2",100,"Diamond 1 Crest 3 2020",100,"yes",29,0.447086801426873,0.875822127955052,0.0832605256057725
"1063",2020,"2/03/20","Coral Sea","Central Coral Sea","Ed","Diamond","Diamond 2","","Slope",1,8,3,15,36,"4.5",100,"Diamond 2 Slope 1 2020",100,"yes",36,0.817901234567901,1.79779719786304,0.143078694002073
"1064",2020,"2/03/20","Coral Sea","Central Coral Sea","Ed","Diamond","Diamond 2","","Slope",2,9,4.5,13,35,"5",100,"Diamond 2 Slope 2 2020",100,"yes",35,0.777142857142857,1.77629088277172,0.135940009649311
"1065",2020,"2/03/20","Coral Sea","Central Coral Sea","Ed","Diamond","Diamond 2","","Slope",3,8.5,4,12,42,"5",100,"Diamond 2 Slope 3 2020",100,"yes",42,0.701814058956916,1.39863316101637,0.128137211717471
"1066",2020,"2/03/20","Coral Sea","Central Coral Sea","Ed","Diamond","Diamond 2","","Crest",1,2,3.5,1,30,"2.5",100,"Diamond 2 Crest 1 2020",100,"yes",30,0.6,1.29729583062582,0.0835235105700059
"1067",2020,"2/03/20","Coral Sea","Central Coral Sea","Ed","Diamond","Diamond 2","","Crest",2,1,3,8,19,"2.5",100,"Diamond 2 Crest 2 2020",100,"yes",19,0.57617728531856,0.972480932337956,0.108684670316607
"1068",2020,"2/03/20","Coral Sea","Central Coral Sea","Ed","Diamond","Diamond 2","","Crest",3,1,3,3,17,"2",100,"Diamond 2 Crest 3 2020",100,"yes",17,0.726643598615917,1.48689522688818,0.12926408455548
"1069",2020,"2/03/20","Coral Sea","Central Coral Sea","Ed","Diamond","Diamond 6","","Slope",1,8,4.5,11,41,"5",100,"Diamond 6 Slope 1 2020",100,"yes",41,0.816180844735277,1.80667366589369,0.148555070289301
"1070",2020,"2/03/20","Coral Sea","Central Coral Sea","Ed","Diamond","Diamond 6","","Slope",2,9.5,4,10,51,"4.5",100,"Diamond 6 Slope 2 2020",100,"yes",51,0.837370242214533,1.86480946551994,0.157353019141204
"1071",2020,"2/03/20","Coral Sea","Central Coral Sea","Ed","Diamond","Diamond 6","","Slope",3,8.5,4.5,5,46,"4.5",100,"Diamond 6 Slope 3 2020",100,"yes",46,0.813799621928166,1.77628273102881,0.174570522188322
"1072",2020,"2/03/20","Coral Sea","Central Coral Sea","Ed","Diamond","Diamond 6","","Crest",1,1.5,3.5,9,24,"2",100,"Diamond 6 Crest 1 2020",100,"yes",24,0.614583333333333,1.10971733422928,0.11366833664405
"1073",2020,"2/03/20","Coral Sea","Central Coral Sea","Ed","Diamond","Diamond 6","","Crest",2,1.5,4,4,32,"3",100,"Diamond 6 Crest 2 2020",100,"yes",32,0.6015625,1.21668908219156,0.118280685584994
"1074",2020,"2/03/20","Coral Sea","Central Coral Sea","Ed","Diamond","Diamond 6","","Crest",3,1,5,0,35,"2.5",100,"Diamond 6 Crest 3 2020",100,"yes",35,0.759183673469388,1.63280718846558,0.137841118450438
"1075",2020,"4/03/20","Coral Sea","Central Coral Sea","Ed","Lihou","Lihou 1","","Slope",1,9,2.5,12,27,"3.5",100,"Lihou 1 Slope 1 2020",100,"yes",27,0.458161865569273,0.803712161102951,0.105878523831098
"1076",2020,"4/03/20","Coral Sea","Central Coral Sea","Ed","Lihou","Lihou 1","","Slope",2,8,2,5,24,"4",100,"Lihou 1 Slope 2 2020",100,"yes",24,0.454861111111111,0.802818782037964,0.119129814619684
"1077",2020,"4/03/20","Coral Sea","Central Coral Sea","Ed","Lihou","Lihou 1","","Slope",3,10,2,3,21,"4",100,"Lihou 1 Slope 3 2020",100,"yes",21,0.462585034013605,0.912158813919003,0.134748927987463
"1078",2020,"4/03/20","Coral Sea","Central Coral Sea","Ed","Lihou","Lihou 1","","Crest",1,1.5,3.5,12,11,"2",100,"Lihou 1 Crest 1 2020",100,"yes",11,0.56198347107438,0.916464885539471,0.156096121615071
"1079",2020,"4/03/20","Coral Sea","Central Coral Sea","Ed","Lihou","Lihou 1","","Crest",2,2,4,3,14,"3",100,"Lihou 1 Crest 2 2020",100,"yes",14,0.724489795918367,1.43770144364294,0.136442490811115
"1080",2020,"4/03/20","Coral Sea","Central Coral Sea","Ed","Lihou","Lihou 1","","Crest",3,1.5,3.5,5,14,"3",100,"Lihou 1 Crest 3 2020",100,"yes",14,0.785714285714286,1.64884707167248,0.156275115525246
"1081",2020,"4/03/20","Coral Sea","Central Coral Sea","Ed","Lihou","Lihou 2","","Slope",1,9.5,3,20,23,"5",100,"Lihou 2 Slope 1 2020",100,"yes",23,0.790170132325142,1.71420317134329,0.0985234189970506
"1082",2020,"4/03/20","Coral Sea","Central Coral Sea","Ed","Lihou","Lihou 2","","Slope",2,9,2,48,16,"5",100,"Lihou 2 Slope 2 2020",100,"yes",16,0.75,1.54811552687402,0.115685118151975
"1083",2020,"4/03/20","Coral Sea","Central Coral Sea","Ed","Lihou","Lihou 2","","Slope",3,8.5,3,45,15,"5",100,"Lihou 2 Slope 3 2020",100,"yes",15,0.791111111111111,1.65655112669665,0.129594681881392
"1084",2020,"4/03/20","Coral Sea","Central Coral Sea","Ed","Lihou","Lihou 2","","Crest",1,4,3,9,13,"3",100,"Lihou 2 Crest 1 2020",100,"yes",13,0.745562130177515,1.47913280742964,0.111892123464019
"1085",2020,"4/03/20","Coral Sea","Central Coral Sea","Ed","Lihou","Lihou 2","","Crest",2,5,3,1,10,"3",100,"Lihou 2 Crest 2 2020",100,"yes",10,0.72,1.33217904021012,0.136121589078122
"1086",2020,"4/03/20","Coral Sea","Central Coral Sea","Ed","Lihou","Lihou 2","","Crest",3,5,4,1,10,"3",100,"Lihou 2 Crest 3 2020",100,"yes",10,0.74,1.47080847632211,0.12299098691485
"1087",2020,"4/03/20","Coral Sea","Central Coral Sea","Ed","Lihou","Lihou 7","","Slope",1,9.5,3,0,55,"4",100,"Lihou 7 Slope 1 2020",100,"yes",55,0.536198347107438,1.11602386535185,0.128505681944899
"1088",2020,"4/03/20","Coral Sea","Central Coral Sea","Ed","Lihou","Lihou 7","","Slope",2,9.5,3,0,66,"4",100,"Lihou 7 Slope 2 2020",100,"yes",66,0.560146923783287,1.13007022477211,0.125399605667011
"1089",2020,"4/03/20","Coral Sea","Central Coral Sea","Ed","Lihou","Lihou 7","","Slope",3,10,4,1,73,"4",100,"Lihou 7 Slope 3 2020",100,"yes",73,0.643272659035466,1.30919842201115,0.136574872390591
"1090",2020,"4/03/20","Coral Sea","Central Coral Sea","Ed","Lihou","Lihou 7","","Crest",1,2.5,2.5,0,46,"2",100,"Lihou 7 Crest 1 2020",100,"yes",46,0.770321361058601,1.58144793111354,0.146241733333002
"1091",2020,"4/03/20","Coral Sea","Central Coral Sea","Ed","Lihou","Lihou 7","","Crest",2,3,2,1,32,"2",100,"Lihou 7 Crest 2 2020",100,"yes",32,0.740234375,1.51023923648746,0.144637527603898
"1092",2020,"4/03/20","Coral Sea","Central Coral Sea","Ed","Lihou","Lihou 7","","Crest",3,2,2,0,36,"2.5",100,"Lihou 7 Crest 3 2020",100,"yes",36,0.790123456790123,1.65910482941921,0.128419290499166
"1093",2020,"5/03/20","Coral Sea","Central Coral Sea","Ed","Lihou","Lihou 9","","Slope",1,8.5,3.5,6,27,"4",100,"Lihou 9 Slope 1 2020",100,"yes",27,0.842249657064472,1.89338985268483,0.16151944030829
"1094",2020,"5/03/20","Coral Sea","Central Coral Sea","Ed","Lihou","Lihou 9","","Slope",2,10,2.5,10,25,"3.5",100,"Lihou 9 Slope 2 2020",100,"yes",25,0.7808,1.56614565570629,0.138853811831792
"1095",2020,"5/03/20","Coral Sea","Central Coral Sea","Ed","Lihou","Lihou 9","","Slope",3,8,3,10,24,"3.5",100,"Lihou 9 Slope 3 2020",100,"yes",24,0.802083333333333,1.74480877222909,0.147988806616203
"1096",2020,"5/03/20","Coral Sea","Central Coral Sea","Ed","Lihou","Lihou 9","","Crest",1,3.5,3,11,15,"2.5",100,"Lihou 9 Crest 1 2020",100,"yes",15,0.56,1.02003695840184,0.0860971387564629
"1097",2020,"5/03/20","Coral Sea","Central Coral Sea","Ed","Lihou","Lihou 9","","Crest",2,2.5,2,22,12,"2",100,"Lihou 9 Crest 2 2020",100,"yes",12,0.694444444444444,1.26500137527307,0.120655953133885
"1098",2020,"5/03/20","Coral Sea","Central Coral Sea","Ed","Lihou","Lihou 9","","Crest",3,2,1.5,24,9,"2",100,"Lihou 9 Crest 3 2020",100,"yes",9,0.765432098765432,1.52295506753132,0.153652907464027
"1099",2020,"5/03/20","Coral Sea","Central Coral Sea","Ed","Lihou","Lihou 4","","Slope",1,9.5,3.5,11,27,"4.5",100,"Lihou 4 Slope 1 2020",100,"yes",27,0.759945130315501,1.56850863633513,0.115859860464441
"1100",2020,"5/03/20","Coral Sea","Central Coral Sea","Ed","Lihou","Lihou 4","","Slope",2,9.5,4,5,42,"4",100,"Lihou 4 Slope 2 2020",100,"yes",42,0.832199546485261,1.85712275035081,0.136606767651905
"1101",2020,"5/03/20","Coral Sea","Central Coral Sea","Ed","Lihou","Lihou 4","","Slope",3,9.5,4,14,41,"3",100,"Lihou 4 Slope 3 2020",100,"yes",41,0.829268292682927,1.8413127517914,0.143877189806016
"1102",2020,"5/03/20","Coral Sea","Central Coral Sea","Ed","Lihou","Lihou 4","","Crest",1,2.5,3,7,20,"2",100,"Lihou 4 Crest 1 2020",100,"yes",20,0.785,1.57410300173719,0.159242147703579
"1103",2020,"5/03/20","Coral Sea","Central Coral Sea","Ed","Lihou","Lihou 4","","Crest",2,2,3,9,26,"1",100,"Lihou 4 Crest 2 2020",100,"yes",26,0.668639053254438,1.30328826369606,0.161263637749438
"1104",2020,"5/03/20","Coral Sea","Central Coral Sea","Ed","Lihou","Lihou 4","","Crest",3,1.5,3.5,12,27,"2",100,"Lihou 4 Crest 3 2020",100,"yes",27,0.754458161865569,1.49778483985793,0.144293990808
"1105",2020,"5/03/20","Coral Sea","Central Coral Sea","Ed","Lihou","Lihou 5","","Slope",1,10,3,11,23,"4",100,"Lihou 5 Slope 1 2020",100,"yes",23,0.790170132325142,1.58393116157292,0.134626911485493
"1106",2020,"5/03/20","Coral Sea","Central Coral Sea","Ed","Lihou","Lihou 5","","Slope",2,9,3.5,14,30,"3",100,"Lihou 5 Slope 2 2020",100,"yes",30,0.764444444444444,1.66847456466078,0.117662710672691
"1107",2020,"5/03/20","Coral Sea","Central Coral Sea","Ed","Lihou","Lihou 5","","Slope",3,8.5,3.5,15,20,"4.5",100,"Lihou 5 Slope 3 2020",100,"yes",20,0.76,1.65259022330187,0.1446254916143
"1108",2020,"5/03/20","Coral Sea","Central Coral Sea","Ed","Lihou","Lihou 5","","Crest",1,1.5,3.5,18,25,"3",100,"Lihou 5 Crest 1 2020",100,"yes",25,0.8,1.71505611466509,0.148605682743842
"1109",2020,"5/03/20","Coral Sea","Central Coral Sea","Ed","Lihou","Lihou 5","","Crest",2,2,3.5,11,13,"2",100,"Lihou 5 Crest 2 2020",100,"yes",13,0.757396449704142,1.5857708352081,0.135650924504666
"1110",2020,"5/03/20","Coral Sea","Central Coral Sea","Ed","Lihou","Lihou 5","","Crest",3,1,3.5,8,19,"3",100,"Lihou 5 Crest 3 2020",100,"yes",19,0.781163434903047,1.55908698990619,0.158321159713488
"1111",2020,"6/03/20","Coral Sea","Central Coral Sea","Ed","Willis","Willis 4","","Slope",1,8.5,2,2,19,"2",100,"Willis 4 Slope 1 2020",100,"yes",19,0.277008310249308,0.536664562484525,0.0549548759644267
"1112",2020,"6/03/20","Coral Sea","Central Coral Sea","Ed","Willis","Willis 4","","Slope",2,9,2.5,13,24,"3.5",100,"Willis 4 Slope 2 2020",100,"yes",24,0.586805555555556,1.13290158905204,0.148348620723233
"1113",2020,"6/03/20","Coral Sea","Central Coral Sea","Ed","Willis","Willis 4","","Slope",3,9,2,5,9,"2.5",100,"Willis 4 Slope 3 2020",100,"yes",9,0.345679012345679,0.529706199057654,0.104974250662144
"1114",2020,"6/03/20","Coral Sea","Central Coral Sea","Ed","Willis","Willis 4","","Crest",1,2,3.5,0,35,"1.5",100,"Willis 4 Crest 1 2020",100,"yes",35,0.628571428571429,1.11468852201672,0.063017693744208
"1115",2020,"6/03/20","Coral Sea","Central Coral Sea","Ed","Willis","Willis 4","","Crest",2,2,3,0,31,"0.5",100,"Willis 4 Crest 2 2020",100,"yes",31,0.328824141519251,0.614523739088228,0.0341711012475235
"1116",2020,"6/03/20","Coral Sea","Central Coral Sea","Ed","Willis","Willis 4","","Crest",3,1.5,4.5,2,27,"1",100,"Willis 4 Crest 3 2020",100,"yes",27,0.565157750342935,1.15255214834526,0.0615551456349381
"1117",2020,"6/03/20","Coral Sea","Central Coral Sea","Ed","Willis","Willis 2","","Slope",1,9,3,40,24,"4.5",100,"Willis 2 Slope 1 2020",100,"yes",24,0.774305555555556,1.63914542729673,0.155064979813343
"1118",2020,"6/03/20","Coral Sea","Central Coral Sea","Ed","Willis","Willis 2","","Slope",2,9,3,41,22,"4.5",100,"Willis 2 Slope 2 2020",100,"yes",22,0.731404958677686,1.64254857879357,0.163780327022285
"1119",2020,"6/03/20","Coral Sea","Central Coral Sea","Ed","Willis","Willis 2","","Slope",3,9,2.5,51,18,"5",100,"Willis 2 Slope 3 2020",100,"yes",18,0.790123456790123,1.64407279583317,0.165200926820956
"1120",2020,"6/03/20","Coral Sea","Central Coral Sea","Ed","Willis","Willis 2","","Crest",1,2,4,12,39,"2",100,"Willis 2 Crest 1 2020",100,"yes",39,0.735042735042735,1.56605929597117,0.160965208298753
"1121",2020,"6/03/20","Coral Sea","Central Coral Sea","Ed","Willis","Willis 2","","Crest",2,1.5,3.5,0,38,"3",100,"Willis 2 Crest 2 2020",100,"yes",38,0.745152354570637,1.48783902242518,0.171847148843716
"1122",2020,"6/03/20","Coral Sea","Central Coral Sea","Ed","Willis","Willis 2","","Crest",3,1.5,3.5,0,36,"3",100,"Willis 2 Crest 3 2020",100,"yes",36,0.67283950617284,1.27942689819253,0.139821408058791
"1123",2020,"6/03/20","Coral Sea","Central Coral Sea","Ed","Willis","Willis 7","","Slope",1,9,4,1,49,"4.5",100,"Willis 7 Slope 1 2020",100,"yes",49,0.573927530195752,1.08925186752268,0.112518009095046
"1124",2020,"6/03/20","Coral Sea","Central Coral Sea","Ed","Willis","Willis 7","","Slope",2,8.5,4.5,13,42,"5",100,"Willis 7 Slope 2 2020",100,"yes",42,0.683673469387755,1.33273318429126,0.155899825608886
"1125",2020,"6/03/20","Coral Sea","Central Coral Sea","Ed","Willis","Willis 7","","Slope",3,9.5,3.5,5,53,"3",100,"Willis 7 Slope 3 2020",100,"yes",53,0.558205767176931,1.19648492522745,0.117920136918297
"1126",2020,"6/03/20","Coral Sea","Central Coral Sea","Ed","Willis","Willis 7","","Crest",1,1.5,3,0,60,"2",100,"Willis 7 Crest 1 2020",100,"yes",60,0.557777777777778,1.12049771985411,0.146573793008506
"1127",2020,"6/03/20","Coral Sea","Central Coral Sea","Ed","Willis","Willis 7","","Crest",2,1.5,2.5,7,34,"2",100,"Willis 7 Crest 2 2020",100,"yes",34,0.634948096885813,1.17326492450603,0.157536574739785
"1128",2020,"6/03/20","Coral Sea","Central Coral Sea","Ed","Willis","Willis 7","","Crest",3,1.5,3.5,2,39,"1.5",100,"Willis 7 Crest 3 2020",100,"yes",39,0.53517422748192,0.946998138562029,0.15828928047406
"1129",2020,"7/03/20","Coral Sea","Central Coral Sea","Ed","Moore","Moore 5","","Slope",1,8.5,2,0,36,"4",100,"Moore 5 Slope 1 2020",100,"yes",36,0.483024691358025,0.972545572919634,0.108743949201418
"1130",2020,"7/03/20","Coral Sea","Central Coral Sea","Ed","Moore","Moore 5","","Slope",2,9.5,2,0,36,"3.5",100,"Moore 5 Slope 2 2020",100,"yes",36,0.498456790123457,1.12657827971073,0.10443061830105
"1131",2020,"7/03/20","Coral Sea","Central Coral Sea","Ed","Moore","Moore 5","","Slope",3,8.5,2,0,38,"3",100,"Moore 5 Slope 3 2020",100,"yes",38,0.502770083102493,1.0368986560692,0.102273953368402
"1132",2020,"7/03/20","Coral Sea","Central Coral Sea","Ed","Moore","Moore 5","","Crest",1,5.5,1.5,0,7,"2",100,"Moore 5 Crest 1 2020",100,"yes",7,0.612244897959184,1.15374194270109,0.107877842790058
"1133",2020,"7/03/20","Coral Sea","Central Coral Sea","Ed","Moore","Moore 5","","Crest",2,5,2,0,9,"1",100,"Moore 5 Crest 2 2020",100,"yes",9,0.641975308641975,1.30309240376172,0.0899162836627005
"1134",2020,"7/03/20","Coral Sea","Central Coral Sea","Ed","Moore","Moore 5","","Crest",3,5,1.5,0,13,"0.5",100,"Moore 5 Crest 3 2020",100,"yes",13,0.556213017751479,1.03176711135054,0.0986123782216711
"1135",2020,"7/03/20","Coral Sea","Central Coral Sea","Ed","Moore","Moore 4","","Slope",1,9,4.5,2,50,"4.5",100,"Moore 4 Slope 1 2020",100,"yes",50,0.7608,1.5590699602103,0.158149426505063
"1136",2020,"7/03/20","Coral Sea","Central Coral Sea","Ed","Moore","Moore 4","","Slope",2,8.5,4,3,58,"5",100,"Moore 4 Slope 2 2020",100,"yes",58,0.66230677764566,1.39098340802534,0.121435063017364
"1137",2020,"7/03/20","Coral Sea","Central Coral Sea","Ed","Moore","Moore 4","","Slope",3,10,3.5,0,41,"4.5",100,"Moore 4 Slope 3 2020",100,"yes",41,0.543723973825104,1.04544445977339,0.138294398087438
"1138",2020,"7/03/20","Coral Sea","Central Coral Sea","Ed","Moore","Moore 4","","Crest",1,1,4,0,53,"3",100,"Moore 4 Crest 1 2020",100,"yes",53,0.425062299750801,0.733072749087921,0.137251520605872
"1139",2020,"7/03/20","Coral Sea","Central Coral Sea","Ed","Moore","Moore 4","","Crest",2,2,4,0,33,"1.5",100,"Moore 4 Crest 2 2020",100,"yes",33,0.703397612488522,1.33354216808928,0.165613146341985
"1140",2020,"7/03/20","Coral Sea","Central Coral Sea","Ed","Moore","Moore 4","","Crest",3,1.5,4,0,45,"2",100,"Moore 4 Crest 3 2020",100,"yes",45,0.737777777777778,1.41240688068494,0.130885571438017
"1141",2020,"7/03/20","Coral Sea","Central Coral Sea","Ed","Moore","Moore 3","","Slope",1,9.5,5,11,45,"5",100,"Moore 3 Slope 1 2020",100,"yes",45,0.789135802469136,1.63017687790569,0.135180478788025
"1142",2020,"7/03/20","Coral Sea","Central Coral Sea","Ed","Moore","Moore 3","","Slope",2,10,4.5,11,46,"5",100,"Moore 3 Slope 2 2020",100,"yes",46,0.775992438563327,1.6133079625147,0.129318803520587
"1143",2020,"7/03/20","Coral Sea","Central Coral Sea","Ed","Moore","Moore 3","","Slope",3,10.5,5,4,26,"5",100,"Moore 3 Slope 3 2020",100,"yes",26,0.77810650887574,1.6144983600636,0.158959251312852
"1144",2020,"7/03/20","Coral Sea","Central Coral Sea","Ed","Moore","Moore 3","","Crest",1,2,5,3,29,"3",100,"Moore 3 Crest 1 2020",100,"yes",29,0.668252080856124,1.32841609231296,0.180381013351313
"1145",2020,"7/03/20","Coral Sea","Central Coral Sea","Ed","Moore","Moore 3","","Crest",2,1.5,5,1,21,"2.5",100,"Moore 3 Crest 2 2020",100,"yes",21,0.489795918367347,0.835937364489899,0.157805918365647
"1146",2020,"7/03/20","Coral Sea","Central Coral Sea","Ed","Moore","Moore 3","","Crest",3,2,5,0,27,"3",100,"Moore 3 Crest 3 2020",100,"yes",27,0.633744855967078,1.25996170640536,0.170488739965269
"1147",2020,"8/03/20","Coral Sea","Central Coral Sea","Ed","Holmes","Holmes 6","","Slope",1,8,3,2,40,"4.5",100,"Holmes 6 Slope 1 2020",100,"yes",40,0.59625,1.2427887784107,0.139353535974409
"1148",2020,"8/03/20","Coral Sea","Central Coral Sea","Ed","Holmes","Holmes 6","","Slope",2,8,3,0,33,"4.5",100,"Holmes 6 Slope 2 2020",100,"yes",33,0.662993572084481,1.22945083497436,0.164264455984872
"1149",2020,"8/03/20","Coral Sea","Central Coral Sea","Ed","Holmes","Holmes 6","","Slope",3,8.5,3.5,0,31,"5",100,"Holmes 6 Slope 3 2020",100,"yes",31,0.670135275754423,1.27578961254471,0.170428925305024
"1150",2020,"8/03/20","Coral Sea","Central Coral Sea","Ed","Holmes","Holmes 6","","Crest",1,3,3.5,0,20,"3",100,"Holmes 6 Crest 1 2020",100,"yes",20,0.75,1.47025352775191,0.162802599455063
"1151",2020,"8/03/20","Coral Sea","Central Coral Sea","Ed","Holmes","Holmes 6","","Crest",2,3,3,0,24,"2.5",100,"Holmes 6 Crest 2 2020",100,"yes",24,0.59375,1.1082153551851,0.148225729951324
"1152",2020,"8/03/20","Coral Sea","Central Coral Sea","Ed","Holmes","Holmes 6","","Crest",3,3.5,4,0,28,"3",100,"Holmes 6 Crest 3 2020",100,"yes",28,0.716836734693878,1.37014296365897,0.150994597374438
"1153",2020,"8/03/20","Coral Sea","Central Coral Sea","Ed","Holmes","Holmes 7","","Slope",1,9,4,11,30,"4.5",100,"Holmes 7 Slope 1 2020",100,"yes",30,0.835555555555556,1.8533138128101,0.156372681081339
"1154",2020,"8/03/20","Coral Sea","Central Coral Sea","Ed","Holmes","Holmes 7","","Slope",2,10,3,2,21,"3",100,"Holmes 7 Slope 2 2020",100,"yes",21,0.784580498866213,1.64481495393911,0.157540568686336
"1155",2020,"8/03/20","Coral Sea","Central Coral Sea","Ed","Holmes","Holmes 7","","Slope",3,9.5,3.5,3,17,"3",100,"Holmes 7 Slope 3 2020",100,"yes",17,0.809688581314879,1.71154728628635,0.135672091164323
"1156",2020,"8/03/20","Coral Sea","Central Coral Sea","Ed","Holmes","Holmes 7","","Crest",1,3.5,3,5,45,"3",100,"Holmes 7 Crest 1 2020",100,"yes",45,0.376296296296296,0.758517979960893,0.101415138301111
"1157",2020,"8/03/20","Coral Sea","Central Coral Sea","Ed","Holmes","Holmes 7","","Crest",2,5,2.5,2,64,"1.5",100,"Holmes 7 Crest 2 2020",100,"yes",64,0.5107421875,0.998179830054065,0.13943552170473
"1158",2020,"8/03/20","Coral Sea","Central Coral Sea","Ed","Holmes","Holmes 7","","Crest",3,6,2.5,6,19,"2",100,"Holmes 7 Crest 3 2020",100,"yes",19,0.792243767313019,1.66687569743084,0.150931500953006
"1159",2020,"8/03/20","Coral Sea","Central Coral Sea","Ed","Holmes","Holmes 5","","Slope",1,9,3.5,18,20,"4",100,"Holmes 5 Slope 1 2020",100,"yes",20,0.625,1.1655244399347,0.131976194409888
"1160",2020,"8/03/20","Coral Sea","Central Coral Sea","Ed","Holmes","Holmes 5","","Slope",2,9,3.5,45,21,"4.5",100,"Holmes 5 Slope 2 2020",100,"yes",21,0.698412698412698,1.2736474290365,0.125776391571905
"1161",2020,"8/03/20","Coral Sea","Central Coral Sea","Ed","Holmes","Holmes 5","","Slope",3,9.5,2.5,47,18,"4",100,"Holmes 5 Slope 3 2020",100,"yes",18,0.709876543209877,1.39799170206047,0.134045735180916
"1162",2020,"8/03/20","Coral Sea","Central Coral Sea","Ed","Holmes","Holmes 5","","Crest",1,1,4.5,14,9,"1.5",100,"Holmes 5 Crest 1 2020",100,"yes",9,0.71604938271605,1.42706104338072,0.13174340948596
"1163",2020,"8/03/20","Coral Sea","Central Coral Sea","Ed","Holmes","Holmes 5","","Crest",2,1,4.5,7,10,"1",100,"Holmes 5 Crest 2 2020",100,"yes",10,0.7,1.27985422583367,0.148134099922967
"1164",2020,"8/03/20","Coral Sea","Central Coral Sea","Ed","Holmes","Holmes 5","","Crest",3,1,4,6,7,"0.5",100,"Holmes 5 Crest 3 2020",100,"yes",7,0.612244897959184,1.15374194270109,0.144866941698949
"1165",2020,"9/03/20","Coral Sea","Central Coral Sea","Ed","Holmes","Holmes 1","","Slope",1,8.5,3.5,0,26,"4",100,"Holmes 1 Slope 1 2020",100,"yes",26,0.784023668639053,1.62868305661468,0.132987568427878
"1166",2020,"9/03/20","Coral Sea","Central Coral Sea","Ed","Holmes","Holmes 1","","Slope",2,9.5,4,0,29,"5",100,"Holmes 1 Slope 2 2020",100,"yes",29,0.746730083234245,1.56788066979516,0.124674124652912
"1167",2020,"9/03/20","Coral Sea","Central Coral Sea","Ed","Holmes","Holmes 1","","Slope",3,8.5,3.5,0,25,"3",100,"Holmes 1 Slope 3 2020",100,"yes",25,0.7808,1.60022354554434,0.161884780502894
"1168",2020,"9/03/20","Coral Sea","Central Coral Sea","Ed","Holmes","Holmes 1","","Crest",1,3.5,3.5,0,25,"0.5",100,"Holmes 1 Crest 1 2020",100,"yes",25,0.6176,1.16422909120586,0.131565748952821
"1169",2020,"9/03/20","Coral Sea","Central Coral Sea","Ed","Holmes","Holmes 1","","Crest",2,2,4,0,47,"1.5",100,"Holmes 1 Crest 2 2020",100,"yes",47,0.532367587143504,1.11510107867638,0.0823125595467162
"1170",2020,"9/03/20","Coral Sea","Central Coral Sea","Ed","Holmes","Holmes 1","","Crest",3,2.5,3.5,0,40,"0.5",100,"Holmes 1 Crest 3 2020",100,"yes",40,0.54125,1.09944250823545,0.0813357328624684
"1171",2020,"9/03/20","Coral Sea","Central Coral Sea","Ed","Holmes","Holmes 10","","Slope",1,9.5,3.5,7,49,"4",100,"Holmes 10 Slope 1 2020",100,"yes",49,0.777176176593086,1.66080081027297,0.158675069326187
"1172",2020,"9/03/20","Coral Sea","Central Coral Sea","Ed","Holmes","Holmes 10","","Slope",2,8,3,16,29,"5",100,"Holmes 10 Slope 2 2020",100,"yes",29,0.715814506539834,1.57914953642297,0.159094063313356
"1173",2020,"9/03/20","Coral Sea","Central Coral Sea","Ed","Holmes","Holmes 10","","Slope",3,9,4,20,36,"4.5",100,"Holmes 10 Slope 3 2020",100,"yes",36,0.787037037037037,1.69210209381959,0.170608743494773
"1174",2020,"9/03/20","Coral Sea","Central Coral Sea","Ed","Holmes","Holmes 10","","Crest",1,1,2,0,41,"0.5",100,"Holmes 10 Crest 1 2020",100,"yes",41,0.621058893515764,1.12731718113527,0.117739899781306
"1175",2020,"9/03/20","Coral Sea","Central Coral Sea","Ed","Holmes","Holmes 10","","Crest",2,1.5,3,0,44,"0.5",100,"Holmes 10 Crest 2 2020",100,"yes",44,0.442148760330578,0.86179014504192,0.075054367267608
"1176",2020,"9/03/20","Coral Sea","Central Coral Sea","Ed","Holmes","Holmes 10","","Crest",3,1.5,3,0,36,"0.5",100,"Holmes 10 Crest 3 2020",100,"yes",36,0.439814814814815,0.783383129764456,0.088120075306933
"1177",2020,"9/03/20","Coral Sea","Central Coral Sea","Ed","Holmes","Holmes 2","","Slope",1,9.5,3,8,41,"3",100,"Holmes 2 Slope 1 2020",100,"yes",41,0.669839381320642,1.21655385031068,0.150877843654272
"1178",2020,"9/03/20","Coral Sea","Central Coral Sea","Ed","Holmes","Holmes 2","","Slope",2,9,2.5,3,46,"3",100,"Holmes 2 Slope 2 2020",100,"yes",46,0.715500945179584,1.41552793118022,0.15597576906259
"1179",2020,"9/03/20","Coral Sea","Central Coral Sea","Ed","Holmes","Holmes 2","","Slope",3,10,2.5,10,43,"3",100,"Holmes 2 Slope 3 2020",100,"yes",43,0.692266089778258,1.33314936454851,0.158864518835742
"1180",2020,"9/03/20","Coral Sea","Central Coral Sea","Ed","Holmes","Holmes 2","","Crest",1,3,2,0,42,"2",100,"Holmes 2 Crest 1 2020",100,"yes",42,0.691609977324263,1.30841634749859,0.15294277555587
"1181",2020,"9/03/20","Coral Sea","Central Coral Sea","Ed","Holmes","Holmes 2","","Crest",2,3.5,4,1,41,"3",100,"Holmes 2 Crest 2 2020",100,"yes",41,0.673408685306365,1.31422610466741,0.134289787360154
"1182",2020,"9/03/20","Coral Sea","Central Coral Sea","Ed","Holmes","Holmes 2","","Crest",3,3,4,0,31,"3",100,"Holmes 2 Crest 3 2020",100,"yes",31,0.751300728407909,1.54950616549762,0.139686088384673
"1183",2020,"10/03/20","Coral Sea","Northern Coral Sea","Ed","Bougainville","Bougainville 4","","Slope",1,10,4,0,67,"5",100,"Bougainville 4 Slope 1 2020",100,"yes",67,0.802851414568946,1.73138640910737,0.141878235736945
"1184",2020,"10/03/20","Coral Sea","Northern Coral Sea","Ed","Bougainville","Bougainville 4","","Slope",2,9.5,4,0,73,"5",100,"Bougainville 4 Slope 2 2020",100,"yes",73,0.791142803527866,1.69777872522072,0.11707112805915
"1185",2020,"10/03/20","Coral Sea","Northern Coral Sea","Ed","Bougainville","Bougainville 4","","Slope",3,9.5,4.5,0,74,"5",100,"Bougainville 4 Slope 3 2020",100,"yes",74,0.779766252739226,1.65762114567518,0.123549111759827
"1186",2020,"10/03/20","Coral Sea","Northern Coral Sea","Ed","Bougainville","Bougainville 4","","Crest",1,3,1.5,0,15,"2.5",100,"Bougainville 4 Crest 1 2020",100,"yes",15,0.124444444444444,0.244930026794635,0.026234493071794
"1187",2020,"10/03/20","Coral Sea","Northern Coral Sea","Ed","Bougainville","Bougainville 4","","Crest",2,3,1.5,0,21,"2.5",100,"Bougainville 4 Crest 2 2020",100,"yes",21,0.390022675736961,0.709115257582436,0.0978690226390551
"1188",2020,"10/03/20","Coral Sea","Northern Coral Sea","Ed","Bougainville","Bougainville 4","","Crest",3,3.5,1.5,0,6,"2",100,"Bougainville 4 Crest 3 2020",100,"yes",6,0,0,0
"1189",2020,"10/03/20","Coral Sea","Northern Coral Sea","Ed","Bougainville","Bougainville 1","","Slope",1,8.5,3.5,0,68,"5",100,"Bougainville 1 Slope 1 2020",100,"yes",68,0.791955017301038,1.63533301890978,0.127053584231858
"1190",2020,"10/03/20","Coral Sea","Northern Coral Sea","Ed","Bougainville","Bougainville 1","","Slope",2,9.5,3,0,64,"5",100,"Bougainville 1 Slope 2 2020",100,"yes",64,0.654296875,1.41159562946336,0.118236941595686
"1191",2020,"10/03/20","Coral Sea","Northern Coral Sea","Ed","Bougainville","Bougainville 1","","Slope",3,9,3,0,79,"5",100,"Bougainville 1 Slope 3 2020",100,"yes",79,0.558564332639,1.2451292271959,0.0942862815506413
"1192",2020,"10/03/20","Coral Sea","Northern Coral Sea","Ed","Bougainville","Bougainville 1","","Crest",1,2.5,3,0,14,"1.5",100,"Bougainville 1 Crest 1 2020",100,"yes",14,0.448979591836735,0.796311640173813,0.124270850791993
"1193",2020,"10/03/20","Coral Sea","Northern Coral Sea","Ed","Bougainville","Bougainville 1","","Crest",2,1.5,2.5,0,10,"0.5",100,"Bougainville 1 Crest 2 2020",100,"yes",10,0.18,0.325082973391448,0.0619662871294907
"1194",2020,"10/03/20","Coral Sea","Northern Coral Sea","Ed","Bougainville","Bougainville 1","","Crest",3,2,2.5,0,14,"0.5",100,"Bougainville 1 Crest 3 2020",100,"yes",14,0.13265306122449,0.257318640543832,0.0494729545710302
"1195",2020,"10/03/20","Coral Sea","Northern Coral Sea","Ed","Bougainville","Bougainville 5","","Slope",1,9.5,4.5,3,62,"4.5",100,"Bougainville 5 Slope 1 2020",100,"yes",62,0.694068678459938,1.28368313280025,0.14273019814082
"1196",2020,"10/03/20","Coral Sea","Northern Coral Sea","Ed","Bougainville","Bougainville 5","","Slope",2,8.5,4,0,62,"4",100,"Bougainville 5 Slope 2 2020",100,"yes",62,0.686264308012487,1.36258855463534,0.140832325356237
"1197",2020,"10/03/20","Coral Sea","Northern Coral Sea","Ed","Bougainville","Bougainville 5","","Slope",3,9.5,4,0,55,"3",100,"Bougainville 5 Slope 3 2020",100,"yes",55,0.731239669421488,1.44726527819034,0.156811527374263
"1198",2020,"10/03/20","Coral Sea","Northern Coral Sea","Ed","Bougainville","Bougainville 5","","Crest",1,1.5,3,0,16,"2.5",100,"Bougainville 5 Crest 1 2020",100,"yes",16,0.4140625,0.822265337328788,0.100907654898345
"1199",2020,"10/03/20","Coral Sea","Northern Coral Sea","Ed","Bougainville","Bougainville 5","","Crest",2,2,2,0,13,"2.5",100,"Bougainville 5 Crest 2 2020",100,"yes",13,0.272189349112426,0.535961049709069,0.0537474535044289
"1200",2020,"10/03/20","Coral Sea","Northern Coral Sea","Ed","Bougainville","Bougainville 5","","Crest",3,1.5,2,0,16,"3",100,"Bougainville 5 Crest 3 2020",100,"yes",16,0.2265625,0.46341355882643,0.0438087004298933
"1201",2020,"11/03/20","Coral Sea","Northern Coral Sea","Ed","Osprey","Osprey 7","","Slope",1,7.5,2.5,10,29,"4",100,"Osprey 7 Slope 1 2020",100,"yes",29,0.190249702734839,0.39844050758377,0.0547989358296415
"1202",2020,"11/03/20","Coral Sea","Northern Coral Sea","Ed","Osprey","Osprey 7","","Slope",2,8,3,5,27,"3.5",100,"Osprey 7 Slope 2 2020",100,"yes",27,0.430727023319616,0.903363654959735,0.0862734239656035
"1203",2020,"11/03/20","Coral Sea","Northern Coral Sea","Ed","Osprey","Osprey 7","","Slope",3,8.5,3,3,29,"3.5",100,"Osprey 7 Slope 3 2020",100,"yes",29,0.556480380499405,1.04111032362015,0.0766607574603954
"1204",2020,"11/03/20","Coral Sea","Northern Coral Sea","Ed","Osprey","Osprey 7","","Crest",1,3,3,3,21,"1.5",100,"Osprey 7 Crest 1 2020",100,"yes",21,0.634920634920635,1.0529225659387,0.135622986449063
"1205",2020,"11/03/20","Coral Sea","Northern Coral Sea","Ed","Osprey","Osprey 7","","Crest",2,2.5,3.5,0,13,"0.5",100,"Osprey 7 Crest 2 2020",100,"yes",13,0.650887573964497,1.30387552933639,0.122266668253342
"1206",2020,"11/03/20","Coral Sea","Northern Coral Sea","Ed","Osprey","Osprey 7","","Crest",3,2.5,3.5,1,18,"1",100,"Osprey 7 Crest 3 2020",100,"yes",18,0.666666666666667,1.30059200753451,0.123686836286141
"1207",2020,"11/03/20","Coral Sea","Northern Coral Sea","Ed","Osprey","Osprey 8","","Slope",1,10,4,13,60,"5",100,"Osprey 8 Slope 1 2020",100,"yes",60,0.666666666666667,1.43970118727586,0.105748582402637
"1208",2020,"11/03/20","Coral Sea","Northern Coral Sea","Ed","Osprey","Osprey 8","","Slope",2,9.5,3.5,0,78,"4.5",100,"Osprey 8 Slope 2 2020",100,"yes",78,0.590072320841552,1.29670518160872,0.0993634918238846
"1209",2020,"11/03/20","Coral Sea","Northern Coral Sea","Ed","Osprey","Osprey 8","","Slope",3,9,4,1,67,"4.5",100,"Osprey 8 Slope 3 2020",100,"yes",67,0.806861216306527,1.78271160591059,0.129098606213269
"1210",2020,"11/03/20","Coral Sea","Northern Coral Sea","Ed","Osprey","Osprey 8","","Crest",1,3,4,3,33,"2.5",100,"Osprey 8 Crest 1 2020",100,"yes",33,0.767676767676768,1.63030885724525,0.136925746243477
"1211",2020,"11/03/20","Coral Sea","Northern Coral Sea","Ed","Osprey","Osprey 8","","Crest",2,3,4,0,24,"3",100,"Osprey 8 Crest 2 2020",100,"yes",24,0.614583333333333,1.24842611914536,0.0962448609812772
"1212",2020,"11/03/20","Coral Sea","Northern Coral Sea","Ed","Osprey","Osprey 8","","Crest",3,3,4,0,30,"2",100,"Osprey 8 Crest 3 2020",100,"yes",30,0.731111111111111,1.42229128198338,0.12748730506355
"1213",2020,"13/03/20","GBR","Northern Great Barrier Reef","Morgan","Noddy","Noddy 1","","Slope",1,7.2,2,0,11,"15",100,"Noddy 1 Slope 1 2020",100,"yes",11,0.793388429752066,1.67262544615032,0.143813211388269
"1214",2020,"13/03/20","GBR","Northern Great Barrier Reef","Morgan","Noddy","Noddy 1","","Slope",2,6.3,2,0,20,"15",100,"Noddy 1 Slope 2 2020",100,"yes",20,0.785,1.63995664634108,0.146847074295638
"1215",2020,"13/03/20","GBR","Northern Great Barrier Reef","Morgan","Noddy","Noddy 1","","Slope",3,7,2.5,0,8,"0",100,"Noddy 1 Slope 3 2020",100,"yes",8,0.8125,1.73286795139986,0.126069956554813
"1216",2020,"13/03/20","GBR","Northern Great Barrier Reef","Morgan","Noddy","Noddy 1","","Crest",1,3.4,3,0,8,"0",100,"Noddy 1 Crest 1 2020",100,"yes",8,0.6875,1.38629436111989,0.148217721065662
"1217",2020,"13/03/20","GBR","Northern Great Barrier Reef","Morgan","Noddy","Noddy 1","","Crest",2,2.1,2,0,26,"0",100,"Noddy 1 Crest 2 2020",100,"yes",26,0.784023668639053,1.7315431803247,0.123949321496935
"1218",2020,"13/03/20","GBR","Northern Great Barrier Reef","Morgan","Noddy","Noddy 1","","Crest",3,1.5,3,0,9,"20",100,"Noddy 1 Crest 3 2020",100,"yes",9,0.71604938271605,1.42706104338072,0.170731280117352
"1219",2020,"13/03/20","GBR","Northern Great Barrier Reef","Morgan","Noddy","Noddy 2","","Slope",1,8.6,2,0,15,"60",100,"Noddy 2 Slope 1 2020",100,"yes",15,0.782222222222222,1.63970635741561,0.141715134174799
"1220",2020,"13/03/20","GBR","Northern Great Barrier Reef","Morgan","Noddy","Noddy 2","","Slope",2,7.2,2,1,18,"45",100,"Noddy 2 Slope 2 2020",100,"yes",18,0.765432098765432,1.61339211913863,0.165738184892592
"1221",2020,"13/03/20","GBR","Northern Great Barrier Reef","Morgan","Noddy","Noddy 2","","Slope",3,7,3,0,23,"0",100,"Noddy 2 Slope 3 2020",100,"yes",23,0.684310018903592,1.40071188817305,0.102162830399835
"1222",2020,"13/03/20","GBR","Northern Great Barrier Reef","Morgan","Noddy","Noddy 2","","Crest",1,3.5,2,0,23,"0",100,"Noddy 2 Crest 1 2020",100,"yes",23,0.684310018903592,1.40071188817305,0.102162830399835
"1223",2020,"13/03/20","GBR","Northern Great Barrier Reef","Morgan","Noddy","Noddy 2","","Crest",2,2.5,2,0,16,"0",100,"Noddy 2 Crest 2 2020",100,"yes",16,0.609375,1.06991734181638,0.10756047578916
"1224",2020,"13/03/20","GBR","Northern Great Barrier Reef","Morgan","Noddy","Noddy 2","","Crest",3,2.1,2.5,0,17,"0",100,"Noddy 2 Crest 3 2020",100,"yes",17,0.608996539792388,1.23411134327386,0.127487984928133
"1225",2020,"13/03/20","GBR","Northern Great Barrier Reef","Morgan","Blanchard","Blanchard 1","","Slope",1,6.4,3,0,15,"45",100,"Blanchard 1 Slope 1 2020",100,"yes",15,0.56,1.02003695840184,0.104886187859182
"1226",2020,"13/03/20","GBR","Northern Great Barrier Reef","Morgan","Blanchard","Blanchard 1","","Slope",2,8,2.5,0,30,"45",100,"Blanchard 1 Slope 2 2020",100,"yes",30,0.18,0.325082973391448,0.0435779473150748
"1227",2020,"13/03/20","GBR","Northern Great Barrier Reef","Morgan","Blanchard","Blanchard 1","","Slope",3,7.4,2.5,0,21,"30",100,"Blanchard 1 Slope 3 2020",100,"yes",21,0.712018140589569,1.38075888515437,0.148612374324408
"1228",2020,"13/03/20","GBR","Northern Great Barrier Reef","Morgan","Blanchard","Blanchard 1","","Crest",1,3.8,3,0,10,"0",100,"Blanchard 1 Crest 1 2020",100,"yes",10,0.46,0.801818552543337,0.151752551329821
"1229",2020,"13/03/20","GBR","Northern Great Barrier Reef","Morgan","Blanchard","Blanchard 1","","Crest",2,2.4,2.5,0,9,"0",100,"Blanchard 1 Crest 2 2020",100,"yes",9,0.518518518518519,1.00271826451752,0.0817885686688976
"1230",2020,"13/03/20","GBR","Northern Great Barrier Reef","Morgan","Blanchard","Blanchard 1","","Crest",3,2.4,2.5,0,14,"0",100,"Blanchard 1 Crest 3 2020",100,"yes",14,0.551020408163265,1.12753478981913,0.136988364209783
"1231",2020,"13/03/20","GBR","Northern Great Barrier Reef","Morgan","Blanchard","Blanchard 2","","Slope",1,7,3,0,11,"30",100,"Blanchard 2 Slope 1 2020",100,"yes",11,0.165289256198347,0.304636097349238,0.0216899709949062
"1232",2020,"13/03/20","GBR","Northern Great Barrier Reef","Morgan","Blanchard","Blanchard 2","","Slope",2,6,3,1,7,"15",100,"Blanchard 2 Slope 2 2020",100,"yes",7,0.408163265306122,0.598269588585257,0.0654258276551823
"1233",2020,"13/03/20","GBR","Northern Great Barrier Reef","Morgan","Blanchard","Blanchard 2","","Slope",3,6.5,2,0,10,"10",100,"Blanchard 2 Slope 3 2020",100,"yes",10,0.58,1.08889997534522,0.123591805888971
"1234",2020,"13/03/20","GBR","Northern Great Barrier Reef","Morgan","Blanchard","Blanchard 2","","Crest",1,3,3,0,10,"0",100,"Blanchard 2 Crest 1 2020",100,"yes",10,0.62,1.02965301406457,0.123747410989976
"1235",2020,"13/03/20","GBR","Northern Great Barrier Reef","Morgan","Blanchard","Blanchard 2","","Crest",2,2.1,1.5,0,16,"0",100,"Blanchard 2 Crest 2 2020",100,"yes",16,0.5859375,0.984086503082915,0.19093655747603
"1236",2020,"13/03/20","GBR","Northern Great Barrier Reef","Morgan","Blanchard","Blanchard 2","","Crest",3,2,3,0,58,"0",100,"Blanchard 2 Crest 3 2020",100,"yes",58,0.304399524375743,0.661121028619633,0.0878704059189949
"1237",2020,"14/03/20","GBR","Northern Great Barrier Reef","Morgan","Ogilvie","Ogilvie 1","","Slope",1,6,3,0,12,"30",100,"Ogilvie 1 Slope 1 2020",100,"yes",12,0.569444444444444,0.918427784993098,0.188177414854888
"1238",2020,"14/03/20","GBR","Northern Great Barrier Reef","Morgan","Ogilvie","Ogilvie 1","","Slope",2,6.1,3.5,0,20,"15",100,"Ogilvie 1 Slope 2 2020",100,"yes",20,0.655,1.44278331215868,0.186716208782667
"1239",2020,"14/03/20","GBR","Northern Great Barrier Reef","Morgan","Ogilvie","Ogilvie 1","","Slope",3,6.3,3,0,22,"90",100,"Ogilvie 1 Slope 3 2020",100,"yes",22,0.615702479338843,1.08253488576348,0.136510993032456
"1240",2020,"14/03/20","GBR","Northern Great Barrier Reef","Morgan","Ogilvie","Ogilvie 1","","Crest",1,2,2.5,0,26,"45",100,"Ogilvie 1 Crest 1 2020",100,"yes",26,0.754437869822485,1.6353119450289,0.105925576697036
"1241",2020,"14/03/20","GBR","Northern Great Barrier Reef","Morgan","Ogilvie","Ogilvie 1","","Crest",2,1.6,2,2,31,"0",100,"Ogilvie 1 Crest 2 2020",100,"yes",31,0.711758584807492,1.59573853527795,0.108953692089129
"1242",2020,"14/03/20","GBR","Northern Great Barrier Reef","Morgan","Ogilvie","Ogilvie 1","","Crest",3,2.3,2,1,32,"0",100,"Ogilvie 1 Crest 3 2020",100,"yes",32,0.783203125,1.77317953969115,0.139496767656417
"1243",2020,"14/03/20","GBR","Northern Great Barrier Reef","Morgan","Ogilvie","Ogilvie 2","","Slope",1,5,3,0,9,"0",100,"Ogilvie 2 Slope 1 2020",100,"yes",9,0.641975308641975,1.06085694715802,0.174315861941231
"1244",2020,"14/03/20","GBR","Northern Great Barrier Reef","Morgan","Ogilvie","Ogilvie 2","","Slope",2,8,2,0,5,"0",100,"Ogilvie 2 Slope 2 2020",100,"yes",5,0.72,1.33217904021012,0.124542272288452
"1245",2020,"14/03/20","GBR","Northern Great Barrier Reef","Morgan","Ogilvie","Ogilvie 2","","Slope",3,6,2,0,8,"20",100,"Ogilvie 2 Slope 3 2020",100,"yes",8,0.40625,0.735621939758795,0.12393901031837
"1246",2020,"14/03/20","GBR","Northern Great Barrier Reef","Morgan","Ogilvie","Ogilvie 2","","Crest",1,3,2,0,12,"0",100,"Ogilvie 2 Crest 1 2020",100,"yes",12,0.722222222222222,1.42412991734677,0.147405776322077
"1247",2020,"14/03/20","GBR","Northern Great Barrier Reef","Morgan","Ogilvie","Ogilvie 2","","Crest",2,2.6,1,0,13,"0",100,"Ogilvie 2 Crest 2 2020",100,"yes",13,0.745562130177515,1.47913280742964,0.141631628678104
"1248",2020,"14/03/20","GBR","Northern Great Barrier Reef","Morgan","Ogilvie","Ogilvie 2","","Crest",3,2.5,2,0,16,"0",100,"Ogilvie 2 Crest 3 2020",100,"yes",16,0.671875,1.21231388026715,0.17797414061874
"1249",2020,"14/03/20","GBR","Northern Great Barrier Reef","Morgan","13-077","13-077 1","","Slope",1,7.2,3,12,8,"10",100,"13-077 1 Slope 1 2020",100,"yes",8,0.46875,0.661563238157982,0.159334125530976
"1250",2020,"14/03/20","GBR","Northern Great Barrier Reef","Morgan","13-077","13-077 1","","Slope",2,8.2,2.5,13,10,"60",100,"13-077 1 Slope 2 2020",100,"yes",10,0.74,1.47080847632211,0.154784275328114
"1251",2020,"14/03/20","GBR","Northern Great Barrier Reef","Morgan","13-077","13-077 1","","Slope",3,8,2.5,7,9,"60",100,"13-077 1 Slope 3 2020",100,"yes",9,0.666666666666667,1.21488965394912,0.182098680659758
"1252",2020,"14/03/20","GBR","Northern Great Barrier Reef","Morgan","13-077","13-077 1","","Crest",1,3.5,2,0,1,"0",100,"13-077 1 Crest 1 2020",100,"yes",1,0,0,0
"1253",2020,"14/03/20","GBR","Northern Great Barrier Reef","Morgan","13-077","13-077 1","","Crest",2,3.5,1.5,8,1,"0",100,"13-077 1 Crest 2 2020",100,"yes",1,0,0,0
"1254",2020,"14/03/20","GBR","Northern Great Barrier Reef","Morgan","13-077","13-077 1","","Crest",3,2.5,1.5,0,4,"15",100,"13-077 1 Crest 3 2020",100,"yes",4,0.625,1.03972077083992,0.113316582761332
"1255",2020,"14/03/20","GBR","Northern Great Barrier Reef","Morgan","13-077","13-077 2","","Slope",1,6,2,1,11,"0",100,"13-077 2 Slope 1 2020",100,"yes",11,0.710743801652893,1.41427906512471,0.146612162626789
"1256",2020,"14/03/20","GBR","Northern Great Barrier Reef","Morgan","13-077","13-077 2","","Slope",2,7.3,2,13,14,"45",100,"13-077 2 Slope 2 2020",100,"yes",14,0.785714285714286,1.64884707167248,0.126477127898616
"1257",2020,"14/03/20","GBR","Northern Great Barrier Reef","Morgan","13-077","13-077 2","","Slope",3,7.3,2,2,4,"45",100,"13-077 2 Slope 3 2020",100,"yes",4,0.625,1.03972077083992,0.0711378140879907
"1258",2020,"14/03/20","GBR","Northern Great Barrier Reef","Morgan","13-077","13-077 2","","Crest",1,2,2,3,9,"0",100,"13-077 2 Crest 1 2020",100,"yes",9,0.617283950617284,1.14905969697062,0.120586998710343
"1259",2020,"14/03/20","GBR","Northern Great Barrier Reef","Morgan","13-077","13-077 2","","Crest",2,2,2.5,1,10,"0",100,"13-077 2 Crest 2 2020",100,"yes",10,0.6,1.22752941145721,0.13517629325001
"1260",2020,"14/03/20","GBR","Northern Great Barrier Reef","Morgan","13-077","13-077 2","","Crest",3,2,2.5,1,14,"0",100,"13-077 2 Crest 3 2020",100,"yes",14,0.673469387755102,1.33166431029301,0.152012131948582
"1261",2020,"15/03/20","GBR","Northern Great Barrier Reef","Morgan","Creech","Creech 1","","Slope",1,8,3,1,39,"90",100,"Creech 1 Slope 1 2020",100,"yes",39,0.811308349769888,1.72055790635162,0.154733535692538
"1262",2020,"15/03/20","GBR","Northern Great Barrier Reef","Morgan","Creech","Creech 1","","Slope",2,8.5,3,2,25,"90",100,"Creech 1 Slope 2 2020",100,"yes",25,0.7168,1.47011268294184,0.134101061246018
"1263",2020,"15/03/20","GBR","Northern Great Barrier Reef","Morgan","Creech","Creech 1","","Slope",3,8.5,3,2,39,"75",100,"Creech 1 Slope 3 2020",100,"yes",39,0.786324786324786,1.72860396252655,0.162895316095792
"1264",2020,"15/03/20","GBR","Northern Great Barrier Reef","Morgan","Creech","Creech 1","","Crest",1,3,3,1,29,"45",100,"Creech 1 Crest 1 2020",100,"yes",29,0.753864447086801,1.64544413801845,0.13472874704576
"1265",2020,"15/03/20","GBR","Northern Great Barrier Reef","Morgan","Creech","Creech 1","","Crest",2,3.5,2,3,35,"45",100,"Creech 1 Crest 2 2020",100,"yes",35,0.790204081632653,1.69068356206548,0.11166527005296
"1266",2020,"15/03/20","GBR","Northern Great Barrier Reef","Morgan","Creech","Creech 1","","Crest",3,2.5,2.5,0,38,"45",100,"Creech 1 Crest 3 2020",100,"yes",38,0.718836565096953,1.39103669267295,0.115898956185712
"1267",2020,"15/03/20","GBR","Northern Great Barrier Reef","Morgan","Creech","Creech 2","","Slope",1,9.8,3,0,25,"30",100,"Creech 2 Slope 1 2020",100,"yes",25,0.7936,1.70030403025198,0.184375724052809
"1268",2020,"15/03/20","GBR","Northern Great Barrier Reef","Morgan","Creech","Creech 2","","Slope",2,9,4,1,18,"45",100,"Creech 2 Slope 2 2020",100,"yes",18,0.753086419753086,1.47984841847686,0.182488636950836
"1269",2020,"15/03/20","GBR","Northern Great Barrier Reef","Morgan","Creech","Creech 2","","Slope",3,8,4,0,41,"45",100,"Creech 2 Slope 3 2020",100,"yes",41,0.73051754907793,1.6532025167951,0.174206373756815
"1270",2020,"15/03/20","GBR","Northern Great Barrier Reef","Morgan","Creech","Creech 2","","Crest",1,3.5,2.5,0,54,"0",100,"Creech 2 Crest 1 2020",100,"yes",54,0.794924554183813,1.74321849811584,0.167127452810509
"1271",2020,"15/03/20","GBR","Northern Great Barrier Reef","Morgan","Creech","Creech 2","","Crest",2,2.5,2,1,57,"0",100,"Creech 2 Crest 2 2020",100,"yes",57,0.768236380424746,1.62955429175382,0.129573139017388
"1272",2020,"15/03/20","GBR","Northern Great Barrier Reef","Morgan","Creech","Creech 2","","Crest",3,2.5,1.5,0,28,"0",100,"Creech 2 Crest 3 2020",100,"yes",28,0.719387755102041,1.55687246103628,0.101588594664637
"1273",2020,"15/03/20","GBR","Northern Great Barrier Reef","Morgan","Creech","Creech 3","","Slope",1,9.5,4,0,28,"30",100,"Creech 3 Slope 1 2020",100,"yes",28,0.775510204081633,1.68893720919034,0.170747805992349
"1274",2020,"15/03/20","GBR","Northern Great Barrier Reef","Morgan","Creech","Creech 3","","Slope",2,9.4,4,0,36,"10",100,"Creech 3 Slope 2 2020",100,"yes",36,0.777777777777778,1.67973983317373,0.179383108330362
"1275",2020,"15/03/20","GBR","Northern Great Barrier Reef","Morgan","Creech","Creech 3","","Slope",3,8.7,4,0,27,"20",100,"Creech 3 Slope 3 2020",100,"yes",27,0.773662551440329,1.54722846791019,0.186534019232506
"1276",2020,"15/03/20","GBR","Northern Great Barrier Reef","Morgan","Creech","Creech 3","","Crest",1,4,1.5,0,24,"0",100,"Creech 3 Crest 1 2020",100,"yes",24,0.697916666666667,1.26788560314982,0.133408419258099
"1277",2020,"15/03/20","GBR","Northern Great Barrier Reef","Morgan","Creech","Creech 3","","Crest",2,3,2,0,47,"0",100,"Creech 3 Crest 2 2020",100,"yes",47,0.769578995020371,1.59173748095831,0.135388457556622
"1278",2020,"15/03/20","GBR","Northern Great Barrier Reef","Morgan","Creech","Creech 3","","Crest",3,2.5,2.5,0,67,"0",100,"Creech 3 Crest 3 2020",100,"yes",67,0.708843840498998,1.40627185149645,0.124302129895677
"1279",2020,"16/03/20","GBR","Northern Great Barrier Reef","Morgan","Crescent","Crescent 1","","Slope",1,5,2,0,6,"0",100,"Crescent 1 Slope 1 2020",100,"yes",6,0.611111111111111,1.01140426470735,0.160835192536298
"1280",2020,"16/03/20","GBR","Northern Great Barrier Reef","Morgan","Crescent","Crescent 1","","Slope",2,5.5,1.5,0,9,"0",100,"Crescent 1 Slope 2 2020",100,"yes",9,0.567901234567901,0.936888307539016,0.127118377900878
"1281",2020,"16/03/20","GBR","Northern Great Barrier Reef","Morgan","Crescent","Crescent 1","","Slope",3,7,1.5,0,7,"30",100,"Crescent 1 Slope 3 2020",100,"yes",7,0.693877551020408,1.27703425946614,0.192330265897907
"1282",2020,"16/03/20","GBR","Northern Great Barrier Reef","Morgan","Crescent","Crescent 1","","Crest",1,3,2.5,0,13,"0",100,"Crescent 1 Crest 1 2020",100,"yes",13,0.544378698224852,0.925129083572082,0.16282444592439
"1283",2020,"16/03/20","GBR","Northern Great Barrier Reef","Morgan","Crescent","Crescent 1","","Crest",2,2.5,2,1,2,"0",100,"Crescent 1 Crest 2 2020",100,"yes",2,0.5,0.693147180559945,0.207588145866519
"1284",2020,"16/03/20","GBR","Northern Great Barrier Reef","Morgan","Crescent","Crescent 1","","Crest",3,2.7,1.5,0,4,"0",100,"Crescent 1 Crest 3 2020",100,"yes",4,0.625,1.03972077083992,0.0937007313958271
"1285",2020,"16/03/20","GBR","Northern Great Barrier Reef","Morgan","Crescent","Crescent 2","","Slope",1,6.2,2,0,15,"0",100,"Crescent 2 Slope 1 2020",100,"yes",15,0.657777777777778,1.37929225447268,0.173371937719209
"1286",2020,"16/03/20","GBR","Northern Great Barrier Reef","Morgan","Crescent","Crescent 2","","Slope",2,8,1,0,11,"0",100,"Crescent 2 Slope 2 2020",100,"yes",11,0.743801652892562,1.46813993901621,0.209926287794629
"1287",2020,"16/03/20","GBR","Northern Great Barrier Reef","Morgan","Crescent","Crescent 2","","Slope",3,8.5,2.5,0,21,"45",100,"Crescent 2 Slope 3 2020",100,"yes",21,0.789115646258503,1.63086786005718,0.161004501068298
"1288",2020,"16/03/20","GBR","Northern Great Barrier Reef","Morgan","Crescent","Crescent 2","","Crest",1,3.3,2.5,0,14,"0",100,"Crescent 2 Crest 1 2020",100,"yes",14,0.714285714285714,1.39043779493948,0.169640117365955
"1289",2020,"16/03/20","GBR","Northern Great Barrier Reef","Morgan","Crescent","Crescent 2","","Crest",2,3.5,2,0,4,"0",100,"Crescent 2 Crest 2 2020",100,"yes",4,0.625,1.03972077083992,0.124074578115641
"1290",2020,"16/03/20","GBR","Northern Great Barrier Reef","Morgan","Crescent","Crescent 2","","Crest",3,3.5,2,0,18,"0",100,"Crescent 2 Crest 3 2020",100,"yes",18,0.740740740740741,1.53253012857408,0.184339812384721
"1291",2020,"16/03/20","GBR","Northern Great Barrier Reef","Morgan","Lizard","Lizard 1","","Slope",1,5,2.5,0,16,"45",100,"Lizard 1 Slope 1 2020",100,"yes",16,0.796875,1.66746193342929,0.130662394680152
"1292",2020,"16/03/20","GBR","Northern Great Barrier Reef","Morgan","Lizard","Lizard 1","","Slope",2,7.8,2,0,14,"45",100,"Lizard 1 Slope 2 2020",100,"yes",14,0.816326530612245,1.80951425584928,0.14837127092245
"1293",2020,"16/03/20","GBR","Northern Great Barrier Reef","Morgan","Lizard","Lizard 1","","Slope",3,7.8,1.5,0,15,"10",100,"Lizard 1 Slope 3 2020",100,"yes",15,0.711111111111111,1.48781671640145,0.133909846629016
"1294",2020,"16/03/20","GBR","Northern Great Barrier Reef","Morgan","Lizard","Lizard 1","","Crest",1,1.2,1,0,55,"0",100,"Lizard 1 Crest 1 2020",100,"yes",55,0.71404958677686,1.42493879770929,0.115536786623326
"1295",2020,"16/03/20","GBR","Northern Great Barrier Reef","Morgan","Lizard","Lizard 1","","Crest",2,1,2,1,47,"0",100,"Lizard 1 Crest 2 2020",100,"yes",47,0.761430511543685,1.62850088479932,0.105654744894528
"1296",2020,"16/03/20","GBR","Northern Great Barrier Reef","Morgan","Lizard","Lizard 1","","Crest",3,1,1,0,15,"0",100,"Lizard 1 Crest 3 2020",100,"yes",15,0.737777777777778,1.45025234466349,0.10481683949157
"1297",2020,"17/03/20","GBR","Northern Great Barrier Reef","Morgan","Day","Day 1","","Slope",1,5.5,3,6,5,"9",100,"Day 1 Slope 1 2020",100,"yes",5,0.56,0.950270539233235,0.108340311149877
"1298",2020,"17/03/20","GBR","Northern Great Barrier Reef","Morgan","Day","Day 1","","Slope",2,7,2.5,4,13,"60",100,"Day 1 Slope 2 2020",100,"yes",13,0.650887573964497,1.30387552933639,0.113586552161679
"1299",2020,"17/03/20","GBR","Northern Great Barrier Reef","Morgan","Day","Day 1","","Slope",3,6.5,4,11,9,"90",100,"Day 1 Slope 3 2020",100,"yes",9,0.641975308641975,1.30309240376172,0.126938252674079
"1300",2020,"17/03/20","GBR","Northern Great Barrier Reef","Morgan","Day","Day 1","","Crest",1,2.5,3,6,15,"90",100,"Day 1 Crest 1 2020",100,"yes",15,0.666666666666667,1.41417546405698,0.180965683480096
"1301",2020,"17/03/20","GBR","Northern Great Barrier Reef","Morgan","Day","Day 1","","Crest",2,2,3,8,13,"0",100,"Day 1 Crest 2 2020",100,"yes",13,0.591715976331361,0.983961446001026,0.165187042774553
"1302",2020,"17/03/20","GBR","Northern Great Barrier Reef","Morgan","Day","Day 1","","Crest",3,2,3,15,10,"90",100,"Day 1 Crest 3 2020",100,"yes",10,0.82,1.83437197028162,0.159904046669487
"1303",2020,"17/03/20","GBR","Northern Great Barrier Reef","Morgan","Day","Day 2","","Slope",1,8.7,3,8,14,"90",100,"Day 2 Slope 1 2020",100,"yes",14,0.755102040816326,1.67311836264325,0.121540433051196
"1304",2020,"17/03/20","GBR","Northern Great Barrier Reef","Morgan","Day","Day 2","","Slope",2,8.1,3,13,12,"45",100,"Day 2 Slope 2 2020",100,"yes",12,0.625,1.12692879480068,0.170838032383971
"1305",2020,"17/03/20","GBR","Northern Great Barrier Reef","Morgan","Day","Day 2","","Slope",3,8.5,3.5,15,15,"90",100,"Day 2 Slope 3 2020",100,"yes",15,0.746666666666667,1.54267196873815,0.116965374363084
"1306",2020,"17/03/20","GBR","Northern Great Barrier Reef","Morgan","Day","Day 2","","Crest",1,4,3.5,10,12,"45",100,"Day 2 Crest 1 2020",100,"yes",12,0.513888888888889,0.983087758574785,0.0913379662503249
"1307",2020,"17/03/20","GBR","Northern Great Barrier Reef","Morgan","Day","Day 2","","Crest",2,2.5,3.5,7,13,"45",100,"Day 2 Crest 2 2020",100,"yes",13,0.72189349112426,1.41274463686385,0.133769845649683
"1308",2020,"17/03/20","GBR","Northern Great Barrier Reef","Morgan","Day","Day 2","","Crest",3,3.5,3.5,2,15,"0",100,"Day 2 Crest 3 2020",100,"yes",15,0.72,1.32294951100453,0.15776357979635
"1309",2020,"17/03/20","GBR","Northern Great Barrier Reef","Morgan","Ribbon 10","Ribbon 10 1","","Slope",1,6,4,1,4,"90",100,"Ribbon 10 1 Slope 1 2020",100,"yes",4,0.375,0.562335144618808,0.106813057408396
"1310",2020,"17/03/20","GBR","Northern Great Barrier Reef","Morgan","Ribbon 10","Ribbon 10 1","","Slope",2,7.8,3,0,1,"45",100,"Ribbon 10 1 Slope 2 2020",100,"yes",1,0,0,0
"1311",2020,"17/03/20","GBR","Northern Great Barrier Reef","Morgan","Ribbon 10","Ribbon 10 1","","Slope",3,7.6,2.5,0,3,"45",100,"Ribbon 10 1 Slope 3 2020",100,"yes",3,0,0,0.0941860920396247
"1312",2020,"17/03/20","GBR","Northern Great Barrier Reef","Morgan","Ribbon 10","Ribbon 10 1","","Crest",1,1.5,3,2,13,"0",100,"Ribbon 10 1 Crest 1 2020",100,"yes",13,0.662721893491124,1.20479330969478,0.151859071986978
"1313",2020,"17/03/20","GBR","Northern Great Barrier Reef","Morgan","Ribbon 10","Ribbon 10 1","","Crest",2,1.5,3,0,12,"0",100,"Ribbon 10 1 Crest 2 2020",100,"yes",12,0.777777777777778,1.81430751960713,0.191836912899263
"1314",2020,"17/03/20","GBR","Northern Great Barrier Reef","Morgan","Ribbon 10","Ribbon 10 1","","Crest",3,2,3,1,9,"0",100,"Ribbon 10 1 Crest 3 2020",100,"yes",9,0.641975308641975,1.30309240376172,0.166358306755584
"1315",2020,"17/03/20","GBR","Northern Great Barrier Reef","Morgan","Ribbon 10","Ribbon 10 2","","Slope",1,6,2,0,4,"90",100,"Ribbon 10 2 Slope 1 2020",100,"yes",4,0,0,0.0794695151584333
"1316",2020,"17/03/20","GBR","Northern Great Barrier Reef","Morgan","Ribbon 10","Ribbon 10 2","","Slope",2,4,2,0,4,"90",100,"Ribbon 10 2 Slope 2 2020",100,"yes",4,0.375,0.562335144618808,0.123096900445599
"1317",2020,"17/03/20","GBR","Northern Great Barrier Reef","Morgan","Ribbon 10","Ribbon 10 2","","Slope",3,6,2,0,7,"90",100,"Ribbon 10 2 Slope 3 2020",100,"yes",7,0.448979591836735,0.796311640173813,0.118545909836846
"1318",2020,"17/03/20","GBR","Northern Great Barrier Reef","Morgan","Ribbon 10","Ribbon 10 2","","Crest",1,1.5,3,7,9,"0",100,"Ribbon 10 2 Crest 1 2020",100,"yes",9,0.37037037037037,0.683738905848754,0.141566704887246
"1319",2020,"17/03/20","GBR","Northern Great Barrier Reef","Morgan","Ribbon 10","Ribbon 10 2","","Crest",2,1.5,3,0,13,"0",100,"Ribbon 10 2 Crest 2 2020",100,"yes",13,0.650887573964497,1.30387552933638,0.175783863644959
"1320",2020,"17/03/20","GBR","Northern Great Barrier Reef","Morgan","Ribbon 10","Ribbon 10 2","","Crest",3,2,2.5,3,10,"0",100,"Ribbon 10 2 Crest 3 2020",100,"yes",10,0.76,1.50478828368119,0.14284284843065
"1321",2020,"18/03/20","GBR","Northern Great Barrier Reef","Morgan","Escape","Escape 1","","Slope",1,9,2,7,45,"0",100,"Escape 1 Slope 1 2020",100,"yes",45,0.767407407407407,1.58254970013892,0.170712941810435
"1322",2020,"18/03/20","GBR","Northern Great Barrier Reef","Morgan","Escape","Escape 1","","Slope",2,8,3,5,37,"0",100,"Escape 1 Slope 2 2020",100,"yes",37,0.788897005113221,1.74897604888451,0.169968891357796
"1323",2020,"18/03/20","GBR","Northern Great Barrier Reef","Morgan","Escape","Escape 1","","Slope",3,8.7,2,8,38,"0",100,"Escape 1 Slope 3 2020",100,"yes",38,0.796398891966759,1.70203459954219,0.163676606948915
"1324",2020,"18/03/20","GBR","Northern Great Barrier Reef","Morgan","Escape","Escape 1","","Crest",1,2,3,0,47,"0",100,"Escape 1 Crest 1 2020",100,"yes",47,0.779538252602988,1.71786357446572,0.14252062335514
"1325",2020,"18/03/20","GBR","Northern Great Barrier Reef","Morgan","Escape","Escape 1","","Crest",2,2,3,0,32,"90",100,"Escape 1 Crest 2 2020",100,"yes",32,0.763671875,1.65111042893665,0.15175952294487
"1326",2020,"18/03/20","GBR","Northern Great Barrier Reef","Morgan","Escape","Escape 1","","Crest",3,2,3,0,24,"90",100,"Escape 1 Crest 3 2020",100,"yes",24,0.684027777777778,1.37413483409071,0.170388114524614
"1327",2020,"18/03/20","GBR","Northern Great Barrier Reef","Morgan","Escape","Escape 2","","Slope",1,7.5,2,0,38,"0",100,"Escape 2 Slope 1 2020",100,"yes",38,0.847645429362881,1.97038313406973,0.177767257486335
"1328",2020,"18/03/20","GBR","Northern Great Barrier Reef","Morgan","Escape","Escape 2","","Slope",2,6.4,2,0,34,"0",100,"Escape 2 Slope 2 2020",100,"yes",34,0.826989619377163,1.91337817853804,0.176969311934676
"1329",2020,"18/03/20","GBR","Northern Great Barrier Reef","Morgan","Escape","Escape 2","","Slope",3,6.2,3,0,37,"45",100,"Escape 2 Slope 3 2020",100,"yes",37,0.785975164353543,1.67501478181367,0.16959288934045
"1330",2020,"18/03/20","GBR","Northern Great Barrier Reef","Morgan","Escape","Escape 2","","Crest",1,2,2,0,29,"45",100,"Escape 2 Crest 1 2020",100,"yes",29,0.713436385255648,1.49570851203454,0.180228375600684
"1331",2020,"18/03/20","GBR","Northern Great Barrier Reef","Morgan","Escape","Escape 2","","Crest",2,1.6,1.5,0,28,"45",100,"Escape 2 Crest 2 2020",100,"yes",28,0.76530612244898,1.58991618339607,0.156268300953657
"1332",2020,"18/03/20","GBR","Northern Great Barrier Reef","Morgan","Escape","Escape 2","","Crest",3,1,1.5,0,29,"45",100,"Escape 2 Crest 3 2020",100,"yes",29,0.703923900118906,1.34690744007672,0.125499728695908
"1333",2020,"18/03/20","GBR","Northern Great Barrier Reef","Morgan","Agincourt","Agincourt 1","","Slope",1,5.4,2.5,0,6,"0",100,"Agincourt 1 Slope 1 2020",100,"yes",6,0.277777777777778,0.450561208866305,0.086556900558842
"1334",2020,"18/03/20","GBR","Northern Great Barrier Reef","Morgan","Agincourt","Agincourt 1","","Slope",2,6,1.5,0,5,"0",100,"Agincourt 1 Slope 2 2020",100,"yes",5,0.72,1.33217904021012,0.12475634439264
"1335",2020,"18/03/20","GBR","Northern Great Barrier Reef","Morgan","Agincourt","Agincourt 1","","Slope",3,6.2,2.5,0,10,"90",100,"Agincourt 1 Slope 3 2020",100,"yes",10,0.74,1.47080847632211,0.141216212171742
"1336",2020,"18/03/20","GBR","Northern Great Barrier Reef","Morgan","Agincourt","Agincourt 1","","Crest",1,2,2.5,3,5,"90",100,"Agincourt 1 Crest 1 2020",100,"yes",5,0,0,0.0794695151584333
"1337",2020,"18/03/20","GBR","Northern Great Barrier Reef","Morgan","Agincourt","Agincourt 1","","Crest",2,1,2.5,1,5,"0",100,"Agincourt 1 Crest 2 2020",100,"yes",5,0.56,0.950270539233235,0.167204190103816
"1338",2020,"18/03/20","GBR","Northern Great Barrier Reef","Morgan","Agincourt","Agincourt 1","","Crest",3,1,2.5,8,12,"0",100,"Agincourt 1 Crest 3 2020",100,"yes",12,0.402777777777778,0.721463686692512,0.110722230424903
"1339",2020,"20/03/20","GBR","Central Great Barrier Reef","Morgan","Ellison","Ellison 1","","Slope",1,6.2,2,0,27,"90",100,"Ellison 1 Slope 1 2020",100,"yes",27,0.737997256515775,1.42706104338072,0.135097777907674
"1340",2020,"20/03/20","GBR","Central Great Barrier Reef","Morgan","Ellison","Ellison 1","","Slope",2,7.8,2,0,30,"60",100,"Ellison 1 Slope 2 2020",100,"yes",30,0.66,1.19602045719782,0.14595452282558
"1341",2020,"20/03/20","GBR","Central Great Barrier Reef","Morgan","Ellison","Ellison 1","","Slope",3,6.3,2,0,32,"45",100,"Ellison 1 Slope 3 2020",100,"yes",32,0.67578125,1.37749199937136,0.172030007563968
"1342",2020,"20/03/20","GBR","Central Great Barrier Reef","Morgan","Ellison","Ellison 1","","Crest",1,3.2,2,0,47,"0",100,"Ellison 1 Crest 1 2020",100,"yes",47,0.780443639655953,1.72323506019473,0.133514298701552
"1343",2020,"20/03/20","GBR","Central Great Barrier Reef","Morgan","Ellison","Ellison 1","","Crest",2,2.5,2,0,36,"0",100,"Ellison 1 Crest 2 2020",100,"yes",36,0.751543209876543,1.62519830352711,0.126568305268398
"1344",2020,"20/03/20","GBR","Central Great Barrier Reef","Morgan","Ellison","Ellison 1","","Crest",3,2.4,2,0,21,"0",100,"Ellison 1 Crest 3 2020",100,"yes",21,0.739229024943311,1.5498260458782,0.119984504031825
"1345",2020,"20/03/20","GBR","Central Great Barrier Reef","Morgan","Ellison","Ellison 2","","Slope",1,6.1,2,0,18,"45",100,"Ellison 2 Slope 1 2020",100,"yes",18,0.580246913580247,1.16487291190137,0.139276858301497
"1346",2020,"20/03/20","GBR","Central Great Barrier Reef","Morgan","Ellison","Ellison 2","","Slope",2,6.1,1.5,0,18,"45",100,"Ellison 2 Slope 2 2020",100,"yes",18,0.648148148148148,1.17562864206366,0.116774980292405
"1347",2020,"20/03/20","GBR","Central Great Barrier Reef","Morgan","Ellison","Ellison 2","","Slope",3,5.6,1.5,0,18,"30",100,"Ellison 2 Slope 3 2020",100,"yes",18,0.722222222222222,1.50407739677627,0.134753987740998
"1348",2020,"20/03/20","GBR","Central Great Barrier Reef","Morgan","Ellison","Ellison 2","","Crest",1,3,1.5,0,27,"0",100,"Ellison 2 Crest 1 2020",100,"yes",27,0.842249657064472,1.96047566746651,0.151604639926045
"1349",2020,"20/03/20","GBR","Central Great Barrier Reef","Morgan","Ellison","Ellison 2","","Crest",2,2,1.5,0,12,"0",100,"Ellison 2 Crest 2 2020",100,"yes",12,0.777777777777778,1.63263092715435,0.137220804934528
"1350",2020,"20/03/20","GBR","Central Great Barrier Reef","Morgan","Ellison","Ellison 2","","Crest",3,2,1,0,20,"0",100,"Ellison 2 Crest 3 2020",100,"yes",20,0.675,1.20562823248872,0.121136384478796
"1351",2020,"20/03/20","GBR","Central Great Barrier Reef","Morgan","Potter","Potter 1","","Slope",1,9,2,0,3,"90",100,"Potter 1 Slope 1 2020",100,"yes",3,0.666666666666667,1.09861228866811,0.144339675529013
"1352",2020,"20/03/20","GBR","Central Great Barrier Reef","Morgan","Potter","Potter 1","","Slope",2,7.8,2,0,7,"0",100,"Potter 1 Slope 2 2020",100,"yes",7,0.693877551020408,1.27703425946614,0.121208059360121
"1353",2020,"20/03/20","GBR","Central Great Barrier Reef","Morgan","Potter","Potter 1","","Slope",3,7.6,1.5,0,5,"45",100,"Potter 1 Slope 3 2020",100,"yes",5,0.32,0.500402423538188,0.0209591274466369
"1354",2020,"20/03/20","GBR","Central Great Barrier Reef","Morgan","Potter","Potter 1","","Crest",1,1.5,1.5,0,22,"0",100,"Potter 1 Crest 1 2020",100,"yes",22,0.5,0.968807062232077,0.0996659858070024
"1355",2020,"20/03/20","GBR","Central Great Barrier Reef","Morgan","Potter","Potter 1","","Crest",2,1.5,1.5,0,15,"0",100,"Potter 1 Crest 2 2020",100,"yes",15,0.515555555555556,0.988154224290194,0.0914531550780846
"1356",2020,"20/03/20","GBR","Central Great Barrier Reef","Morgan","Potter","Potter 1","","Crest",3,1,1,0,42,"0",100,"Potter 1 Crest 3 2020",100,"yes",42,0.374149659863946,0.891392651336856,0.0414113649722153
"1357",2020,"20/03/20","GBR","Central Great Barrier Reef","Morgan","Potter","Potter 2","","Slope",1,4.5,1.5,1,2,"30",100,"Potter 2 Slope 1 2020",100,"yes",2,0.5,0.693147180559945,0.201210965899703
"1358",2020,"20/03/20","GBR","Central Great Barrier Reef","Morgan","Potter","Potter 2","","Slope",2,4,1.5,6,10,"45",100,"Potter 2 Slope 2 2020",100,"yes",10,0.58,1.08889997534522,0.156520001353443
"1359",2020,"20/03/20","GBR","Central Great Barrier Reef","Morgan","Potter","Potter 2","","Slope",3,3.5,1.5,2,6,"90",100,"Potter 2 Slope 3 2020",100,"yes",6,0.666666666666667,1.242453324894,0.1730219792006
"1360",2020,"20/03/20","GBR","Central Great Barrier Reef","Morgan","Potter","Potter 2","","Crest",1,1,1.5,2,11,"0",100,"Potter 2 Crest 1 2020",100,"yes",11,0.776859504132231,1.64173471218752,0.125185924568728
"1361",2020,"20/03/20","GBR","Central Great Barrier Reef","Morgan","Potter","Potter 2","","Crest",2,1,1,2,15,"0",100,"Potter 2 Crest 2 2020",100,"yes",15,0.631111111111111,1.15956979673905,0.161213333957278
"1362",2020,"20/03/20","GBR","Central Great Barrier Reef","Morgan","Potter","Potter 2","","Crest",3,1,1,2,15,"0",100,"Potter 2 Crest 3 2020",100,"yes",15,0.497777777777778,0.860851390631232,0.141263535505982
"1363",2020,"21/03/20","GBR","Central Great Barrier Reef","Morgan","Yamacutta","Yamacutta 1","","Slope",1,5.5,2,0,15,"90",100,"Yamacutta 1 Slope 1 2020",100,"yes",15,0.8,1.69143433628096,0.158295115824632
"1364",2020,"21/03/20","GBR","Central Great Barrier Reef","Morgan","Yamacutta","Yamacutta 1","","Slope",2,6,2,0,23,"45",100,"Yamacutta 1 Slope 2 2020",100,"yes",23,0.725897920604915,1.33408191896482,0.11253997153497
"1365",2020,"21/03/20","GBR","Central Great Barrier Reef","Morgan","Yamacutta","Yamacutta 1","","Slope",3,6.1,2,0,29,"30",100,"Yamacutta 1 Slope 3 2020",100,"yes",29,0.694411414982164,1.3570323766362,0.119870868336712
"1366",2020,"21/03/20","GBR","Central Great Barrier Reef","Morgan","Yamacutta","Yamacutta 1","","Crest",1,1,2.5,0,37,"0",100,"Yamacutta 1 Crest 1 2020",100,"yes",37,0.695398100803506,1.34301209359015,0.105878621790346
"1367",2020,"21/03/20","GBR","Central Great Barrier Reef","Morgan","Yamacutta","Yamacutta 1","","Crest",2,1,2.5,0,77,"0",100,"Yamacutta 1 Crest 2 2020",100,"yes",77,0.332602462472592,0.627711457572884,0.0561719282158648
"1368",2020,"21/03/20","GBR","Central Great Barrier Reef","Morgan","Yamacutta","Yamacutta 1","","Crest",3,1,2.5,0,90,"0",100,"Yamacutta 1 Crest 3 2020",100,"yes",90,0.276296296296296,0.571946762324524,0.0507188399400667
"1369",2020,"21/03/20","GBR","Central Great Barrier Reef","Morgan","Yamacutta","Yamacutta 2","","Slope",1,7.5,1.5,0,14,"90",100,"Yamacutta 2 Slope 1 2020",100,"yes",14,0.642857142857143,1.17099712611621,0.100987240415153
"1370",2020,"21/03/20","GBR","Central Great Barrier Reef","Morgan","Yamacutta","Yamacutta 2","","Slope",2,9,3,0,18,"90",100,"Yamacutta 2 Slope 2 2020",100,"yes",18,0.777777777777778,1.61884909168191,0.158665898874661
"1371",2020,"21/03/20","GBR","Central Great Barrier Reef","Morgan","Yamacutta","Yamacutta 2","","Slope",3,8.5,3,0,35,"90",100,"Yamacutta 2 Slope 3 2020",100,"yes",35,0.723265306122449,1.45349033145501,0.137994429375977
"1372",2020,"21/03/20","GBR","Central Great Barrier Reef","Morgan","Yamacutta","Yamacutta 2","","Crest",1,1,1,0,46,"0",100,"Yamacutta 2 Crest 1 2020",100,"yes",46,0.664461247637051,1.34730836585091,0.0991884512743327
"1373",2020,"21/03/20","GBR","Central Great Barrier Reef","Morgan","Yamacutta","Yamacutta 2","","Crest",2,1,2,0,42,"0",100,"Yamacutta 2 Crest 2 2020",100,"yes",42,0.722222222222222,1.55347254286529,0.122669021931585
"1374",2020,"21/03/20","GBR","Central Great Barrier Reef","Morgan","Yamacutta","Yamacutta 2","","Crest",3,2.5,2,0,60,"0",100,"Yamacutta 2 Crest 3 2020",100,"yes",60,0.516666666666667,1.09433703299571,0.098747284765384
"1375",2020,"22/03/20","GBR","Central Great Barrier Reef","Morgan","17-065","17-065 1","","Slope",1,9.5,1,0,18,"45",100,"17-065 1 Slope 1 2020",100,"yes",18,0.814814814814815,1.73996681998376,0.131341212836154
"1376",2020,"22/03/20","GBR","Central Great Barrier Reef","Morgan","17-065","17-065 1","","Slope",2,8.3,2,0,24,"45",100,"17-065 1 Slope 2 2020",100,"yes",24,0.829861111111111,1.84187798135081,0.183536911450678
"1377",2020,"22/03/20","GBR","Central Great Barrier Reef","Morgan","17-065","17-065 1","","Slope",3,6.5,1.5,2,23,"45",100,"17-065 1 Slope 3 2020",100,"yes",23,0.79773156899811,1.60367145177825,0.16346185487947
"1378",2020,"22/03/20","GBR","Central Great Barrier Reef","Morgan","17-065","17-065 1","","Crest",1,2.5,2,1,25,"0",100,"17-065 1 Crest 1 2020",100,"yes",25,0.592,1.064315403908,0.0918716558374638
"1379",2020,"22/03/20","GBR","Central Great Barrier Reef","Morgan","17-065","17-065 1","","Crest",2,2.3,2,0,52,"0",100,"17-065 1 Crest 2 2020",100,"yes",52,0.600591715976331,1.08414760240794,0.098382091690184
"1380",2020,"22/03/20","GBR","Central Great Barrier Reef","Morgan","17-065","17-065 1","","Crest",3,3,2,0,53,"0",100,"17-065 1 Crest 3 2020",100,"yes",53,0.6187255250979,1.19488380479679,0.106285302907651
"1381",2020,"22/03/20","GBR","Central Great Barrier Reef","Morgan","17-065","17-065 2","","Slope",1,8.5,3.5,0,7,"90",100,"17-065 2 Slope 1 2020",100,"yes",7,0.775510204081633,1.5498260458782,0.159040121016426
"1382",2020,"22/03/20","GBR","Central Great Barrier Reef","Morgan","17-065","17-065 2","","Slope",2,8.3,3,0,17,"90",100,"17-065 2 Slope 2 2020",100,"yes",17,0.726643598615917,1.40127664864337,0.153702720973291
"1383",2020,"22/03/20","GBR","Central Great Barrier Reef","Morgan","17-065","17-065 2","","Slope",3,8.2,3,0,14,"90",100,"17-065 2 Slope 3 2020",100,"yes",14,0.693877551020408,1.46806020349905,0.152966335327801
"1384",2020,"22/03/20","GBR","Central Great Barrier Reef","Morgan","17-065","17-065 2","","Crest",1,2,2,0,40,"0",100,"17-065 2 Crest 1 2020",100,"yes",40,0.59625,1.20986195610876,0.101971898066556
"1385",2020,"22/03/20","GBR","Central Great Barrier Reef","Morgan","17-065","17-065 2","","Crest",2,2.4,2,0,41,"0",100,"17-065 2 Crest 2 2020",100,"yes",41,0.547293277810827,1.07265708798244,0.0841655943086529
"1386",2020,"22/03/20","GBR","Central Great Barrier Reef","Morgan","17-065","17-065 2","","Crest",3,2.5,2,0,32,"0",100,"17-065 2 Crest 3 2020",100,"yes",32,0.615234375,1.1976254499523,0.111917676805767
"1387",2020,"22/03/20","GBR","Central Great Barrier Reef","Morgan","Walker","Walker 1","","Slope",1,8.5,1.5,2,4,"90",100,"Walker 1 Slope 1 2020",100,"yes",4,0.75,1.38629436111989,0.142205751808288
"1388",2020,"22/03/20","GBR","Central Great Barrier Reef","Morgan","Walker","Walker 1","","Slope",2,8.8,1.5,0,5,"45",100,"Walker 1 Slope 2 2020",100,"yes",5,0.56,0.950270539233235,0.14391598575049
"1389",2020,"22/03/20","GBR","Central Great Barrier Reef","Morgan","Walker","Walker 1","","Slope",3,7.1,1.5,1,7,"45",100,"Walker 1 Slope 3 2020",100,"yes",7,0.571428571428571,0.955699891112534,0.193997812115943
"1390",2020,"22/03/20","GBR","Central Great Barrier Reef","Morgan","Walker","Walker 1","","Crest",1,1,2,0,37,"0",100,"Walker 1 Crest 1 2020",100,"yes",37,0.701241782322863,1.34566683698958,0.111342169112008
"1391",2020,"22/03/20","GBR","Central Great Barrier Reef","Morgan","Walker","Walker 1","","Crest",2,1,2,0,30,"0",100,"Walker 1 Crest 2 2020",100,"yes",30,0.751111111111111,1.45627108934246,0.138173425205362
"1392",2020,"22/03/20","GBR","Central Great Barrier Reef","Morgan","Walker","Walker 1","","Crest",3,1,2,0,44,"0",100,"Walker 1 Crest 3 2020",100,"yes",44,0.528925619834711,1.07394149287,0.0787775461114669
"1393",2021,"5/02/21","GBR","Southern Great Barrier Reef","Morgan","Wilson","Wilson 1","","Slope",1,10.5,2,3,9,"10",100,"Wilson 1 Slope 1 2021",100,"yes",9,0.71604938271605,1.42706104338072,0.126057139588638
"1394",2021,"5/02/21","GBR","Southern Great Barrier Reef","Morgan","Wilson","Wilson 1","","Slope",2,9.5,2,1,20,"10",100,"Wilson 1 Slope 2 2021",100,"yes",20,0.785,1.77367480716412,0.165472413559179
"1395",2021,"5/02/21","GBR","Southern Great Barrier Reef","Morgan","Wilson","Wilson 1","","Slope",3,10,2,0,10,"20",100,"Wilson 1 Slope 3 2021",100,"yes",10,0.72,1.33217904021012,0.142492571156901
"1396",2021,"5/02/21","GBR","Southern Great Barrier Reef","Morgan","Wilson","Wilson 1","","Crest",1,2.5,4,0,42,"30",100,"Wilson 1 Crest 1 2021",100,"yes",42,0.503401360544218,0.966893800499178,0.0936788167423328
"1397",2021,"5/02/21","GBR","Southern Great Barrier Reef","Morgan","Wilson","Wilson 1","","Crest",2,2.5,4,0,50,"20",100,"Wilson 1 Crest 2 2021",100,"yes",50,0.64,1.3695381785023,0.144727176577584
"1398",2021,"5/02/21","GBR","Southern Great Barrier Reef","Morgan","Wilson","Wilson 1","","Crest",3,1.5,3,0,78,"19",100,"Wilson 1 Crest 3 2021",100,"yes",78,0.598948060486522,1.07433826467912,0.150466119629888
"1399",2021,"5/02/21","GBR","Southern Great Barrier Reef","Morgan","Wilson","Wilson 2","","Slope",1,8.5,2,0,15,"10",100,"Wilson 2 Slope 1 2021",100,"yes",15,0.337777777777778,0.62770525719715,0.0577182917860743
"1400",2021,"5/02/21","GBR","Southern Great Barrier Reef","Morgan","Wilson","Wilson 2","","Slope",2,9,2.5,0,12,"25",100,"Wilson 2 Slope 2 2021",100,"yes",12,0.541666666666667,0.887694275799104,0.085027881187146
"1401",2021,"5/02/21","GBR","Southern Great Barrier Reef","Morgan","Wilson","Wilson 2","","Slope",3,8.5,2,0,24,"0",100,"Wilson 2 Slope 3 2021",100,"yes",24,0.767361111111111,1.60681544050588,0.127505436301272
"1402",2021,"5/02/21","GBR","Southern Great Barrier Reef","Morgan","Wilson","Wilson 2","","Crest",1,2.5,2,1,47,"10",100,"Wilson 2 Crest 1 2021",100,"yes",47,0.781349026708918,1.62263280188643,0.0962619680733528
"1403",2021,"5/02/21","GBR","Southern Great Barrier Reef","Morgan","Wilson","Wilson 2","","Crest",2,2.5,3,0,51,"10",100,"Wilson 2 Crest 2 2021",100,"yes",51,0.735870818915802,1.40090267125888,0.104663851609567
"1404",2021,"5/02/21","GBR","Southern Great Barrier Reef","Morgan","Wilson","Wilson 2","","Crest",3,2,3,0,56,"10",100,"Wilson 2 Crest 3 2021",100,"yes",56,0.807397959183673,1.83358130721492,0.147472117396619
"1405",2021,"6/02/21","Coral Sea","Southern Coral Sea","Morgan","Saumarez","Saumarez 3","","Slope",1,6.7,1.5,11,3,"70",100,"Saumarez 3 Slope 1 2021",100,"yes",3,0.666666666666667,1.09861228866811,0.181657318459485
"1406",2021,"6/02/21","Coral Sea","Southern Coral Sea","Morgan","Saumarez","Saumarez 3","","Slope",2,7.1,2,12,14,"75",100,"Saumarez 3 Slope 2 2021",100,"yes",14,0.714285714285714,1.40032657623119,0.152977754181209
"1407",2021,"6/02/21","Coral Sea","Southern Coral Sea","Morgan","Saumarez","Saumarez 3","","Slope",3,7.2,2,9,10,"70",100,"Saumarez 3 Slope 3 2021",100,"yes",10,0.78,1.55711309805765,0.160963831498201
"1408",2021,"6/02/21","Coral Sea","Southern Coral Sea","Morgan","Saumarez","Saumarez 3","","Crest",1,1.8,3,9,26,"50",100,"Saumarez 3 Crest 1 2021",100,"yes",26,0.488165680473373,0.990474866954928,0.0617857695596119
"1409",2021,"6/02/21","Coral Sea","Southern Coral Sea","Morgan","Saumarez","Saumarez 3","","Crest",2,1.6,3.5,2,41,"90",100,"Saumarez 3 Crest 2 2021",100,"yes",41,0.761451516954194,1.68049077421354,0.0959241020349295
"1410",2021,"6/02/21","Coral Sea","Southern Coral Sea","Morgan","Saumarez","Saumarez 3","","Crest",3,2,3,6,41,"70",100,"Saumarez 3 Crest 3 2021",100,"yes",41,0.779298036882808,1.76496416981179,0.124905849753345
"1411",2021,"6/02/21","Coral Sea","Southern Coral Sea","Morgan","Saumarez","Saumarez 7","","Slope",1,8.1,3,14,15,"80",100,"Saumarez 7 Slope 1 2021",100,"yes",15,0.773333333333333,1.61705315250955,0.130089366534472
"1412",2021,"6/02/21","Coral Sea","Southern Coral Sea","Morgan","Saumarez","Saumarez 7","","Slope",2,8.1,3,0,10,"60",100,"Saumarez 7 Slope 2 2021",100,"yes",10,0.74,1.47080847632211,0.125676154459337
"1413",2021,"6/02/21","Coral Sea","Southern Coral Sea","Morgan","Saumarez","Saumarez 7","","Slope",3,7,2.5,12,19,"90",100,"Saumarez 7 Slope 3 2021",100,"yes",19,0.803324099722992,1.69077183820571,0.152131905597374
"1414",2021,"6/02/21","Coral Sea","Southern Coral Sea","Morgan","Saumarez","Saumarez 7","","Crest",1,3.1,3,14,24,"45",100,"Saumarez 7 Crest 1 2021",100,"yes",24,0.788194444444444,1.79063021644653,0.140252357892191
"1415",2021,"6/02/21","Coral Sea","Southern Coral Sea","Morgan","Saumarez","Saumarez 7","","Crest",2,3,3,8,25,"45",100,"Saumarez 7 Crest 2 2021",100,"yes",25,0.768,1.5825064374116,0.11150971818501
"1416",2021,"6/02/21","Coral Sea","Southern Coral Sea","Morgan","Saumarez","Saumarez 7","","Crest",3,2.4,4,4,19,"60",100,"Saumarez 7 Crest 3 2021",100,"yes",19,0.808864265927978,1.84034079564159,0.12899748477569
"1417",2021,"6/02/21","Coral Sea","Southern Coral Sea","Morgan","Saumarez","Saumarez 5","","Slope",1,6.5,3,43,3,"100",100,"Saumarez 5 Slope 1 2021",100,"yes",3,0.666666666666667,1.09861228866811,0.107632899150822
"1418",2021,"6/02/21","Coral Sea","Southern Coral Sea","Morgan","Saumarez","Saumarez 5","","Slope",2,7.4,3,45,5,"90",100,"Saumarez 5 Slope 2 2021",100,"yes",5,0.72,1.33217904021012,0.117554113215607
"1419",2021,"6/02/21","Coral Sea","Southern Coral Sea","Morgan","Saumarez","Saumarez 5","","Slope",3,9.6,4,53,4,"100",100,"Saumarez 5 Slope 3 2021",100,"yes",4,0.375,0.562335144618808,0.0662682165353826
"1420",2021,"6/02/21","Coral Sea","Southern Coral Sea","Morgan","Saumarez","Saumarez 5","","Crest",1,2.5,2.5,8,14,"90",100,"Saumarez 5 Crest 1 2021",100,"yes",14,0.755102040816326,1.67311836264325,0.102459959434173
"1421",2021,"6/02/21","Coral Sea","Southern Coral Sea","Morgan","Saumarez","Saumarez 5","","Crest",2,2.5,2.5,20,15,"90",100,"Saumarez 5 Crest 2 2021",100,"yes",15,0.773333333333333,1.61705315250955,0.171035258972362
"1422",2021,"6/02/21","Coral Sea","Southern Coral Sea","Morgan","Saumarez","Saumarez 5","","Crest",3,3,3,10,15,"45",100,"Saumarez 5 Crest 3 2021",100,"yes",15,0.773333333333333,1.61705315250955,0.0800554713584638
"1423",2021,"7/02/21","Coral Sea","Southern Coral Sea","Morgan","Wreck","Wreck 2","","Slope",1,9,4,6,10,"90",100,"Wreck 2 Slope 1 2021",100,"yes",10,0.46,0.801818552543337,0.0866373637258651
"1424",2021,"7/02/21","Coral Sea","Southern Coral Sea","Morgan","Wreck","Wreck 2","","Slope",2,8.2,4,0,15,"90",100,"Wreck 2 Slope 2 2021",100,"yes",15,0.631111111111111,1.15956979673905,0.0940638834217964
"1425",2021,"7/02/21","Coral Sea","Southern Coral Sea","Morgan","Wreck","Wreck 2","","Slope",3,9,4,3,30,"90",100,"Wreck 2 Slope 3 2021",100,"yes",30,0.475555555555556,0.95558221114608,0.0408871694684407
"1426",2021,"7/02/21","Coral Sea","Southern Coral Sea","Morgan","Wreck","Wreck 2","","Crest",1,2,2,0,21,"45",100,"Wreck 2 Crest 1 2021",100,"yes",21,0.648526077097506,1.26036991916432,0.0972179795266244
"1427",2021,"7/02/21","Coral Sea","Southern Coral Sea","Morgan","Wreck","Wreck 2","","Crest",2,2,3.5,1,23,"45",100,"Wreck 2 Crest 2 2021",100,"yes",23,0.597353497164461,1.3255405706362,0.0950988470380053
"1428",2021,"7/02/21","Coral Sea","Southern Coral Sea","Morgan","Wreck","Wreck 2","","Crest",3,2,3.5,0,24,"60",100,"Wreck 2 Crest 3 2021",100,"yes",24,0.809027777777778,1.72226072185002,0.112373449826877
"1429",2021,"7/02/21","Coral Sea","Southern Coral Sea","Morgan","Wreck","Wreck 3","","Slope",1,7.3,3.5,1,9,"60",100,"Wreck 3 Slope 1 2021",100,"yes",9,0.740740740740741,1.58109375017182,0.103722744591825
"1430",2021,"7/02/21","Coral Sea","Southern Coral Sea","Morgan","Wreck","Wreck 3","","Slope",2,7.6,2.5,0,21,"0",100,"Wreck 3 Slope 2 2021",100,"yes",21,0.566893424036281,1.12662655902821,0.118541621907625
"1431",2021,"7/02/21","Coral Sea","Southern Coral Sea","Morgan","Wreck","Wreck 3","","Slope",3,8.4,3.5,1,15,"45",100,"Wreck 3 Slope 3 2021",100,"yes",15,0.773333333333333,1.61705315250955,0.133192225369676
"1432",2021,"7/02/21","Coral Sea","Southern Coral Sea","Morgan","Wreck","Wreck 3","","Crest",1,2.9,3,0,18,"0",100,"Wreck 3 Crest 1 2021",100,"yes",18,0.598765432098765,1.04197927640298,0.0633614458048715
"1433",2021,"7/02/21","Coral Sea","Southern Coral Sea","Morgan","Wreck","Wreck 3","","Crest",2,2.3,4,3,18,"90",100,"Wreck 3 Crest 2 2021",100,"yes",18,0.512345679012346,0.973648923197263,0.0571470922087421
"1434",2021,"7/02/21","Coral Sea","Southern Coral Sea","Morgan","Wreck","Wreck 3","","Crest",3,2.7,3,2,51,"60",100,"Wreck 3 Crest 3 2021",100,"yes",51,0.499038831218762,1.02425971376118,0.0699504008575656
"1435",2021,"7/02/21","Coral Sea","Southern Coral Sea","Morgan","Wreck","Wreck 1","","Slope",1,9.4,4,3,9,"90",100,"Wreck 1 Slope 1 2021",100,"yes",9,0.641975308641975,1.06085694715802,0.142737762504936
"1436",2021,"7/02/21","Coral Sea","Southern Coral Sea","Morgan","Wreck","Wreck 1","","Slope",2,9.4,3.5,3,19,"90",100,"Wreck 1 Slope 2 2021",100,"yes",19,0.74792243767313,1.52094997520769,0.163245683947743
"1437",2021,"7/02/21","Coral Sea","Southern Coral Sea","Morgan","Wreck","Wreck 1","","Slope",3,9.8,3.5,3,34,"90",100,"Wreck 1 Slope 3 2021",100,"yes",34,0.839100346020761,1.87885683059554,0.147717416469297
"1438",2021,"7/02/21","Coral Sea","Southern Coral Sea","Morgan","Wreck","Wreck 1","","Crest",1,3,3,3,35,"0",100,"Wreck 1 Crest 1 2021",100,"yes",35,0.46530612244898,0.963942224537734,0.05572444842678
"1439",2021,"7/02/21","Coral Sea","Southern Coral Sea","Morgan","Wreck","Wreck 1","","Crest",2,2.5,2.5,2,28,"45",100,"Wreck 1 Crest 2 2021",100,"yes",28,0.676020408163265,1.38117482319015,0.10068908349187
"1440",2021,"7/02/21","Coral Sea","Southern Coral Sea","Morgan","Wreck","Wreck 1","","Crest",3,2.4,2.5,0,54,"45",100,"Wreck 1 Crest 3 2021",100,"yes",54,0.477366255144033,1.03442964600565,0.0718138789190836
"1441",2021,"8/02/21","Coral Sea","Southern Coral Sea","Morgan","Kenn","Kenn 1","","Slope",1,7.8,4,0,9,"90",100,"Kenn 1 Slope 1 2021",100,"yes",9,0.567901234567901,0.936888307539016,0.13640267385599
"1442",2021,"8/02/21","Coral Sea","Southern Coral Sea","Morgan","Kenn","Kenn 1","","Slope",2,7.8,4,0,6,"45",100,"Kenn 1 Slope 2 2021",100,"yes",6,0.666666666666667,1.242453324894,0.119939976550937
"1443",2021,"8/02/21","Coral Sea","Southern Coral Sea","Morgan","Kenn","Kenn 1","","Slope",3,7.7,4,0,8,"90",100,"Kenn 1 Slope 3 2021",100,"yes",8,0.75,1.49417513828931,0.111882512110032
"1444",2021,"8/02/21","Coral Sea","Southern Coral Sea","Morgan","Kenn","Kenn 1","","Crest",1,2.3,4,0,34,"45",100,"Kenn 1 Crest 1 2021",100,"yes",34,0.73356401384083,1.47376950094298,0.0926831074962754
"1445",2021,"8/02/21","Coral Sea","Southern Coral Sea","Morgan","Kenn","Kenn 1","","Crest",2,2.3,4,0,33,"0",100,"Kenn 1 Crest 2 2021",100,"yes",33,0.633608815426997,1.15186719879157,0.0800580342816143
"1446",2021,"8/02/21","Coral Sea","Southern Coral Sea","Morgan","Kenn","Kenn 1","","Crest",3,2.7,4,0,27,"0",100,"Kenn 1 Crest 3 2021",100,"yes",27,0.770919067215364,1.66606959130386,0.105115651521512
"1447",2021,"8/02/21","Coral Sea","Southern Coral Sea","Morgan","Kenn","Kenn 2","","Slope",1,7.7,3.5,0,7,"100",100,"Kenn 2 Slope 1 2021",100,"yes",7,0.693877551020408,1.27703425946614,0.147091903430138
"1448",2021,"8/02/21","Coral Sea","Southern Coral Sea","Morgan","Kenn","Kenn 2","","Slope",2,7.4,3.5,1,12,"120",100,"Kenn 2 Slope 2 2021",100,"yes",12,0.847222222222222,1.97920451743432,0.126306737014491
"1449",2021,"8/02/21","Coral Sea","Southern Coral Sea","Morgan","Kenn","Kenn 2","","Slope",3,7.5,3.5,1,11,"120",100,"Kenn 2 Slope 3 2021",100,"yes",11,0.776859504132231,1.54659868604851,0.125283124459973
"1450",2021,"8/02/21","Coral Sea","Southern Coral Sea","Morgan","Kenn","Kenn 2","","Crest",1,3.6,3,0,21,"45",100,"Kenn 2 Crest 1 2021",100,"yes",21,0.71655328798186,1.40567546342887,0.112945614809952
"1451",2021,"8/02/21","Coral Sea","Southern Coral Sea","Morgan","Kenn","Kenn 2","","Crest",2,2.8,4,0,43,"0",100,"Kenn 2 Crest 2 2021",100,"yes",43,0.364521362898864,0.8317888732472,0.0507827011183661
"1452",2021,"8/02/21","Coral Sea","Southern Coral Sea","Morgan","Kenn","Kenn 2","","Crest",3,2.2,3.5,0,37,"0",100,"Kenn 2 Crest 3 2021",100,"yes",37,0.794740686632579,1.70064372186096,0.143433947586036
"1453",2021,"8/02/21","Coral Sea","Southern Coral Sea","Morgan","Kenn","Kenn 4","","Slope",1,6.2,3.5,1,17,"90",100,"Kenn 4 Slope 1 2021",100,"yes",17,0.726643598615917,1.43034983140969,0.136606760924688
"1454",2021,"8/02/21","Coral Sea","Southern Coral Sea","Morgan","Kenn","Kenn 4","","Slope",2,7.7,3.5,3,19,"90",100,"Kenn 4 Slope 2 2021",100,"yes",19,0.692520775623269,1.3653689861333,0.132440669818608
"1455",2021,"8/02/21","Coral Sea","Southern Coral Sea","Morgan","Kenn","Kenn 4","","Slope",3,6,3.5,2,11,"110",100,"Kenn 4 Slope 3 2021",100,"yes",11,0.727272727272727,1.3421131789144,0.120563016984672
"1456",2021,"8/02/21","Coral Sea","Southern Coral Sea","Morgan","Kenn","Kenn 4","","Crest",1,3.7,3.5,0,13,"0",100,"Kenn 4 Crest 1 2021",100,"yes",13,0.627218934911243,1.11896886688163,0.156278840469643
"1457",2021,"8/02/21","Coral Sea","Southern Coral Sea","Morgan","Kenn","Kenn 4","","Crest",2,3.7,3.5,1,23,"0",100,"Kenn 4 Crest 2 2021",100,"yes",23,0.555765595463138,0.962456216779643,0.143057300785306
"1458",2021,"8/02/21","Coral Sea","Southern Coral Sea","Morgan","Kenn","Kenn 4","","Crest",3,1.8,3,3,31,"45",100,"Kenn 4 Crest 3 2021",100,"yes",31,0.235171696149844,0.518700438574282,0.0267071741823753
"1459",2021,"9/02/21","Coral Sea","Southern Coral Sea","Morgan","Frederick","Frederick 1","","Slope",1,9,3,3,4,"90",100,"Frederick 1 Slope 1 2021",100,"yes",4,0.375,0.562335144618808,0.132151451309989
"1460",2021,"9/02/21","Coral Sea","Southern Coral Sea","Morgan","Frederick","Frederick 1","","Slope",2,8.5,3.5,11,3,"60",100,"Frederick 1 Slope 2 2021",100,"yes",3,0.444444444444444,0.636514168294813,0.0480145561777757
"1461",2021,"9/02/21","Coral Sea","Southern Coral Sea","Morgan","Frederick","Frederick 1","","Slope",3,8,4,5,1,"60",100,"Frederick 1 Slope 3 2021",100,"yes",1,0,0,0
"1462",2021,"9/02/21","Coral Sea","Southern Coral Sea","Morgan","Frederick","Frederick 1","","Crest",1,1.8,3,14,3,"0",100,"Frederick 1 Crest 1 2021",100,"yes",3,0.444444444444444,0.636514168294813,0.148248586469787
"1463",2021,"9/02/21","Coral Sea","Southern Coral Sea","Morgan","Frederick","Frederick 1","","Crest",2,2.1,2.5,13,2,"0",100,"Frederick 1 Crest 2 2021",100,"yes",2,0.5,0.693147180559945,0.13895887447565
"1464",2021,"9/02/21","Coral Sea","Southern Coral Sea","Morgan","Frederick","Frederick 1","","Crest",3,2.1,3,8,1,"0",100,"Frederick 1 Crest 3 2021",100,"yes",1,0,0,0
"1465",2021,"9/02/21","Coral Sea","Southern Coral Sea","Morgan","Frederick","Frederick 2","","Slope",1,8.5,3,5,7,"45",100,"Frederick 2 Slope 1 2021",100,"yes",7,0.775510204081633,1.5498260458782,0.131197448503266
"1466",2021,"9/02/21","Coral Sea","Southern Coral Sea","Morgan","Frederick","Frederick 2","","Slope",2,9,4,4,12,"45",100,"Frederick 2 Slope 2 2021",100,"yes",12,0.652777777777778,1.19884931291362,0.139599416364871
"1467",2021,"9/02/21","Coral Sea","Southern Coral Sea","Morgan","Frederick","Frederick 2","","Slope",3,9,3,10,15,"90",100,"Frederick 2 Slope 3 2021",100,"yes",15,0.791111111111111,1.65655112669665,0.115544020571604
"1468",2021,"9/02/21","Coral Sea","Southern Coral Sea","Morgan","Frederick","Frederick 2","","Crest",1,3.5,2.5,3,11,"30",100,"Frederick 2 Crest 1 2021",100,"yes",11,0.628099173553719,1.16851840574309,0.107585557419008
"1469",2021,"9/02/21","Coral Sea","Southern Coral Sea","Morgan","Frederick","Frederick 2","","Crest",2,3,2.5,5,8,"0",100,"Frederick 2 Crest 2 2021",100,"yes",8,0.40625,0.735621939758795,0.0314935566729824
"1470",2021,"9/02/21","Coral Sea","Southern Coral Sea","Morgan","Frederick","Frederick 2","","Crest",3,1.8,2,2,17,"0",100,"Frederick 2 Crest 3 2021",100,"yes",17,0.698961937716263,1.2831726480161,0.0977296653131279
"1471",2021,"9/02/21","Coral Sea","Southern Coral Sea","Morgan","Frederick","Frederick 4","","Slope",1,7,3.5,5,6,"90",100,"Frederick 4 Slope 1 2021",100,"yes",6,0.5,0.867563228481461,0.105471287495308
"1472",2021,"9/02/21","Coral Sea","Southern Coral Sea","Morgan","Frederick","Frederick 4","","Slope",2,7.5,3,12,7,"45",100,"Frederick 4 Slope 2 2021",100,"yes",7,0.612244897959184,1.15374194270109,0.0669488258013349
"1473",2021,"9/02/21","Coral Sea","Southern Coral Sea","Morgan","Frederick","Frederick 4","","Slope",3,8.5,3,4,9,"45",100,"Frederick 4 Slope 3 2021",100,"yes",9,0.666666666666667,1.21488965394912,0.115750811065386
"1474",2021,"9/02/21","Coral Sea","Southern Coral Sea","Morgan","Frederick","Frederick 4","","Crest",1,1.3,2,9,8,"0",100,"Frederick 4 Crest 1 2021",100,"yes",8,0.65625,1.2130075659799,0.106062651191447
"1475",2021,"9/02/21","Coral Sea","Southern Coral Sea","Morgan","Frederick","Frederick 4","","Crest",2,2,2,6,18,"0",100,"Frederick 4 Crest 2 2021",100,"yes",18,0.67283950617284,1.32966134885476,0.136781356622654
"1476",2021,"9/02/21","Coral Sea","Southern Coral Sea","Morgan","Frederick","Frederick 4","","Crest",3,1.5,3,8,13,"45",100,"Frederick 4 Crest 3 2021",100,"yes",13,0.390532544378698,0.793730055158425,0.0282220803603077
"1477",2021,"10/02/21","Coral Sea","Central Coral Sea","Morgan","Marion","Marion 7","","Slope",1,9.5,2,9,4,"45",100,"Marion 7 Slope 1 2021",100,"yes",4,0.625,1.03972077083992,0.109738133315201
"1478",2021,"10/02/21","Coral Sea","Central Coral Sea","Morgan","Marion","Marion 7","","Slope",2,9,1.5,3,16,"45",100,"Marion 7 Slope 2 2021",100,"yes",16,0.6640625,1.2996509635499,0.120859024831864
"1479",2021,"10/02/21","Coral Sea","Central Coral Sea","Morgan","Marion","Marion 7","","Slope",3,9,2,3,11,"45",100,"Marion 7 Slope 3 2021",100,"yes",11,0.694214876033058,1.2636544318821,0.108038314865156
"1480",2021,"10/02/21","Coral Sea","Central Coral Sea","Morgan","Marion","Marion 7","","Crest",1,3,2.5,1,3,"0",100,"Marion 7 Crest 1 2021",100,"yes",3,0.666666666666667,1.09861228866811,0.0780139696801755
"1481",2021,"10/02/21","Coral Sea","Central Coral Sea","Morgan","Marion","Marion 7","","Crest",2,3,2.5,3,7,"90",100,"Marion 7 Crest 2 2021",100,"yes",7,0.408163265306122,0.598269588585257,0.0748214949723365
"1482",2021,"10/02/21","Coral Sea","Central Coral Sea","Morgan","Marion","Marion 7","","Crest",3,3.5,3,2,8,"45",100,"Marion 7 Crest 3 2021",100,"yes",8,0.75,1.38629436111989,0.162177108435002
"1483",2021,"10/02/21","Coral Sea","Central Coral Sea","Morgan","Marion","Marion 8b","","Slope",1,9.8,2,5,3,"30",100,"Marion 8b Slope 1 2021",100,"yes",3,0.444444444444444,0.636514168294813,0.0897579910210895
"1484",2021,"10/02/21","Coral Sea","Central Coral Sea","Morgan","Marion","Marion 8b","","Slope",2,9.2,2.5,6,10,"45",100,"Marion 8b Slope 2 2021",100,"yes",10,0.7,1.27985422583367,0.124533120091312
"1485",2021,"10/02/21","Coral Sea","Central Coral Sea","Morgan","Marion","Marion 8b","","Slope",3,8.5,3,3,10,"90",100,"Marion 8b Slope 3 2021",100,"yes",10,0.72,1.33217904021012,0.136712846901756
"1486",2021,"10/02/21","Coral Sea","Central Coral Sea","Morgan","Marion","Marion 8b","","Crest",1,3.5,3.5,4,13,"0",100,"Marion 8b Crest 1 2021",100,"yes",13,0.733727810650888,1.35168119468589,0.123191677351404
"1487",2021,"10/02/21","Coral Sea","Central Coral Sea","Morgan","Marion","Marion 8b","","Crest",2,2.2,2,5,10,"45",100,"Marion 8b Crest 2 2021",100,"yes",10,0.74,1.47080847632211,0.15261391439803
"1488",2021,"10/02/21","Coral Sea","Central Coral Sea","Morgan","Marion","Marion 8b","","Crest",3,3.5,3,6,8,"45",100,"Marion 8b Crest 3 2021",100,"yes",8,0.65625,1.2130075659799,0.143038470905989
"1489",2021,"10/02/21","Coral Sea","Central Coral Sea","Morgan","Marion","Marion 6","","Slope",1,9.5,2.5,1,12,"45",100,"Marion 6 Slope 1 2021",100,"yes",12,0.652777777777778,1.19884931291362,0.0962332756474826
"1490",2021,"10/02/21","Coral Sea","Central Coral Sea","Morgan","Marion","Marion 6","","Slope",2,9.5,2.5,5,12,"0",100,"Marion 6 Slope 2 2021",100,"yes",12,0.680555555555556,1.2366848691405,0.135007995181779
"1491",2021,"10/02/21","Coral Sea","Central Coral Sea","Morgan","Marion","Marion 6","","Slope",3,8,2.5,0,13,"45",100,"Marion 6 Slope 3 2021",100,"yes",13,0.710059171597633,1.41806936525169,0.150281540617273
"1492",2021,"10/02/21","Coral Sea","Central Coral Sea","Morgan","Marion","Marion 6","","Crest",1,3,3,0,23,"0",100,"Marion 6 Crest 1 2021",100,"yes",23,0.419659735349717,0.800285333605879,0.0676610616705574
"1493",2021,"10/02/21","Coral Sea","Central Coral Sea","Morgan","Marion","Marion 6","","Crest",2,2.5,3,0,13,"0",100,"Marion 6 Crest 2 2021",100,"yes",13,0.769230769230769,1.60520710745546,0.13187229220112
"1494",2021,"10/02/21","Coral Sea","Central Coral Sea","Morgan","Marion","Marion 6","","Crest",3,2,3,0,32,"0",100,"Marion 6 Crest 3 2021",100,"yes",32,0.458984375,0.952169242390671,0.0752178562081116
"1495",2021,"11/02/21","Coral Sea","Central Coral Sea","Morgan","Lihou","Lihou 1","","Slope",1,8.9,3,7,15,"90",100,"Lihou 1 Slope 1 2021",100,"yes",15,0.56,1.02003695840184,0.145963988515456
"1496",2021,"11/02/21","Coral Sea","Central Coral Sea","Morgan","Lihou","Lihou 1","","Slope",2,9.7,3,15,19,"90",100,"Lihou 1 Slope 2 2021",100,"yes",19,0.592797783933518,1.09086727857349,0.103710962662294
"1497",2021,"11/02/21","Coral Sea","Central Coral Sea","Morgan","Lihou","Lihou 1","","Slope",3,9.3,3.5,14,9,"90",100,"Lihou 1 Slope 3 2021",100,"yes",9,0.567901234567901,0.936888307539016,0.15803748273338
"1498",2021,"11/02/21","Coral Sea","Central Coral Sea","Morgan","Lihou","Lihou 1","","Crest",1,3.5,3.5,0,6,"45",100,"Lihou 1 Crest 1 2021",100,"yes",6,0.444444444444444,0.636514168294813,0.126876338428479
"1499",2021,"11/02/21","Coral Sea","Central Coral Sea","Morgan","Lihou","Lihou 1","","Crest",2,3.5,2.5,2,12,"0",100,"Lihou 1 Crest 2 2021",100,"yes",12,0.75,1.47350238508065,0.159995162280444
"1500",2021,"11/02/21","Coral Sea","Central Coral Sea","Morgan","Lihou","Lihou 1","","Crest",3,3.5,3,10,11,"0",100,"Lihou 1 Crest 3 2021",100,"yes",11,0.743801652892562,1.46813993901621,0.173428833946037
"1501",2021,"11/02/21","Coral Sea","Central Coral Sea","Morgan","Lihou","Lihou 2","","Slope",1,8.5,3,19,4,"90",100,"Lihou 2 Slope 1 2021",100,"yes",4,0.625,1.03972077083992,0.163607951082381
"1502",2021,"11/02/21","Coral Sea","Central Coral Sea","Morgan","Lihou","Lihou 2","","Slope",2,8.9,3.5,13,7,"90",100,"Lihou 2 Slope 2 2021",100,"yes",7,0,0,0
"1503",2021,"11/02/21","Coral Sea","Central Coral Sea","Morgan","Lihou","Lihou 2","","Slope",3,9,3,17,5,"90",100,"Lihou 2 Slope 3 2021",100,"yes",5,0.56,0.950270539233235,0.0803642426481582
"1504",2021,"11/02/21","Coral Sea","Central Coral Sea","Morgan","Lihou","Lihou 2","","Crest",1,3.5,3,6,9,"0",100,"Lihou 2 Crest 1 2021",100,"yes",9,0.765432098765432,1.52295506753132,0.132442875844698
"1505",2021,"11/02/21","Coral Sea","Central Coral Sea","Morgan","Lihou","Lihou 2","","Crest",2,3.3,2.5,6,2,"0",100,"Lihou 2 Crest 2 2021",100,"yes",2,0.5,0.693147180559945,0.0540163756999977
"1506",2021,"11/02/21","Coral Sea","Central Coral Sea","Morgan","Lihou","Lihou 2","","Crest",3,3.3,2.5,7,7,"0",100,"Lihou 2 Crest 3 2021",100,"yes",7,0.612244897959184,1.15374194270109,0.117466831100884
"1507",2021,"11/02/21","Coral Sea","Central Coral Sea","Morgan","Lihou","Lihou 7","","Slope",1,8,3,2,27,"45",100,"Lihou 7 Slope 1 2021",100,"yes",27,0.641975308641975,1.34185152552206,0.139078937392063
"1508",2021,"11/02/21","Coral Sea","Central Coral Sea","Morgan","Lihou","Lihou 7","","Slope",2,9.7,3,6,32,"45",100,"Lihou 7 Slope 2 2021",100,"yes",32,0.767578125,1.64421339113422,0.130689182227469
"1509",2021,"11/02/21","Coral Sea","Central Coral Sea","Morgan","Lihou","Lihou 7","","Slope",3,9.5,3.5,8,45,"45",100,"Lihou 7 Slope 3 2021",100,"yes",45,0.754567901234568,1.58873997231685,0.138278018196736
"1510",2021,"11/02/21","Coral Sea","Central Coral Sea","Morgan","Lihou","Lihou 7","","Crest",1,3,2.5,1,22,"0",100,"Lihou 7 Crest 1 2021",100,"yes",22,0.661157024793388,1.22669193995099,0.139456712552754
"1511",2021,"11/02/21","Coral Sea","Central Coral Sea","Morgan","Lihou","Lihou 7","","Crest",2,3,3,4,18,"0",100,"Lihou 7 Crest 2 2021",100,"yes",18,0.808641975308642,1.76903616130401,0.173172712565466
"1512",2021,"11/02/21","Coral Sea","Central Coral Sea","Morgan","Lihou","Lihou 7","","Crest",3,3.5,2.5,1,37,"0",100,"Lihou 7 Crest 3 2021",100,"yes",37,0.790357925493061,1.65409646149388,0.160411503494554
"1513",2021,"12/02/21","Coral Sea","Central Coral Sea","Morgan","Lihou","Lihou 9","","Slope",1,9.5,2.5,3,22,"45",100,"Lihou 9 Slope 1 2021",100,"yes",22,0.818181818181818,1.81095114282253,0.152696623606639
"1514",2021,"12/02/21","Coral Sea","Central Coral Sea","Morgan","Lihou","Lihou 9","","Slope",2,9,3,12,13,"45",100,"Lihou 9 Slope 2 2021",100,"yes",13,0.792899408284024,1.67159527802125,0.163738216699293
"1515",2021,"12/02/21","Coral Sea","Central Coral Sea","Morgan","Lihou","Lihou 9","","Slope",3,9,2.5,13,17,"45",100,"Lihou 9 Slope 3 2021",100,"yes",17,0.782006920415225,1.64998868113758,0.146893792912121
"1516",2021,"12/02/21","Coral Sea","Central Coral Sea","Morgan","Lihou","Lihou 9","","Crest",1,4,2,11,6,"30",100,"Lihou 9 Crest 1 2021",100,"yes",6,0.722222222222222,1.32966134885476,0.129560221797031
"1517",2021,"12/02/21","Coral Sea","Central Coral Sea","Morgan","Lihou","Lihou 9","","Crest",2,5,2,25,10,"45",100,"Lihou 9 Crest 2 2021",100,"yes",10,0.76,1.50478828368119,0.150124365141725
"1518",2021,"12/02/21","Coral Sea","Central Coral Sea","Morgan","Lihou","Lihou 9","","Crest",3,4,2,26,5,"0",100,"Lihou 9 Crest 3 2021",100,"yes",5,0.72,1.33217904021012,0.181727389807455
"1519",2021,"12/02/21","Coral Sea","Central Coral Sea","Morgan","Lihou","Lihou 4","","Slope",1,9.5,3,5,14,"45",100,"Lihou 4 Slope 1 2021",100,"yes",14,0.530612244897959,0.991138896613094,0.120712140364399
"1520",2021,"12/02/21","Coral Sea","Central Coral Sea","Morgan","Lihou","Lihou 4","","Slope",2,9,3.5,7,18,"90",100,"Lihou 4 Slope 2 2021",100,"yes",18,0.635802469135802,1.27402306244147,0.149949465711794
"1521",2021,"12/02/21","Coral Sea","Central Coral Sea","Morgan","Lihou","Lihou 4","","Slope",3,9.5,3.5,3,11,"0",100,"Lihou 4 Slope 3 2021",100,"yes",11,0.809917355371901,1.72019345921982,0.147876403425737
"1522",2021,"12/02/21","Coral Sea","Central Coral Sea","Morgan","Lihou","Lihou 4","","Crest",1,3.5,2.5,5,7,"0",100,"Lihou 4 Crest 1 2021",100,"yes",7,0.693877551020408,1.27703425946614,0.143654671076472
"1523",2021,"12/02/21","Coral Sea","Central Coral Sea","Morgan","Lihou","Lihou 4","","Crest",2,3,2.5,5,6,"0",100,"Lihou 4 Crest 2 2021",100,"yes",6,0.666666666666667,1.09861228866811,0.168775416854046
"1524",2021,"12/02/21","Coral Sea","Central Coral Sea","Morgan","Lihou","Lihou 4","","Crest",3,3,3,9,7,"0",100,"Lihou 4 Crest 3 2021",100,"yes",7,0.693877551020408,1.27703425946614,0.15239565835987
"1525",2021,"12/02/21","Coral Sea","Central Coral Sea","Morgan","Lihou","Lihou 5","","Slope",1,8.5,3,11,10,"45",100,"Lihou 5 Slope 1 2021",100,"yes",10,0.72,1.41848366194566,0.126686806796758
"1526",2021,"12/02/21","Coral Sea","Central Coral Sea","Morgan","Lihou","Lihou 5","","Slope",2,8.5,3,9,17,"45",100,"Lihou 5 Slope 2 2021",100,"yes",17,0.795847750865052,1.66077986173604,0.161570617093091
"1527",2021,"12/02/21","Coral Sea","Central Coral Sea","Morgan","Lihou","Lihou 5","","Slope",3,9,3,10,16,"45",100,"Lihou 5 Slope 3 2021",100,"yes",16,0.8046875,1.77101636878359,0.137431991075558
"1528",2021,"12/02/21","Coral Sea","Central Coral Sea","Morgan","Lihou","Lihou 5","","Crest",1,3,2.5,5,8,"45",100,"Lihou 5 Crest 1 2021",100,"yes",8,0.59375,0.974314752869349,0.15491236681234
"1529",2021,"12/02/21","Coral Sea","Central Coral Sea","Morgan","Lihou","Lihou 5","","Crest",2,3,3,8,9,"0",100,"Lihou 5 Crest 2 2021",100,"yes",9,0.765432098765432,1.52295506753132,0.125297003895198
"1530",2021,"12/02/21","Coral Sea","Central Coral Sea","Morgan","Lihou","Lihou 5","","Crest",3,2,2.5,17,7,"0",100,"Lihou 5 Crest 3 2021",100,"yes",7,0.448979591836735,0.796311640173813,0.10128997505204
"1531",2021,"13/02/21","Coral Sea","Central Coral Sea","Morgan","Chilcott","Chilcott 2","","Slope",1,9,2.5,12,21,"60",100,"Chilcott 2 Slope 1 2021",100,"yes",21,0.621315192743764,1.24467253817178,0.128800351064068
"1532",2021,"13/02/21","Coral Sea","Central Coral Sea","Morgan","Chilcott","Chilcott 2","","Slope",2,9,2,12,26,"60",100,"Chilcott 2 Slope 2 2021",100,"yes",26,0.337278106508876,0.745740170586414,0.0737446052989459
"1533",2021,"13/02/21","Coral Sea","Central Coral Sea","Morgan","Chilcott","Chilcott 2","","Slope",3,9,2.5,28,12,"45",100,"Chilcott 2 Slope 3 2021",100,"yes",12,0.75,1.58325845942048,0.154613779289753
"1534",2021,"13/02/21","Coral Sea","Central Coral Sea","Morgan","Chilcott","Chilcott 2","","Crest",1,3.2,3,15,23,"0",100,"Chilcott 2 Crest 1 2021",100,"yes",23,0.487712665406427,1.00316592101781,0.0999369189268274
"1535",2021,"13/02/21","Coral Sea","Central Coral Sea","Morgan","Chilcott","Chilcott 2","","Crest",2,3.3,3.5,13,23,"0",100,"Chilcott 2 Crest 2 2021",100,"yes",23,0.536862003780718,1.12827984805903,0.134758203972602
"1536",2021,"13/02/21","Coral Sea","Central Coral Sea","Morgan","Chilcott","Chilcott 2","","Crest",3,3,3,14,25,"0",100,"Chilcott 2 Crest 3 2021",100,"yes",25,0.3424,0.690456531384835,0.0868666061105652
"1537",2021,"13/02/21","Coral Sea","Central Coral Sea","Morgan","Chilcott","Chilcott 4","","Slope",1,5,2,2,10,"45",100,"Chilcott 4 Slope 1 2021",100,"yes",10,0.58,1.08889997534522,0.16898451692064
"1538",2021,"13/02/21","Coral Sea","Central Coral Sea","Morgan","Chilcott","Chilcott 4","","Slope",2,7,2.5,9,6,"45",100,"Chilcott 4 Slope 2 2021",100,"yes",6,0.722222222222222,1.32966134885476,0.148342631847534
"1539",2021,"13/02/21","Coral Sea","Central Coral Sea","Morgan","Chilcott","Chilcott 4","","Slope",3,7.5,2,0,9,"45",100,"Chilcott 4 Slope 3 2021",100,"yes",9,0.691358024691358,1.27302833658963,0.148509779881708
"1540",2021,"13/02/21","Coral Sea","Central Coral Sea","Morgan","Chilcott","Chilcott 4","","Crest",1,2,2,11,17,"0",100,"Chilcott 4 Crest 1 2021",100,"yes",17,0.698961937716263,1.25409946524978,0.139416198934046
"1541",2021,"13/02/21","Coral Sea","Central Coral Sea","Morgan","Chilcott","Chilcott 4","","Crest",2,2,2,27,16,"45",100,"Chilcott 4 Crest 2 2021",100,"yes",16,0.6484375,1.16269983349757,0.176781692086918
"1542",2021,"13/02/21","Coral Sea","Central Coral Sea","Morgan","Chilcott","Chilcott 4","","Crest",3,2,2,15,12,"0",100,"Chilcott 4 Crest 3 2021",100,"yes",12,0.722222222222222,1.42412991734677,0.140626928343319
"1543",2021,"13/02/21","Coral Sea","Central Coral Sea","Morgan","Chilcott","Chilcott 1b","","Slope",1,9,4,61,8,"90",100,"Chilcott 1b Slope 1 2021",100,"yes",8,0.71875,1.32088834314932,0.139123161543079
"1544",2021,"13/02/21","Coral Sea","Central Coral Sea","Morgan","Chilcott","Chilcott 1b","","Slope",2,10,3.5,13,23,"110",100,"Chilcott 1b Slope 2 2021",100,"yes",23,0.805293005671078,1.8469972712647,0.192292096916914
"1545",2021,"13/02/21","Coral Sea","Central Coral Sea","Morgan","Chilcott","Chilcott 1b","","Slope",3,10,3,6,40,"45",100,"Chilcott 1b Slope 3 2021",100,"yes",40,0.73,1.50059897484309,0.172003237072918
"1546",2021,"13/02/21","Coral Sea","Central Coral Sea","Morgan","Chilcott","Chilcott 1b","","Crest",1,3.5,2.5,7,35,"0",100,"Chilcott 1b Crest 1 2021",100,"yes",35,0.736326530612245,1.54834893725376,0.113293347798149
"1547",2021,"13/02/21","Coral Sea","Central Coral Sea","Morgan","Chilcott","Chilcott 1b","","Crest",2,3.2,2.5,9,38,"0",100,"Chilcott 1b Crest 2 2021",100,"yes",38,0.729916897506925,1.34103962576983,0.159300873222093
"1548",2021,"13/02/21","Coral Sea","Central Coral Sea","Morgan","Chilcott","Chilcott 1b","","Crest",3,2.8,2,0,68,"0",100,"Chilcott 1b Crest 3 2021",100,"yes",68,0.626730103806228,1.1842309910837,0.113570463849718
"1549",2021,"14/02/21","Coral Sea","Central Coral Sea","Morgan","Willis","Willis 2","","Slope",1,9,3.5,28,33,"90",100,"Willis 2 Slope 1 2021",100,"yes",33,0.72910927456382,1.58787383829602,0.167241448418748
"1550",2021,"14/02/21","Coral Sea","Central Coral Sea","Morgan","Willis","Willis 2","","Slope",2,8.1,3,27,21,"90",100,"Willis 2 Slope 2 2021",100,"yes",21,0.784580498866213,1.64075664134889,0.161444790981982
"1551",2021,"14/02/21","Coral Sea","Central Coral Sea","Morgan","Willis","Willis 2","","Slope",3,10,2.5,30,10,"90",100,"Willis 2 Slope 3 2021",100,"yes",10,0.72,1.33217904021012,0.167946365500156
"1552",2021,"14/02/21","Coral Sea","Central Coral Sea","Morgan","Willis","Willis 2","","Crest",1,3.6,3,2,28,"0",100,"Willis 2 Crest 1 2021",100,"yes",28,0.744897959183674,1.47013192040884,0.16568358018553
"1553",2021,"14/02/21","Coral Sea","Central Coral Sea","Morgan","Willis","Willis 2","","Crest",2,4,3,30,17,"45",100,"Willis 2 Crest 2 2021",100,"yes",17,0.685121107266436,1.33459295323724,0.16566998345877
"1554",2021,"14/02/21","Coral Sea","Central Coral Sea","Morgan","Willis","Willis 2","","Crest",3,2.5,2.5,13,12,"0",100,"Willis 2 Crest 3 2021",100,"yes",12,0.541666666666667,0.887694275799104,0.174803782414027
"1555",2021,"14/02/21","Coral Sea","Central Coral Sea","Morgan","Willis","Willis 4","","Slope",1,9,3.5,10,13,"90",100,"Willis 4 Slope 1 2021",100,"yes",13,0.272189349112426,0.535961049709069,0.0322075249765329
"1556",2021,"14/02/21","Coral Sea","Central Coral Sea","Morgan","Willis","Willis 4","","Slope",2,9,3,17,5,"90",100,"Willis 4 Slope 2 2021",100,"yes",5,0.32,0.500402423538188,0.0674601250417561
"1557",2021,"14/02/21","Coral Sea","Central Coral Sea","Morgan","Willis","Willis 4","","Slope",3,9.5,1,18,6,"45",100,"Willis 4 Slope 3 2021",100,"yes",6,0.277777777777778,0.450561208866305,0.102342402454296
"1558",2021,"14/02/21","Coral Sea","Central Coral Sea","Morgan","Willis","Willis 4","","Crest",1,3,3,1,22,"0",100,"Willis 4 Crest 1 2021",100,"yes",22,0.086776859504132,0.184907399167776,0.0111593904326787
"1559",2021,"14/02/21","Coral Sea","Central Coral Sea","Morgan","Willis","Willis 4","","Crest",2,3,2.5,4,13,"90",100,"Willis 4 Crest 2 2021",100,"yes",13,0.72189349112426,1.33224492243853,0.103785297545542
"1560",2021,"14/02/21","Coral Sea","Central Coral Sea","Morgan","Willis","Willis 4","","Crest",3,3,2,7,14,"45",100,"Willis 4 Crest 3 2021",100,"yes",14,0.571428571428571,0.955699891112534,0.0912192040868682
"1561",2021,"14/02/21","Coral Sea","Central Coral Sea","Morgan","Willis","Willis 7","","Slope",1,10,3.5,4,19,"90",100,"Willis 7 Slope 1 2021",100,"yes",19,0.681440443213296,1.26486674903411,0.155253569330115
"1562",2021,"14/02/21","Coral Sea","Central Coral Sea","Morgan","Willis","Willis 7","","Slope",2,9,3.5,11,19,"90",100,"Willis 7 Slope 2 2021",100,"yes",19,0.714681440443213,1.39892039375942,0.170618314359668
"1563",2021,"14/02/21","Coral Sea","Central Coral Sea","Morgan","Willis","Willis 7","","Slope",3,0,3.5,5,43,"90",100,"Willis 7 Slope 3 2021",100,"yes",43,0.733369388858843,1.40255735801292,0.160575027011503
"1564",2021,"14/02/21","Coral Sea","Central Coral Sea","Morgan","Willis","Willis 7","","Crest",1,2,2,8,15,"30",100,"Willis 7 Crest 1 2021",100,"yes",15,0.56,0.950270539233235,0.126298201431847
"1565",2021,"14/02/21","Coral Sea","Central Coral Sea","Morgan","Willis","Willis 7","","Crest",2,3,2,14,11,"0",100,"Willis 7 Crest 2 2021",100,"yes",11,0.512396694214876,0.859967281035505,0.171416676897941
"1566",2021,"14/02/21","Coral Sea","Central Coral Sea","Morgan","Willis","Willis 7","","Crest",3,2,2,13,13,"0",100,"Willis 7 Crest 3 2021",100,"yes",13,0.568047337278106,0.911017539712563,0.174210723285749
"1567",2021,"15/02/21","Coral Sea","Central Coral Sea","Morgan","Herald","Herald 1","","Slope",1,8.2,2.5,7,28,"90",100,"Herald 1 Slope 1 2021",100,"yes",28,0.772959183673469,1.59278477055485,0.14111102543967
"1568",2021,"15/02/21","Coral Sea","Central Coral Sea","Morgan","Herald","Herald 1","","Slope",2,8.4,3,22,14,"110",100,"Herald 1 Slope 2 2021",100,"yes",14,0.73469387755102,1.35178399428965,0.114727676386144
"1569",2021,"15/02/21","Coral Sea","Central Coral Sea","Morgan","Herald","Herald 1","","Slope",3,7.5,2,5,17,"45",100,"Herald 1 Slope 3 2021",100,"yes",17,0.581314878892734,0.956044380967146,0.176829360391227
"1570",2021,"15/02/21","Coral Sea","Central Coral Sea","Morgan","Herald","Herald 1","","Crest",1,1.7,3.5,4,13,"45",100,"Herald 1 Crest 1 2021",100,"yes",13,0.142011834319526,0.271189373041844,0.0500455200227176
"1571",2021,"15/02/21","Coral Sea","Central Coral Sea","Morgan","Herald","Herald 1","","Crest",2,2,3,2,11,"45",100,"Herald 1 Crest 2 2021",100,"yes",11,0.512396694214876,0.859967281035505,0.119801126095432
"1572",2021,"15/02/21","Coral Sea","Central Coral Sea","Morgan","Herald","Herald 1","","Crest",3,2.3,3.5,15,6,"90",100,"Herald 1 Crest 3 2021",100,"yes",6,0.277777777777778,0.450561208866305,0.0978899639333249
"1573",2021,"15/02/21","Coral Sea","Central Coral Sea","Morgan","Herald","Herald 6","","Slope",1,10,3.5,6,23,"90",100,"Herald 6 Slope 1 2021",100,"yes",23,0.729678638941399,1.42390324541271,0.11671950378965
"1574",2021,"15/02/21","Coral Sea","Central Coral Sea","Morgan","Herald","Herald 6","","Slope",2,9.3,3,21,17,"120",100,"Herald 6 Slope 2 2021",100,"yes",17,0.698961937716263,1.25409946524978,0.128407135156211
"1575",2021,"15/02/21","Coral Sea","Central Coral Sea","Morgan","Herald","Herald 6","","Slope",3,9,3,5,30,"45",100,"Herald 6 Slope 3 2021",100,"yes",30,0.74,1.45302843577171,0.138517722655225
"1576",2021,"15/02/21","Coral Sea","Central Coral Sea","Morgan","Herald","Herald 6","","Crest",1,2.5,3,8,27,"45",100,"Herald 6 Crest 1 2021",100,"yes",27,0.743484224965707,1.57017556715327,0.158094024177526
"1577",2021,"15/02/21","Coral Sea","Central Coral Sea","Morgan","Herald","Herald 6","","Crest",2,2.5,4,4,11,"0",100,"Herald 6 Crest 2 2021",100,"yes",11,0.776859504132231,1.54659868604851,0.115671810433295
"1578",2021,"15/02/21","Coral Sea","Central Coral Sea","Morgan","Herald","Herald 6","","Crest",3,2.5,3,7,17,"0",100,"Herald 6 Crest 3 2021",100,"yes",17,0.754325259515571,1.54845383203695,0.148284475171898
"1579",2021,"15/02/21","Coral Sea","Central Coral Sea","Morgan","Herald","Herald 4","","Slope",1,8,2.5,6,22,"90",100,"Herald 4 Slope 1 2021",100,"yes",22,0.632231404958678,1.24383072236439,0.119151561740239
"1580",2021,"15/02/21","Coral Sea","Central Coral Sea","Morgan","Herald","Herald 4","","Slope",2,9.5,3,16,11,"45",100,"Herald 4 Slope 2 2021",100,"yes",11,0.694214876033058,1.2636544318821,0.138182053779611
"1581",2021,"15/02/21","Coral Sea","Central Coral Sea","Morgan","Herald","Herald 4","","Slope",3,9.5,3,16,27,"45",100,"Herald 4 Slope 3 2021",100,"yes",27,0.471879286694102,0.915758837453154,0.0763839038171345
"1582",2021,"15/02/21","Coral Sea","Central Coral Sea","Morgan","Herald","Herald 4","","Crest",1,2.5,2,1,14,"70",100,"Herald 4 Crest 1 2021",100,"yes",14,0.602040816326531,0.992281974852574,0.100285789594823
"1583",2021,"15/02/21","Coral Sea","Central Coral Sea","Morgan","Herald","Herald 4","","Crest",2,2.5,2,2,7,"45",100,"Herald 4 Crest 2 2021",100,"yes",7,0.612244897959184,1.00424247305408,0.189884754204678
"1584",2021,"15/02/21","Coral Sea","Central Coral Sea","Morgan","Herald","Herald 4","","Crest",3,2,3.5,0,18,"0",100,"Herald 4 Crest 3 2021",100,"yes",18,0.796296296296296,1.69586544507746,0.147270646825482
"1585",2021,"16/02/21","Coral Sea","Central Coral Sea","Morgan","Flinders","Flinders 6","South Flinders","Slope",1,5,1.5,10,2,"60",100,"Flinders 6 Slope 1 2021",100,"yes",2,0.5,0.693147180559945,0.176201935079985
"1586",2021,"16/02/21","Coral Sea","Central Coral Sea","Morgan","Flinders","Flinders 6","South Flinders","Slope",2,5.3,2,8,2,"0",100,"Flinders 6 Slope 2 2021",100,"yes",2,0.5,0.693147180559945,0.176201935079985
"1587",2021,"16/02/21","Coral Sea","Central Coral Sea","Morgan","Flinders","Flinders 6","South Flinders","Slope",3,7,1.5,11,3,"45",100,"Flinders 6 Slope 3 2021",100,"yes",3,0.444444444444444,0.636514168294813,0.15662394229332
"1588",2021,"16/02/21","Coral Sea","Central Coral Sea","Morgan","Flinders","Flinders 6","South Flinders","Crest",1,2,1.5,0,2,"0",100,"Flinders 6 Crest 1 2021",100,"yes",2,0.5,0.693147180559945,0.0642993448740058
"1589",2021,"16/02/21","Coral Sea","Central Coral Sea","Morgan","Flinders","Flinders 6","South Flinders","Crest",2,2,2.5,7,5,"45",100,"Flinders 6 Crest 2 2021",100,"yes",5,0.56,0.950270539233235,0.116584310743617
"1590",2021,"16/02/21","Coral Sea","Central Coral Sea","Morgan","Flinders","Flinders 6","South Flinders","Crest",3,2,3,4,3,"45",100,"Flinders 6 Crest 3 2021",100,"yes",3,0.444444444444444,0.636514168294813,0.13198887890552
"1591",2021,"16/02/21","Coral Sea","Central Coral Sea","Morgan","Flinders","Flinders 5","South Flinders","Slope",1,9.5,3.5,14,30,"90",100,"Flinders 5 Slope 1 2021",100,"yes",30,0.7,1.27985422583367,0.106401092319402
"1592",2021,"16/02/21","Coral Sea","Central Coral Sea","Morgan","Flinders","Flinders 5","South Flinders","Slope",2,9.4,3,17,26,"90",100,"Flinders 5 Slope 2 2021",100,"yes",26,0.781065088757396,1.61673384074198,0.130305730207935
"1593",2021,"16/02/21","Coral Sea","Central Coral Sea","Morgan","Flinders","Flinders 5","South Flinders","Slope",3,9,3.5,15,26,"90",100,"Flinders 5 Slope 3 2021",100,"yes",26,0.769230769230769,1.59444658414883,0.133188701370118
"1594",2021,"16/02/21","Coral Sea","Central Coral Sea","Morgan","Flinders","Flinders 5","South Flinders","Crest",1,5,3,2,21,"0",100,"Flinders 5 Crest 1 2021",100,"yes",21,0.775510204081633,1.69932551552522,0.152723915054988
"1595",2021,"16/02/21","Coral Sea","Central Coral Sea","Morgan","Flinders","Flinders 5","South Flinders","Crest",2,2,2.5,4,12,"0",100,"Flinders 5 Crest 2 2021",100,"yes",12,0.708333333333333,1.28605733687438,0.139106626447465
"1596",2021,"16/02/21","Coral Sea","Central Coral Sea","Morgan","Flinders","Flinders 5","South Flinders","Crest",3,2,3,1,14,"0",100,"Flinders 5 Crest 3 2021",100,"yes",14,0.704081632653061,1.27208986882029,0.160708100724762
"1597",2021,"18/02/21","Coral Sea","Central Coral Sea","Morgan","Flinders","Flinders 1","North Flinders","Slope",1,8.6,3.5,2,7,"90",100,"Flinders 1 Slope 1 2021",100,"yes",7,0.693877551020408,1.27703425946614,0.129971818067827
"1598",2021,"18/02/21","Coral Sea","Central Coral Sea","Morgan","Flinders","Flinders 1","North Flinders","Slope",2,9,3,2,10,"90",100,"Flinders 1 Slope 2 2021",100,"yes",10,0.74,1.3661588475692,0.182833626256626
"1599",2021,"18/02/21","Coral Sea","Central Coral Sea","Morgan","Flinders","Flinders 1","North Flinders","Slope",3,9,3,8,12,"90",100,"Flinders 1 Slope 3 2021",100,"yes",12,0.513888888888889,0.983087758574785,0.102702865627036
"1600",2021,"18/02/21","Coral Sea","Central Coral Sea","Morgan","Flinders","Flinders 1","North Flinders","Crest",1,2,2,4,5,"45",100,"Flinders 1 Crest 1 2021",100,"yes",5,0.32,0.500402423538188,0
"1601",2021,"18/02/21","Coral Sea","Central Coral Sea","Morgan","Flinders","Flinders 1","North Flinders","Crest",2,2,2.5,3,7,"45",100,"Flinders 1 Crest 2 2021",100,"yes",7,0.244897959183674,0.410116318288409,0.0967546066834598
"1602",2021,"18/02/21","Coral Sea","Central Coral Sea","Morgan","Flinders","Flinders 1","North Flinders","Crest",3,2,2,5,4,"45",100,"Flinders 1 Crest 3 2021",100,"yes",4,0.375,0.562335144618808,0.112187653030152
"1603",2021,"18/02/21","Coral Sea","Central Coral Sea","Morgan","Flinders","Flinders 2","North Flinders","Slope",1,8.4,3.5,4,18,"90",100,"Flinders 2 Slope 1 2021",100,"yes",18,0.709876543209877,1.30148106838743,0.148960858757022
"1604",2021,"18/02/21","Coral Sea","Central Coral Sea","Morgan","Flinders","Flinders 2","North Flinders","Slope",2,8,3.5,6,9,"0",100,"Flinders 2 Slope 2 2021",100,"yes",9,0.765432098765432,1.52295506753132,0.115404465387536
"1605",2021,"18/02/21","Coral Sea","Central Coral Sea","Morgan","Flinders","Flinders 2","North Flinders","Slope",3,8,3,2,20,"45",100,"Flinders 2 Slope 3 2021",100,"yes",20,0.66,1.25659794352734,0.108508234584845
"1606",2021,"18/02/21","Coral Sea","Central Coral Sea","Morgan","Flinders","Flinders 2","North Flinders","Crest",1,3.5,2,3,13,"0",100,"Flinders 2 Crest 1 2021",100,"yes",13,0.674556213017751,1.31143133747324,0.161509212765565
"1607",2021,"18/02/21","Coral Sea","Central Coral Sea","Morgan","Flinders","Flinders 2","North Flinders","Crest",2,2.4,2,6,13,"0",100,"Flinders 2 Crest 2 2021",100,"yes",13,0.674556213017751,1.22028216627224,0.170671088694012
"1608",2021,"18/02/21","Coral Sea","Central Coral Sea","Morgan","Flinders","Flinders 2","North Flinders","Crest",3,3.2,2.5,13,4,"45",100,"Flinders 2 Crest 3 2021",100,"yes",4,0.5,0.693147180559945,0.174622709130984
"1609",2021,"18/02/21","Coral Sea","Central Coral Sea","Morgan","Flinders","Flinders 7","North Flinders","Slope",1,9,2.5,24,6,"90",100,"Flinders 7 Slope 1 2021",100,"yes",6,0.277777777777778,0.450561208866305,0.0781267813192727
"1610",2021,"18/02/21","Coral Sea","Central Coral Sea","Morgan","Flinders","Flinders 7","North Flinders","Slope",2,8.6,2.5,34,4,"90",100,"Flinders 7 Slope 2 2021",100,"yes",4,0.5,0.693147180559945,0.0750778467603548
"1611",2021,"18/02/21","Coral Sea","Central Coral Sea","Morgan","Flinders","Flinders 7","North Flinders","Slope",3,9.5,3.5,51,3,"90",100,"Flinders 7 Slope 3 2021",100,"yes",3,0.444444444444444,0.636514168294813,0.0256449603215833
"1612",2021,"18/02/21","Coral Sea","Central Coral Sea","Morgan","Flinders","Flinders 7","North Flinders","Crest",1,4,3,15,7,"45",100,"Flinders 7 Crest 1 2021",100,"yes",7,0.73469387755102,1.35178399428965,0.148620684710133
"1613",2021,"18/02/21","Coral Sea","Central Coral Sea","Morgan","Flinders","Flinders 7","North Flinders","Crest",2,4,3,10,4,"45",100,"Flinders 7 Crest 2 2021",100,"yes",4,0.375,0.562335144618808,0.09397650982145
"1614",2021,"18/02/21","Coral Sea","Central Coral Sea","Morgan","Flinders","Flinders 7","North Flinders","Crest",3,4,3,6,8,"0",100,"Flinders 7 Crest 3 2021",100,"yes",8,0.375,0.562335144618808,0.13320340081708
"1615",2021,"19/02/21","Coral Sea","Central Coral Sea","Morgan","Holmes","Holmes 2","Holmes West","Slope",1,9,4,0,45,"50",100,"Holmes 2 Slope 1 2021",100,"yes",45,0.826666666666667,1.88790132095838,0.138421857900038
"1616",2021,"19/02/21","Coral Sea","Central Coral Sea","Morgan","Holmes","Holmes 2","Holmes West","Slope",2,9,3.5,7,33,"60",100,"Holmes 2 Slope 2 2021",100,"yes",33,0.800734618916437,1.72365493198139,0.147507993374447
"1617",2021,"19/02/21","Coral Sea","Central Coral Sea","Morgan","Holmes","Holmes 2","Holmes West","Slope",3,9.5,3,2,34,"45",100,"Holmes 2 Slope 3 2021",100,"yes",34,0.778546712802768,1.63146736489315,0.140997365925868
"1618",2021,"19/02/21","Coral Sea","Central Coral Sea","Morgan","Holmes","Holmes 2","Holmes West","Crest",1,2.4,3,0,24,"30",100,"Holmes 2 Crest 1 2021",100,"yes",24,0.753472222222222,1.58204995788976,0.15714952114128
"1619",2021,"19/02/21","Coral Sea","Central Coral Sea","Morgan","Holmes","Holmes 2","Holmes West","Crest",2,2,3,0,27,"30",100,"Holmes 2 Crest 2 2021",100,"yes",27,0.820301783264746,1.80072273721479,0.118008047245667
"1620",2021,"19/02/21","Coral Sea","Central Coral Sea","Morgan","Holmes","Holmes 2","Holmes West","Crest",3,2,3,0,34,"30",100,"Holmes 2 Crest 3 2021",100,"yes",34,0.745674740484429,1.54978093663265,0.102622067960743
"1621",2021,"19/02/21","Coral Sea","Central Coral Sea","Morgan","Holmes","Holmes 10","Holmes West","Slope",1,9.5,3,10,16,"45",100,"Holmes 10 Slope 1 2021",100,"yes",16,0.703125,1.36868963762284,0.172415750517715
"1622",2021,"19/02/21","Coral Sea","Central Coral Sea","Morgan","Holmes","Holmes 10","Holmes West","Slope",2,8.5,3,3,17,"0",100,"Holmes 10 Slope 2 2021",100,"yes",17,0.768166089965398,1.52951894919827,0.170649513627857
"1623",2021,"19/02/21","Coral Sea","Central Coral Sea","Morgan","Holmes","Holmes 10","Holmes West","Slope",3,9,3,5,13,"45",100,"Holmes 10 Slope 3 2021",100,"yes",13,0.769230769230769,1.60520710745546,0.155930887106629
"1624",2021,"19/02/21","Coral Sea","Central Coral Sea","Morgan","Holmes","Holmes 10","Holmes West","Crest",1,2.5,3.5,0,25,"90",100,"Holmes 10 Crest 1 2021",100,"yes",25,0.8032,1.74493274051482,0.139943311491857
"1625",2021,"19/02/21","Coral Sea","Central Coral Sea","Morgan","Holmes","Holmes 10","Holmes West","Crest",2,2,2.5,0,16,"90",100,"Holmes 10 Crest 2 2021",100,"yes",16,0.7578125,1.5808185358593,0.171521021066019
"1626",2021,"19/02/21","Coral Sea","Central Coral Sea","Morgan","Holmes","Holmes 10","Holmes West","Crest",3,1.5,3.5,0,28,"90",100,"Holmes 10 Crest 3 2021",100,"yes",28,0.770408163265306,1.65811412999908,0.148299345968683
"1627",2021,"19/02/21","Coral Sea","Central Coral Sea","Morgan","Holmes","Holmes 1","Holmes West","Slope",1,8.5,3,0,12,"90",100,"Holmes 1 Slope 1 2021",100,"yes",12,0.625,1.12692879480068,0.126087122147701
"1628",2021,"19/02/21","Coral Sea","Central Coral Sea","Morgan","Holmes","Holmes 1","Holmes West","Slope",2,9.3,3.5,0,16,"90",100,"Holmes 1 Slope 2 2021",100,"yes",16,0.6875,1.33166028682243,0.150505528142832
"1629",2021,"19/02/21","Coral Sea","Central Coral Sea","Morgan","Holmes","Holmes 1","Holmes West","Slope",3,9.5,2.5,1,26,"0",100,"Holmes 1 Slope 3 2021",100,"yes",26,0.781065088757396,1.69067781944463,0.154303006920655
"1630",2021,"19/02/21","Coral Sea","Central Coral Sea","Morgan","Holmes","Holmes 1","Holmes West","Crest",1,2,3,0,20,"45",100,"Holmes 1 Crest 1 2021",100,"yes",20,0.79,1.65694655002062,0.130373669218828
"1631",2021,"19/02/21","Coral Sea","Central Coral Sea","Morgan","Holmes","Holmes 1","Holmes West","Crest",2,2,3.5,0,22,"45",100,"Holmes 1 Crest 2 2021",100,"yes",22,0.822314049586777,1.80780471241153,0.150904869185048
"1632",2021,"19/02/21","Coral Sea","Central Coral Sea","Morgan","Holmes","Holmes 1","Holmes West","Crest",3,1.6,2.5,0,16,"45",100,"Holmes 1 Crest 3 2021",100,"yes",16,0.7421875,1.46147212930402,0.161771602028472
"1633",2021,"21/02/21","Coral Sea","Central Coral Sea","Morgan","Holmes","Holmes 5","Holmes East","Slope",1,8.5,3,22,5,"90",100,"Holmes 5 Slope 1 2021",100,"yes",5,0.48,0.673011667009257,0.0317296839390309
"1634",2021,"21/02/21","Coral Sea","Central Coral Sea","Morgan","Holmes","Holmes 5","Holmes East","Slope",2,9.5,3,19,10,"90",100,"Holmes 5 Slope 2 2021",100,"yes",10,0.64,1.16828245017656,0.10645909380354
"1635",2021,"21/02/21","Coral Sea","Central Coral Sea","Morgan","Holmes","Holmes 5","Holmes East","Slope",3,8.5,3,5,14,"90",100,"Holmes 5 Slope 3 2021",100,"yes",14,0.683673469387755,1.23965939205439,0.11502840600217
"1636",2021,"21/02/21","Coral Sea","Central Coral Sea","Morgan","Holmes","Holmes 5","Holmes East","Crest",1,2.5,2.5,9,4,"0",100,"Holmes 5 Crest 1 2021",100,"yes",4,0.75,1.38629436111989,0.126341718177777
"1637",2021,"21/02/21","Coral Sea","Central Coral Sea","Morgan","Holmes","Holmes 5","Holmes East","Crest",2,2.3,3,15,4,"90",100,"Holmes 5 Crest 2 2021",100,"yes",4,0.5,0.693147180559945,0.179607089433318
"1638",2021,"21/02/21","Coral Sea","Central Coral Sea","Morgan","Holmes","Holmes 5","Holmes East","Crest",3,2.5,3,8,4,"90",100,"Holmes 5 Crest 3 2021",100,"yes",4,0.625,1.03972077083992,0.159503820193347
"1639",2021,"21/02/21","Coral Sea","Central Coral Sea","Morgan","Holmes","Holmes 6","Holmes East","Slope",1,9,3.5,0,16,"90",100,"Holmes 6 Slope 1 2021",100,"yes",16,0.71875,1.39173976951833,0.15576096969029
"1640",2021,"21/02/21","Coral Sea","Central Coral Sea","Morgan","Holmes","Holmes 6","Holmes East","Slope",2,9.3,3.5,1,14,"90",100,"Holmes 6 Slope 2 2021",100,"yes",14,0.642857142857143,1.17099712611621,0.176852393863596
"1641",2021,"21/02/21","Coral Sea","Central Coral Sea","Morgan","Holmes","Holmes 6","Holmes East","Slope",3,9.5,3,5,12,"45",100,"Holmes 6 Slope 3 2021",100,"yes",12,0.680555555555556,1.2366848691405,0.161019933202368
"1642",2021,"21/02/21","Coral Sea","Central Coral Sea","Morgan","Holmes","Holmes 6","Holmes East","Crest",1,3.5,2.5,0,10,"45",100,"Holmes 6 Crest 1 2021",100,"yes",10,0.46,0.801818552543337,0.0967685803318839
"1643",2021,"21/02/21","Coral Sea","Central Coral Sea","Morgan","Holmes","Holmes 6","Holmes East","Crest",2,3,2,0,9,"45",100,"Holmes 6 Crest 2 2021",100,"yes",9,0.641975308641975,1.06085694715802,0.108606607466564
"1644",2021,"21/02/21","Coral Sea","Central Coral Sea","Morgan","Holmes","Holmes 6","Holmes East","Crest",3,3,2.5,0,12,"45",100,"Holmes 6 Crest 3 2021",100,"yes",12,0.652777777777778,1.19884931291362,0.127301235650255
"1645",2021,"21/02/21","Coral Sea","Central Coral Sea","Morgan","Holmes","Holmes 7","Holmes East","Slope",1,9,3.5,7,10,"60",100,"Holmes 7 Slope 1 2021",100,"yes",10,0.6,1.22752941145721,0.10288927275018
"1646",2021,"21/02/21","Coral Sea","Central Coral Sea","Morgan","Holmes","Holmes 7","Holmes East","Slope",2,9,3,5,18,"90",100,"Holmes 7 Slope 2 2021",100,"yes",18,0.790123456790123,1.66679610375721,0.154278201144629
"1647",2021,"21/02/21","Coral Sea","Central Coral Sea","Morgan","Holmes","Holmes 7","Holmes East","Slope",3,9,3.5,2,23,"90",100,"Holmes 7 Slope 3 2021",100,"yes",23,0.756143667296786,1.57896470065415,0.154694944890268
"1648",2021,"21/02/21","Coral Sea","Central Coral Sea","Morgan","Holmes","Holmes 7","Holmes East","Crest",1,5,2.5,2,21,"0",100,"Holmes 7 Crest 1 2021",100,"yes",21,0.630385487528345,1.21053676261531,0.105568387926872
"1649",2021,"21/02/21","Coral Sea","Central Coral Sea","Morgan","Holmes","Holmes 7","Holmes East","Crest",2,4.5,2.5,1,33,"90",100,"Holmes 7 Crest 2 2021",100,"yes",33,0.629935720844812,1.22130917938137,0.129213339558246
"1650",2021,"21/02/21","Coral Sea","Central Coral Sea","Morgan","Holmes","Holmes 7","Holmes East","Crest",3,4.5,2,1,42,"0",100,"Holmes 7 Crest 3 2021",100,"yes",42,0.595238095238095,1.14913234406011,0.150920402831501
"1651",2021,"22/02/21","Coral Sea","Northern Coral Sea","Morgan","Bougainville","Bougainville 1","","Slope",1,9,3.5,1,44,"90",100,"Bougainville 1 Slope 1 2021",100,"yes",44,0.665289256198347,1.2493181584805,0.106814227289828
"1652",2021,"22/02/21","Coral Sea","Northern Coral Sea","Morgan","Bougainville","Bougainville 1","","Slope",2,9,3.5,5,67,"90",100,"Bougainville 1 Slope 2 2021",100,"yes",67,0.663844954332814,1.35718149759479,0.116834458359815
"1653",2021,"22/02/21","Coral Sea","Northern Coral Sea","Morgan","Bougainville","Bougainville 1","","Slope",3,9,4,10,65,"20",100,"Bougainville 1 Slope 3 2021",100,"yes",65,0.742721893491124,1.63443561406704,0.125976392816709
"1654",2021,"22/02/21","Coral Sea","Northern Coral Sea","Morgan","Bougainville","Bougainville 1","","Crest",1,2.5,3,0,22,"45",100,"Bougainville 1 Crest 1 2021",100,"yes",22,0.557851239669422,1.13580480777387,0.154204379771054
"1655",2021,"22/02/21","Coral Sea","Northern Coral Sea","Morgan","Bougainville","Bougainville 1","","Crest",2,3,2.5,0,13,"45",100,"Bougainville 1 Crest 2 2021",100,"yes",13,0.390532544378698,0.793730055158425,0.104880601786897
"1656",2021,"22/02/21","Coral Sea","Northern Coral Sea","Morgan","Bougainville","Bougainville 1","","Crest",3,2.5,2.5,0,10,"45",100,"Bougainville 1 Crest 3 2021",100,"yes",10,0.64,1.05492016798614,0.18059103678858
"1657",2021,"22/02/21","Coral Sea","Northern Coral Sea","Morgan","Bougainville","Bougainville 5","","Slope",1,9,3.5,0,53,"90",100,"Bougainville 5 Slope 1 2021",100,"yes",53,0.704877180491278,1.38964855995556,0.149702504876694
"1658",2021,"22/02/21","Coral Sea","Northern Coral Sea","Morgan","Bougainville","Bougainville 5","","Slope",2,8.5,3,0,43,"45",100,"Bougainville 5 Slope 2 2021",100,"yes",43,0.678204434829638,1.2799480612741,0.166935819760038
"1659",2021,"22/02/21","Coral Sea","Northern Coral Sea","Morgan","Bougainville","Bougainville 5","","Slope",3,9.7,3,0,54,"90",100,"Bougainville 5 Slope 3 2021",100,"yes",54,0.759945130315501,1.59250743767013,0.153313795621335
"1660",2021,"22/02/21","Coral Sea","Northern Coral Sea","Morgan","Bougainville","Bougainville 5","","Crest",1,3,2.5,0,16,"10",100,"Bougainville 5 Crest 1 2021",100,"yes",16,0.640625,1.22991860376421,0.170712877724947
"1661",2021,"22/02/21","Coral Sea","Northern Coral Sea","Morgan","Bougainville","Bougainville 5","","Crest",2,3,2,0,16,"10",100,"Bougainville 5 Crest 2 2021",100,"yes",16,0.5703125,1.16018624397852,0.125293851408028
"1662",2021,"22/02/21","Coral Sea","Northern Coral Sea","Morgan","Bougainville","Bougainville 5","","Crest",3,2.6,1.5,0,15,"10",100,"Bougainville 5 Crest 3 2021",100,"yes",15,0.231111111111111,0.392674467227552,0.0487212014190461
"1663",2021,"22/02/21","Coral Sea","Northern Coral Sea","Morgan","Bougainville","Bougainville 4","","Slope",1,8.5,4,0,54,"120",100,"Bougainville 4 Slope 1 2021",100,"yes",54,0.795610425240055,1.71444339144724,0.116194249011586
"1664",2021,"22/02/21","Coral Sea","Northern Coral Sea","Morgan","Bougainville","Bougainville 4","","Slope",2,9,4.5,0,57,"90",100,"Bougainville 4 Slope 2 2021",100,"yes",57,0.831024930747922,1.8888576984469,0.137037770376337
"1665",2021,"22/02/21","Coral Sea","Northern Coral Sea","Morgan","Bougainville","Bougainville 4","","Slope",3,9.6,4,0,47,"120",100,"Bougainville 4 Slope 3 2021",100,"yes",47,0.830239927569036,1.78221068856783,0.141333666492939
"1666",2021,"22/02/21","Coral Sea","Northern Coral Sea","Morgan","Bougainville","Bougainville 4","","Crest",1,2,2,0,21,"45",100,"Bougainville 4 Crest 1 2021",100,"yes",21,0.326530612244898,0.618940743856973,0.0870887868404404
"1667",2021,"22/02/21","Coral Sea","Northern Coral Sea","Morgan","Bougainville","Bougainville 4","","Crest",2,2,3.5,0,18,"30",100,"Bougainville 4 Crest 2 2021",100,"yes",18,0.512345679012346,0.82773815699892,0.163597267899739
"1668",2021,"22/02/21","Coral Sea","Northern Coral Sea","Morgan","Bougainville","Bougainville 4","","Crest",3,2.3,3,0,18,"30",100,"Bougainville 4 Crest 3 2021",100,"yes",18,0.475308641975309,0.786701237916914,0.144235964147429
"1669",2021,"23/02/21","Coral Sea","Northern Coral Sea","Morgan","Osprey","Osprey 6","North side of lagoon entrance","Slope",1,7,2,0,21,"90",100,"Osprey 6 Slope 1 2021",100,"yes",21,0.798185941043084,1.72839097638901,0.166929359393414
"1670",2021,"23/02/21","Coral Sea","Northern Coral Sea","Morgan","Osprey","Osprey 6","North side of lagoon entrance","Slope",2,8,2,0,11,"0",100,"Osprey 6 Slope 2 2021",100,"yes",11,0.628099173553719,1.16851840574309,0.102173979413235
"1671",2021,"23/02/21","Coral Sea","Northern Coral Sea","Morgan","Osprey","Osprey 6","North side of lagoon entrance","Slope",3,8.6,2,5,13,"0",100,"Osprey 6 Slope 3 2021",100,"yes",13,0.72189349112426,1.52470739303014,0.139274581861562
"1672",2021,"23/02/21","Coral Sea","Northern Coral Sea","Morgan","Osprey","Osprey 6","North side of lagoon entrance","Crest",1,2.5,2,9,24,"0",100,"Osprey 6 Crest 1 2021",100,"yes",24,0.690972222222222,1.3422673044417,0.147489762434823
"1673",2021,"23/02/21","Coral Sea","Northern Coral Sea","Morgan","Osprey","Osprey 6","North side of lagoon entrance","Crest",2,2.5,2.5,1,18,"30",100,"Osprey 6 Crest 2 2021",100,"yes",18,0.67283950617284,1.32966134885476,0.0970512806803279
"1674",2021,"23/02/21","Coral Sea","Northern Coral Sea","Morgan","Osprey","Osprey 6","North side of lagoon entrance","Crest",3,3,2.5,0,13,"30",100,"Osprey 6 Crest 3 2021",100,"yes",13,0.745562130177515,1.47913280742964,0.131930661961135
"1675",2021,"23/02/21","Coral Sea","Northern Coral Sea","Morgan","Osprey","Osprey 7","South side of lagoon entrance","Slope",1,9,3,4,15,"90",100,"Osprey 7 Slope 1 2021",100,"yes",15,0.337777777777778,0.62770525719715,0.109485785116726
"1676",2021,"23/02/21","Coral Sea","Northern Coral Sea","Morgan","Osprey","Osprey 7","South side of lagoon entrance","Slope",2,7,2.5,1,20,"45",100,"Osprey 7 Slope 2 2021",100,"yes",20,0.34,0.639031859650177,0.075311879264773
"1677",2021,"23/02/21","Coral Sea","Northern Coral Sea","Morgan","Osprey","Osprey 7","South side of lagoon entrance","Slope",3,7,2,2,19,"0",100,"Osprey 7 Slope 3 2021",100,"yes",19,0.581717451523546,1.05968466737315,0.0898929641096511
"1678",2021,"23/02/21","Coral Sea","Northern Coral Sea","Morgan","Osprey","Osprey 7","South side of lagoon entrance","Crest",1,2.5,2.5,3,23,"0",100,"Osprey 7 Crest 1 2021",100,"yes",23,0.703213610586011,1.40912941612615,0.152430217121229
"1679",2021,"23/02/21","Coral Sea","Northern Coral Sea","Morgan","Osprey","Osprey 7","South side of lagoon entrance","Crest",2,2.5,2,5,8,"30",100,"Osprey 7 Crest 2 2021",100,"yes",8,0.71875,1.32088834314932,0.131738946433936
"1680",2021,"23/02/21","Coral Sea","Northern Coral Sea","Morgan","Osprey","Osprey 7","South side of lagoon entrance","Crest",3,3,2,4,12,"0",100,"Osprey 7 Crest 3 2021",100,"yes",12,0.722222222222222,1.42412991734677,0.147343806577515
"1681",2021,"24/02/21","Coral Sea","Northern Coral Sea","Morgan","Osprey","Osprey 9","North Horn","Slope",1,9.5,3.5,0,35,"90",100,"Osprey 9 Slope 1 2021",100,"yes",35,0.796734693877551,1.71419295592407,0.151107230445439
"1682",2021,"24/02/21","Coral Sea","Northern Coral Sea","Morgan","Osprey","Osprey 9","North Horn","Slope",2,8.8,3.5,0,48,"45",100,"Osprey 9 Slope 2 2021",100,"yes",48,0.827256944444444,1.83726024992718,0.14810559187348
"1683",2021,"24/02/21","Coral Sea","Northern Coral Sea","Morgan","Osprey","Osprey 9","North Horn","Slope",3,9.1,3.5,0,31,"60",100,"Osprey 9 Slope 3 2021",100,"yes",31,0.822060353798127,1.84249283899103,0.151297842958423
"1684",2021,"24/02/21","Coral Sea","Northern Coral Sea","Morgan","Osprey","Osprey 9","North Horn","Crest",1,3.8,3,0,21,"10",100,"Osprey 9 Crest 1 2021",100,"yes",21,0.784580498866213,1.7404229544469,0.126707869917607
"1685",2021,"24/02/21","Coral Sea","Northern Coral Sea","Morgan","Osprey","Osprey 9","North Horn","Crest",2,3,2,0,17,"10",100,"Osprey 9 Crest 2 2021",100,"yes",17,0.685121107266436,1.23240522346579,0.105547137297922
"1686",2021,"24/02/21","Coral Sea","Northern Coral Sea","Morgan","Osprey","Osprey 9","North Horn","Crest",3,2.5,3,0,17,"0",100,"Osprey 9 Crest 3 2021",100,"yes",17,0.698961937716263,1.44691898293633,0.116094543957802
"1687",2021,"26/02/21","GBR","Northern Great Barrier Reef","Morgan","Day","Day 1","","Slope",1,8,3.5,6,19,"30",100,"Day 1 Slope 1 2021",100,"yes",19,0.714681440443213,1.51129470835644,0.138805690171642
"1688",2021,"26/02/21","GBR","Northern Great Barrier Reef","Morgan","Day","Day 1","","Slope",2,9,4,4,9,"45",100,"Day 1 Slope 2 2021",100,"yes",9,0.691358024691358,1.27302833658963,0.143330492303413
"1689",2021,"26/02/21","GBR","Northern Great Barrier Reef","Morgan","Day","Day 1","","Slope",3,8.7,3.5,6,14,"45",100,"Day 1 Slope 3 2021",100,"yes",14,0.775510204081633,1.5498260458782,0.155060516911734
"1690",2021,"26/02/21","GBR","Northern Great Barrier Reef","Morgan","Day","Day 1","","Crest",1,2,2,0,21,"0",100,"Day 1 Crest 1 2021",100,"yes",21,0.761904761904762,1.59221405940735,0.170509040987629
"1691",2021,"26/02/21","GBR","Northern Great Barrier Reef","Morgan","Day","Day 1","","Crest",2,2,2.5,0,24,"0",100,"Day 1 Crest 2 2021",100,"yes",24,0.649305555555556,1.39564443158585,0.164545363182724
"1692",2021,"26/02/21","GBR","Northern Great Barrier Reef","Morgan","Day","Day 1","","Crest",3,2.3,2,3,21,"0",100,"Day 1 Crest 3 2021",100,"yes",21,0.793650793650794,1.66237695919282,0.171548199021018
"1693",2021,"26/02/21","GBR","Northern Great Barrier Reef","Morgan","Day","Day 2","","Slope",1,9,3.5,6,23,"90",100,"Day 2 Slope 1 2021",100,"yes",23,0.782608695652174,1.6311795841744,0.153698679630749
"1694",2021,"26/02/21","GBR","Northern Great Barrier Reef","Morgan","Day","Day 2","","Slope",2,8.6,3,1,14,"90",100,"Day 2 Slope 2 2021",100,"yes",14,0.622448979591837,1.25276296849537,0.141153870306781
"1695",2021,"26/02/21","GBR","Northern Great Barrier Reef","Morgan","Day","Day 2","","Slope",3,8,3.5,1,11,"45",100,"Day 2 Slope 3 2021",100,"yes",11,0.727272727272727,1.54030582522652,0.124064272098929
"1696",2021,"26/02/21","GBR","Northern Great Barrier Reef","Morgan","Day","Day 2","","Crest",1,2.5,2,6,24,"0",100,"Day 2 Crest 1 2021",100,"yes",24,0.607638888888889,1.21246586008889,0.121741696198214
"1697",2021,"26/02/21","GBR","Northern Great Barrier Reef","Morgan","Day","Day 2","","Crest",2,3,3,2,16,"0",100,"Day 2 Crest 2 2021",100,"yes",16,0.6328125,1.33066009336289,0.153567186845268
"1698",2021,"26/02/21","GBR","Northern Great Barrier Reef","Morgan","Day","Day 2","","Crest",3,2.5,2.5,1,15,"0",100,"Day 2 Crest 3 2021",100,"yes",15,0.435555555555556,0.857174043642079,0.0976292938869042
"1699",2021,"27/02/21","GBR","Northern Great Barrier Reef","Morgan","Escape","Escape 2","","Slope",1,9,2,0,35,"45",100,"Escape 2 Slope 1 2021",100,"yes",35,0.844081632653061,1.97842529544225,0.161344364519547
"1700",2021,"27/02/21","GBR","Northern Great Barrier Reef","Morgan","Escape","Escape 2","","Slope",2,7.7,2,0,40,"0",100,"Escape 2 Slope 2 2021",100,"yes",40,0.8275,1.91235179252562,0.186056102978207
"1701",2021,"27/02/21","GBR","Northern Great Barrier Reef","Morgan","Escape","Escape 2","","Slope",3,8.2,3,0,41,"45",100,"Escape 2 Slope 3 2021",100,"yes",41,0.799524092801904,1.77833482028548,0.184772805908257
"1702",2021,"27/02/21","GBR","Northern Great Barrier Reef","Morgan","Escape","Escape 2","","Crest",1,2,2.5,0,29,"0",100,"Escape 2 Crest 1 2021",100,"yes",29,0.646848989298454,1.26014120898986,0.168920220458454
"1703",2021,"27/02/21","GBR","Northern Great Barrier Reef","Morgan","Escape","Escape 2","","Crest",2,2,2,0,25,"0",100,"Escape 2 Crest 2 2021",100,"yes",25,0.6368,1.3319113734195,0.151840077374236
"1704",2021,"27/02/21","GBR","Northern Great Barrier Reef","Morgan","Escape","Escape 2","","Crest",3,2.5,2,0,42,"0",100,"Escape 2 Crest 3 2021",100,"yes",42,0.696145124716553,1.39288143321133,0.145883192992064
"1705",2021,"27/02/21","GBR","Northern Great Barrier Reef","Morgan","Escape","Escape 1","","Slope",1,8.5,2.5,0,38,"45",100,"Escape 1 Slope 1 2021",100,"yes",38,0.739612188365651,1.55655216001675,0.183618416403161
"1706",2021,"27/02/21","GBR","Northern Great Barrier Reef","Morgan","Escape","Escape 1","","Slope",2,7.6,2.5,0,36,"0",100,"Escape 1 Slope 2 2021",100,"yes",36,0.83641975308642,1.87512185601982,0.204224441100226
"1707",2021,"27/02/21","GBR","Northern Great Barrier Reef","Morgan","Escape","Escape 1","","Slope",3,7.8,2,0,36,"0",100,"Escape 1 Slope 3 2021",100,"yes",36,0.776234567901235,1.67893416548658,0.198436272445335
"1708",2021,"27/02/21","GBR","Northern Great Barrier Reef","Morgan","Escape","Escape 1","","Crest",1,2,2,0,32,"0",100,"Escape 1 Crest 1 2021",100,"yes",32,0.716796875,1.47168453968547,0.134505618574355
"1709",2021,"27/02/21","GBR","Northern Great Barrier Reef","Morgan","Escape","Escape 1","","Crest",2,2,2,1,41,"0",100,"Escape 1 Crest 2 2021",100,"yes",41,0.773349196906603,1.66782446140621,0.148490123976767
"1710",2021,"27/02/21","GBR","Northern Great Barrier Reef","Morgan","Escape","Escape 1","","Crest",3,2,2,1,37,"0",100,"Escape 1 Crest 3 2021",100,"yes",37,0.683710737764792,1.48033011275182,0.11917025467483
"1711",2021,"27/02/21","GBR","Northern Great Barrier Reef","Morgan","St Crispin","St Crispin 3","","Slope",1,7.5,4,0,22,"90",100,"St Crispin 3 Slope 1 2021",100,"yes",22,0.739669421487603,1.48695465113355,0.148513566266409
"1712",2021,"27/02/21","GBR","Northern Great Barrier Reef","Morgan","St Crispin","St Crispin 3","","Slope",2,9,3,0,14,"45",100,"St Crispin 3 Slope 2 2021",100,"yes",14,0.816326530612245,1.80951425584928,0.152036682800627
"1713",2021,"27/02/21","GBR","Northern Great Barrier Reef","Morgan","St Crispin","St Crispin 3","","Slope",3,9,3,0,9,"90",100,"St Crispin 3 Slope 3 2021",100,"yes",9,0.617283950617284,1.14905969697062,0.100355555163501
"1714",2021,"27/02/21","GBR","Northern Great Barrier Reef","Morgan","St Crispin","St Crispin 3","","Crest",1,1,2,2,40,"0",100,"St Crispin 3 Crest 1 2021",100,"yes",40,0.64125,1.31264882788646,0.0890786296864963
"1715",2021,"27/02/21","GBR","Northern Great Barrier Reef","Morgan","St Crispin","St Crispin 3","","Crest",2,1,2,0,36,"45",100,"St Crispin 3 Crest 2 2021",100,"yes",36,0.799382716049383,1.72225913262553,0.16288416581094
"1716",2021,"27/02/21","GBR","Northern Great Barrier Reef","Morgan","St Crispin","St Crispin 3","","Crest",3,2,4,0,45,"45",100,"St Crispin 3 Crest 3 2021",100,"yes",45,0.683456790123457,1.30294897479791,0.116137703439406
"1717",2021,"5/03/21","GBR","Central Great Barrier Reef","Morgan","Yamacutta","Yamacutta 2","","Slope",1,8.6,3.5,0,10,"90",100,"Yamacutta 2 Slope 1 2021",100,"yes",10,0.8,1.69574253416963,0.197066939145237
"1718",2021,"5/03/21","GBR","Central Great Barrier Reef","Morgan","Yamacutta","Yamacutta 2","","Slope",2,9.2,3.5,3,15,"90",100,"Yamacutta 2 Slope 2 2021",100,"yes",15,0.684444444444444,1.33786067783643,0.146884714272614
"1719",2021,"5/03/21","GBR","Central Great Barrier Reef","Morgan","Yamacutta","Yamacutta 2","","Slope",3,9.2,3,0,36,"90",100,"Yamacutta 2 Slope 3 2021",100,"yes",36,0.825617283950617,1.8728907326741,0.172897362819743
"1720",2021,"5/03/21","GBR","Central Great Barrier Reef","Morgan","Yamacutta","Yamacutta 2","","Crest",1,2,2,0,31,"45",100,"Yamacutta 2 Crest 1 2021",100,"yes",31,0.643080124869927,1.33774174472488,0.093452740334583
"1721",2021,"5/03/21","GBR","Central Great Barrier Reef","Morgan","Yamacutta","Yamacutta 2","","Crest",2,2,2.5,0,36,"0",100,"Yamacutta 2 Crest 2 2021",100,"yes",36,0.766975308641975,1.60400611626056,0.139244011517131
"1722",2021,"5/03/21","GBR","Central Great Barrier Reef","Morgan","Yamacutta","Yamacutta 2","","Crest",3,2,2.5,0,41,"30",100,"Yamacutta 2 Crest 3 2021",100,"yes",41,0.698393813206425,1.43796380477531,0.119088202700771
"1723",2021,"5/03/21","GBR","Central Great Barrier Reef","Morgan","Yamacutta","Yamacutta 1","","Slope",1,6.2,2,0,14,"60",100,"Yamacutta 1 Slope 1 2021",100,"yes",14,0.755102040816326,1.56915294620312,0.138389711131031
"1724",2021,"5/03/21","GBR","Central Great Barrier Reef","Morgan","Yamacutta","Yamacutta 1","","Slope",2,6.7,2,0,21,"45",100,"Yamacutta 1 Slope 2 2021",100,"yes",21,0.671201814058957,1.23478375688007,0.125898450278879
"1725",2021,"5/03/21","GBR","Central Great Barrier Reef","Morgan","Yamacutta","Yamacutta 1","","Slope",3,5,3,0,25,"90",100,"Yamacutta 1 Slope 3 2021",100,"yes",25,0.4736,0.806816703850445,0.0888987549908397
"1726",2021,"5/03/21","GBR","Central Great Barrier Reef","Morgan","Yamacutta","Yamacutta 1","","Crest",1,2,2,0,28,"0",100,"Yamacutta 1 Crest 1 2021",100,"yes",28,0.724489795918367,1.57803209006509,0.124543371515587
"1727",2021,"5/03/21","GBR","Central Great Barrier Reef","Morgan","Yamacutta","Yamacutta 1","","Crest",2,1.5,2,0,29,"0",100,"Yamacutta 1 Crest 2 2021",100,"yes",29,0.815695600475624,1.88501223805128,0.138423317482728
"1728",2021,"5/03/21","GBR","Central Great Barrier Reef","Morgan","Yamacutta","Yamacutta 1","","Crest",3,1.5,2,0,44,"0",100,"Yamacutta 1 Crest 3 2021",100,"yes",44,0.596074380165289,1.18306103158825,0.12871580325088
"1729",2021,"6/03/21","GBR","Central Great Barrier Reef","Morgan","Jupiter","Jupiter 1","","Slope",1,9.2,4,0,29,"90",100,"Jupiter 1 Slope 1 2021",100,"yes",29,0.829964328180737,1.85863911006589,0.161474862326554
"1730",2021,"6/03/21","GBR","Central Great Barrier Reef","Morgan","Jupiter","Jupiter 1","","Slope",2,8,4,0,30,"90",100,"Jupiter 1 Slope 2 2021",100,"yes",30,0.824444444444444,1.82394877005382,0.14965485956101
"1731",2021,"6/03/21","GBR","Central Great Barrier Reef","Morgan","Jupiter","Jupiter 1","","Slope",3,8.5,3,0,30,"0",100,"Jupiter 1 Slope 3 2021",100,"yes",30,0.735555555555556,1.44691343343259,0.119741596977755
"1732",2021,"6/03/21","GBR","Central Great Barrier Reef","Morgan","Jupiter","Jupiter 1","","Crest",1,2,3,1,59,"0",100,"Jupiter 1 Crest 1 2021",100,"yes",59,0.771617351335823,1.68528992945686,0.116804829328509
"1733",2021,"6/03/21","GBR","Central Great Barrier Reef","Morgan","Jupiter","Jupiter 1","","Crest",2,2,3,0,50,"45",100,"Jupiter 1 Crest 2 2021",100,"yes",50,0.7904,1.6843464250641,0.14850050654824
"1734",2021,"6/03/21","GBR","Central Great Barrier Reef","Morgan","Jupiter","Jupiter 1","","Crest",3,1.5,3,1,50,"0",100,"Jupiter 1 Crest 3 2021",100,"yes",50,0.792,1.7353702087646,0.149394879680128
"1735",2021,"6/03/21","GBR","Central Great Barrier Reef","Morgan","Jupiter","Jupiter 2","","Slope",1,9.5,3.5,0,50,"90",100,"Jupiter 2 Slope 1 2021",100,"yes",50,0.82,1.85691534065228,0.151134931710698
"1736",2021,"6/03/21","GBR","Central Great Barrier Reef","Morgan","Jupiter","Jupiter 2","","Slope",2,9,3.5,0,49,"90",100,"Jupiter 2 Slope 2 2021",100,"yes",49,0.80716368179925,1.77422817801725,0.165097585492713
"1737",2021,"6/03/21","GBR","Central Great Barrier Reef","Morgan","Jupiter","Jupiter 2","","Slope",3,9,3.5,0,53,"60",100,"Jupiter 2 Slope 3 2021",100,"yes",53,0.793164827340691,1.74577135484639,0.172149218433566
"1738",2021,"6/03/21","GBR","Central Great Barrier Reef","Morgan","Jupiter","Jupiter 2","","Crest",1,2,3,0,66,"0",100,"Jupiter 2 Crest 1 2021",100,"yes",66,0.757575757575758,1.57259239249167,0.131581759789886
"1739",2021,"6/03/21","GBR","Central Great Barrier Reef","Morgan","Jupiter","Jupiter 2","","Crest",2,2,3,0,57,"0",100,"Jupiter 2 Crest 2 2021",100,"yes",57,0.824253616497384,1.80326607881027,0.125148657724187
"1740",2021,"6/03/21","GBR","Central Great Barrier Reef","Morgan","Jupiter","Jupiter 2","","Crest",3,2,3.5,1,57,"0",100,"Jupiter 2 Crest 3 2021",100,"yes",57,0.7953216374269,1.68346990272186,0.160269166128883
"1741",2021,"6/03/21","GBR","Central Great Barrier Reef","Morgan","Castor","Castor 1","","Slope",1,9,4,0,51,"90",100,"Castor 1 Slope 1 2021",100,"yes",51,0.805074971164937,1.77911347447856,0.144166280374326
"1742",2021,"6/03/21","GBR","Central Great Barrier Reef","Morgan","Castor","Castor 1","","Slope",2,8.6,4,0,40,"90",100,"Castor 1 Slope 2 2021",100,"yes",40,0.705,1.39507558200871,0.156585320509854
"1743",2021,"6/03/21","GBR","Central Great Barrier Reef","Morgan","Castor","Castor 1","","Slope",3,8.8,3.5,0,35,"60",100,"Castor 1 Slope 3 2021",100,"yes",35,0.68734693877551,1.37364606577919,0.160666200340575
"1744",2021,"6/03/21","GBR","Central Great Barrier Reef","Morgan","Castor","Castor 1","","Crest",1,2,4,0,26,"0",100,"Castor 1 Crest 1 2021",100,"yes",26,0.677514792899408,1.24727864758582,0.13398690365271
"1745",2021,"6/03/21","GBR","Central Great Barrier Reef","Morgan","Castor","Castor 1","","Crest",2,2,4,1,26,"0",100,"Castor 1 Crest 2 2021",100,"yes",26,0.748520710059172,1.54285861380152,0.136667262301061
"1746",2021,"6/03/21","GBR","Central Great Barrier Reef","Morgan","Castor","Castor 1","","Crest",3,2,3,0,17,"0",100,"Castor 1 Crest 3 2021",100,"yes",17,0.782006920415225,1.56437010289277,0.178809190468377
"1747",2021,"6/03/21","GBR","Central Great Barrier Reef","Morgan","Castor","Castor 4","","Slope",1,9.5,4,0,44,"90",100,"Castor 4 Slope 1 2021",100,"yes",44,0.775826446280992,1.70398874363898,0.135897317923565
"1748",2021,"6/03/21","GBR","Central Great Barrier Reef","Morgan","Castor","Castor 4","","Slope",2,8.5,3.5,0,33,"45",100,"Castor 4 Slope 2 2021",100,"yes",33,0.778696051423324,1.76426461221636,0.163722073199006
"1749",2021,"6/03/21","GBR","Central Great Barrier Reef","Morgan","Castor","Castor 4","","Slope",3,9.3,3.5,0,53,"90",100,"Castor 4 Slope 3 2021",100,"yes",53,0.817372730509078,1.86901217915873,0.155751967893338
"1750",2021,"6/03/21","GBR","Central Great Barrier Reef","Morgan","Castor","Castor 4","","Crest",1,1.5,3,0,65,"0",100,"Castor 4 Crest 1 2021",100,"yes",65,0.765917159763314,1.56356225491442,0.0978390814174566
"1751",2021,"6/03/21","GBR","Central Great Barrier Reef","Morgan","Castor","Castor 4","","Crest",2,2,3,0,69,"30",100,"Castor 4 Crest 2 2021",100,"yes",69,0.783448855282504,1.71217472917056,0.120296363840585
"1752",2021,"6/03/21","GBR","Central Great Barrier Reef","Morgan","Castor","Castor 4","","Crest",3,2,3,0,59,"30",100,"Castor 4 Crest 3 2021",100,"yes",59,0.800919276070095,1.72295381563337,0.116130850740996
"1753",2021,"7/03/21","GBR","Central Great Barrier Reef","Morgan","Rebe","Rebe 1","","Slope",1,9,4.5,0,82,"0",100,"Rebe 1 Slope 1 2021",100,"yes",82,0.625817965496728,1.22924965188084,0.118408712213447
"1754",2021,"7/03/21","GBR","Central Great Barrier Reef","Morgan","Rebe","Rebe 1","","Slope",2,9.1,4,0,37,"0",100,"Rebe 1 Slope 2 2021",100,"yes",37,0.635500365230095,1.18603282211798,0.111111357983788
"1755",2021,"7/03/21","GBR","Central Great Barrier Reef","Morgan","Rebe","Rebe 1","","Slope",3,8.5,3.5,0,52,"0",100,"Rebe 1 Slope 3 2021",100,"yes",52,0.685650887573964,1.28420446231865,0.119542409667955
"1756",2021,"7/03/21","GBR","Central Great Barrier Reef","Morgan","Rebe","Rebe 1","","Crest",1,2.5,3,0,37,"0",100,"Rebe 1 Crest 1 2021",100,"yes",37,0.7918188458729,1.7329633566465,0.163556182950313
"1757",2021,"7/03/21","GBR","Central Great Barrier Reef","Morgan","Rebe","Rebe 1","","Crest",2,2,3,0,32,"0",100,"Rebe 1 Crest 2 2021",100,"yes",32,0.79296875,1.69715483192087,0.142597537793219
"1758",2021,"7/03/21","GBR","Central Great Barrier Reef","Morgan","Rebe","Rebe 1","","Crest",3,2,3,0,47,"0",100,"Rebe 1 Crest 3 2021",100,"yes",47,0.815753734721594,1.79726244181554,0.130480000650562
"1759",2021,"7/03/21","GBR","Central Great Barrier Reef","Morgan","Rebe","Rebe 2","","Slope",1,6,3,0,20,"90",100,"Rebe 2 Slope 1 2021",100,"yes",20,0.71,1.46599229953218,0.142784572066151
"1760",2021,"7/03/21","GBR","Central Great Barrier Reef","Morgan","Rebe","Rebe 2","","Slope",2,7.7,3.5,0,30,"90",100,"Rebe 2 Slope 2 2021",100,"yes",30,0.811111111111111,1.79518056280864,0.17711279903454
"1761",2021,"7/03/21","GBR","Central Great Barrier Reef","Morgan","Rebe","Rebe 2","","Slope",3,7.8,2,0,33,"0",100,"Rebe 2 Slope 3 2021",100,"yes",33,0.705234159779614,1.52263089760885,0.125747791652838
"1762",2021,"7/03/21","GBR","Central Great Barrier Reef","Morgan","Rebe","Rebe 2","","Crest",1,2.5,3,1,14,"0",100,"Rebe 2 Crest 1 2021",100,"yes",14,0.744897959183674,1.47013192040884,0.186939544679257
"1763",2021,"7/03/21","GBR","Central Great Barrier Reef","Morgan","Rebe","Rebe 2","","Crest",2,1.5,3,0,19,"0",100,"Rebe 2 Crest 2 2021",100,"yes",19,0.831024930747922,1.90966042154043,0.148650050183555
"1764",2021,"7/03/21","GBR","Central Great Barrier Reef","Morgan","Rebe","Rebe 2","","Crest",3,1.5,2,0,18,"0",100,"Rebe 2 Crest 3 2021",100,"yes",18,0.67283950617284,1.29190600734467,0.116287403391288
"1765",2021,"7/03/21","GBR","Central Great Barrier Reef","Morgan","White tip","White tip 1","","Slope",1,5,3,0,17,"0",100,"White tip 1 Slope 1 2021",100,"yes",17,0.705882352941177,1.41613968036194,0.10997381738935
"1766",2021,"7/03/21","GBR","Central Great Barrier Reef","Morgan","White tip","White tip 1","","Slope",2,5.2,2,0,32,"0",100,"White tip 1 Slope 2 2021",100,"yes",32,0.712890625,1.44423719206036,0.139676395489241
"1767",2021,"7/03/21","GBR","Central Great Barrier Reef","Morgan","White tip","White tip 1","","Slope",3,6,1.5,0,26,"30",100,"White tip 1 Slope 3 2021",100,"yes",26,0.754437869822485,1.4904709205643,0.137836809816883
"1768",2021,"7/03/21","GBR","Central Great Barrier Reef","Morgan","White tip","White tip 1","","Crest",1,1,2,0,33,"0",100,"White tip 1 Crest 1 2021",100,"yes",33,0.811753902662994,1.81967333572346,0.146850757739689
"1769",2021,"7/03/21","GBR","Central Great Barrier Reef","Morgan","White tip","White tip 1","","Crest",2,1.5,2,0,52,"30",100,"White tip 1 Crest 2 2021",100,"yes",52,0.739644970414201,1.53821518796213,0.121045370112269
"1770",2021,"7/03/21","GBR","Central Great Barrier Reef","Morgan","White tip","White tip 1","","Crest",3,1.5,2,0,64,"30",100,"White tip 1 Crest 3 2021",100,"yes",64,0.74365234375,1.59226377574153,0.147920239419329
"1771",2021,"7/03/21","GBR","Central Great Barrier Reef","Morgan","White tip","White tip 2","","Slope",1,5.5,1.5,0,17,"45",100,"White tip 2 Slope 1 2021",100,"yes",17,0.657439446366782,1.31301059204033,0.156984388538101
"1772",2021,"7/03/21","GBR","Central Great Barrier Reef","Morgan","White tip","White tip 2","","Slope",2,8,2.5,0,44,"45",100,"White tip 2 Slope 2 2021",100,"yes",44,0.285123966942149,0.641323861305522,0.0663096218226099
"1773",2021,"7/03/21","GBR","Central Great Barrier Reef","Morgan","White tip","White tip 2","","Slope",3,9,2,0,35,"45",100,"White tip 2 Slope 3 2021",100,"yes",35,0.522448979591837,0.989679616136893,0.121942515838071
"1774",2021,"7/03/21","GBR","Central Great Barrier Reef","Morgan","White tip","White tip 2","","Crest",1,2,3,0,58,"0",100,"White tip 2 Crest 1 2021",100,"yes",58,0.69678953626635,1.29802222380368,0.111802843859537
"1775",2021,"7/03/21","GBR","Central Great Barrier Reef","Morgan","White tip","White tip 2","","Crest",2,2,2.5,0,76,"0",100,"White tip 2 Crest 2 2021",100,"yes",76,0.608379501385042,1.23968581167975,0.103579035976062
"1776",2021,"7/03/21","GBR","Central Great Barrier Reef","Morgan","White tip","White tip 2","","Crest",3,1.5,2.5,0,69,"0",100,"White tip 2 Crest 3 2021",100,"yes",69,0.533921445074564,1.25217992538305,0.11188578712203
"1777",2021,"8/03/21","GBR","Southern Great Barrier Reef","Morgan","Storm Cay","Storm Cay 1","","Slope",1,7.8,2,0,10,"0",100,"Storm Cay 1 Slope 1 2021",100,"yes",10,0.58,0.943348392329039,0.106893448827353
"1778",2021,"8/03/21","GBR","Southern Great Barrier Reef","Morgan","Storm Cay","Storm Cay 1","","Slope",2,8.7,1.5,0,17,"0",100,"Storm Cay 1 Slope 2 2021",100,"yes",17,0.823529411764706,1.76231471083667,0.167958288851377
"1779",2021,"8/03/21","GBR","Southern Great Barrier Reef","Morgan","Storm Cay","Storm Cay 1","","Slope",3,9,3,0,25,"0",100,"Storm Cay 1 Slope 3 2021",100,"yes",25,0.288,0.661476977180525,0.082085551416862
"1780",2021,"8/03/21","GBR","Southern Great Barrier Reef","Morgan","Storm Cay","Storm Cay 1","","Crest",1,3,2,0,13,"0",100,"Storm Cay 1 Crest 1 2021",100,"yes",13,0.698224852071006,1.37781950803903,0.0977701239078747
"1781",2021,"8/03/21","GBR","Southern Great Barrier Reef","Morgan","Storm Cay","Storm Cay 1","","Crest",2,3.4,2,0,29,"0",100,"Storm Cay 1 Crest 2 2021",100,"yes",29,0.853745541022592,1.9840058321209,0.130192221247677
"1782",2021,"8/03/21","GBR","Southern Great Barrier Reef","Morgan","Storm Cay","Storm Cay 1","","Crest",3,3,2.5,0,35,"0",100,"Storm Cay 1 Crest 3 2021",100,"yes",35,0.811428571428571,1.78787825819032,0.113034967047775
"1783",2021,"8/03/21","GBR","Southern Great Barrier Reef","Morgan","Storm Cay","Storm Cay 2","","Slope",1,7,3,0,13,"0",100,"Storm Cay 2 Slope 1 2021",100,"yes",13,0.497041420118343,1.04379388084415,0.110324972837502
"1784",2021,"8/03/21","GBR","Southern Great Barrier Reef","Morgan","Storm Cay","Storm Cay 2","","Slope",2,7.5,3,0,16,"0",100,"Storm Cay 2 Slope 2 2021",100,"yes",16,0.6015625,1.06095815043934,0.107199197723936
"1785",2021,"8/03/21","GBR","Southern Great Barrier Reef","Morgan","Storm Cay","Storm Cay 2","","Slope",3,8.8,2.5,0,11,"0",100,"Storm Cay 2 Slope 3 2021",100,"yes",11,0.644628099173554,1.06708951878208,0.106069773458802
"1786",2021,"8/03/21","GBR","Southern Great Barrier Reef","Morgan","Storm Cay","Storm Cay 2","","Crest",1,3,2.5,0,18,"0",100,"Storm Cay 2 Crest 1 2021",100,"yes",18,0.771604938271605,1.53414146394837,0.125442848680631
"1787",2021,"8/03/21","GBR","Southern Great Barrier Reef","Morgan","Storm Cay","Storm Cay 2","","Crest",2,2.4,3,0,12,"0",100,"Storm Cay 2 Crest 2 2021",100,"yes",12,0.791666666666667,1.66094743328692,0.1283841963677
"1788",2021,"8/03/21","GBR","Southern Great Barrier Reef","Morgan","Storm Cay","Storm Cay 2","","Crest",3,2,2.5,0,18,"0",100,"Storm Cay 2 Crest 3 2021",100,"yes",18,0.654320987654321,1.26767702904526,0.0934131870037425
"1789",2021,"8/03/21","GBR","Southern Great Barrier Reef","Morgan","Storm Cay","Storm Cay 3","","Slope",1,7.2,3.5,0,57,"0",100,"Storm Cay 3 Slope 1 2021",100,"yes",57,0.663588796552786,1.4112598891124,0.169579025838479
"1790",2021,"8/03/21","GBR","Southern Great Barrier Reef","Morgan","Storm Cay","Storm Cay 3","","Slope",2,8.6,3,0,42,"0",100,"Storm Cay 3 Slope 2 2021",100,"yes",42,0.856009070294785,2.04163491441902,0.165372473525498
"1791",2021,"8/03/21","GBR","Southern Great Barrier Reef","Morgan","Storm Cay","Storm Cay 3","","Slope",3,9,3.5,0,53,"0",100,"Storm Cay 3 Slope 3 2021",100,"yes",53,0.813812744749021,1.8445737320952,0.183170922950331
"1792",2021,"8/03/21","GBR","Southern Great Barrier Reef","Morgan","Storm Cay","Storm Cay 3","","Crest",1,1,3.5,0,52,"0",100,"Storm Cay 3 Crest 1 2021",100,"yes",52,0.769970414201183,1.68213295692562,0.130773779805187
"1793",2021,"8/03/21","GBR","Southern Great Barrier Reef","Morgan","Storm Cay","Storm Cay 3","","Crest",2,2,3,0,38,"0",100,"Storm Cay 3 Crest 2 2021",100,"yes",38,0.757617728531856,1.6698817132501,0.134240096188934
"1794",2021,"8/03/21","GBR","Southern Great Barrier Reef","Morgan","Storm Cay","Storm Cay 3","","Crest",3,2,3.5,0,43,"0",100,"Storm Cay 3 Crest 3 2021",100,"yes",43,0.844780962682531,1.93644406896826,0.137046223652319
"1795",2021,"9/03/21","GBR","Southern Great Barrier Reef","Morgan","Abraham","Abraham 1","","Slope",1,8.2,2,2,1,"0",100,"Abraham 1 Slope 1 2021",100,"yes",1,0,0,0
"1796",2021,"9/03/21","GBR","Southern Great Barrier Reef","Morgan","Abraham","Abraham 1","","Slope",2,8,2,3,2,"45",100,"Abraham 1 Slope 2 2021",100,"yes",2,0,0,0
"1797",2021,"9/03/21","GBR","Southern Great Barrier Reef","Morgan","Abraham","Abraham 1","","Slope",3,9.3,2,0,2,"0",100,"Abraham 1 Slope 3 2021",100,"yes",2,0.5,0.693147180559945,0.176201935079985
"1798",2021,"9/03/21","GBR","Southern Great Barrier Reef","Morgan","Abraham","Abraham 1","","Crest",1,3,2,0,23,"0",100,"Abraham 1 Crest 1 2021",100,"yes",23,0.816635160680529,1.84777575236614,0.110757988581766
"1799",2021,"9/03/21","GBR","Southern Great Barrier Reef","Morgan","Abraham","Abraham 1","","Crest",2,2.3,3,3,34,"0",100,"Abraham 1 Crest 2 2021",100,"yes",34,0.757785467128028,1.69748473959485,0.106020133157883
"1800",2021,"9/03/21","GBR","Southern Great Barrier Reef","Morgan","Abraham","Abraham 1","","Crest",3,1.5,2,0,33,"0",100,"Abraham 1 Crest 3 2021",100,"yes",33,0.710743801652893,1.54824123554892,0.10988686673699
"1801",2021,"9/03/21","GBR","Southern Great Barrier Reef","Morgan","Abraham","Abraham 2","","Slope",1,9,3,8,0,"45",100,"Abraham 2 Slope 1 2021",100,"yes",0,0,0,NA
"1802",2021,"9/03/21","GBR","Southern Great Barrier Reef","Morgan","Abraham","Abraham 2","","Slope",2,8.3,2.5,12,0,"45",100,"Abraham 2 Slope 2 2021",100,"yes",0,0,0,NA
"1803",2021,"9/03/21","GBR","Southern Great Barrier Reef","Morgan","Abraham","Abraham 2","","Slope",3,8.4,2.5,0,3,"45",100,"Abraham 2 Slope 3 2021",100,"yes",3,0,0,0
"1804",2021,"9/03/21","GBR","Southern Great Barrier Reef","Morgan","Abraham","Abraham 2","","Crest",1,2,2,0,8,"0",100,"Abraham 2 Crest 1 2021",100,"yes",8,0.75,1.49417513828931,0.0971614440559097
"1805",2021,"9/03/21","GBR","Southern Great Barrier Reef","Morgan","Abraham","Abraham 2","","Crest",2,2,2.5,0,3,"0",100,"Abraham 2 Crest 2 2021",100,"yes",3,0.666666666666667,1.09861228866811,0.154054912377672
"1806",2021,"9/03/21","GBR","Southern Great Barrier Reef","Morgan","Abraham","Abraham 2","","Crest",3,1.5,2,0,4,"0",100,"Abraham 2 Crest 3 2021",100,"yes",4,0.375,0.562335144618808,0.0639570818716797
"1807",2021,"1/11/21","Coral Sea","Northern Coral Sea","Debs","Ashmore","Ashmore 5","","Slope",1,5,3,4,54,"30",100,"Ashmore 5 Slope 1 2021",100,"yes",54,0.759945130315501,1.59066254368712,0.125482133581111
"1808",2021,"1/11/21","Coral Sea","Northern Coral Sea","Debs","Ashmore","Ashmore 5","","Slope",2,5.6,3,2,53,"20",100,"Ashmore 5 Slope 2 2021",100,"yes",53,0.788180847276611,1.70972839836358,0.118527482460468
"1809",2021,"1/11/21","Coral Sea","Northern Coral Sea","Debs","Ashmore","Ashmore 5","","Slope",3,5.8,3,4,44,"30",100,"Ashmore 5 Slope 3 2021",100,"yes",44,0.846074380165289,2.02117918493882,0.123832603817796
"1810",2021,"1/11/21","Coral Sea","Northern Coral Sea","Debs","Ashmore","Ashmore 5","","Crest",1,1.6,2,0,35,"0",100,"Ashmore 5 Crest 1 2021",100,"yes",35,0.67265306122449,1.34468714811021,0.130755420763726
"1811",2021,"1/11/21","Coral Sea","Northern Coral Sea","Debs","Ashmore","Ashmore 5","","Crest",2,1.5,2,0,63,"0",100,"Ashmore 5 Crest 2 2021",100,"yes",63,0.740740740740741,1.62105838763199,0.138636751449122
"1812",2021,"1/11/21","Coral Sea","Northern Coral Sea","Debs","Ashmore","Ashmore 5","","Crest",3,1.1,3,0,47,"20",100,"Ashmore 5 Crest 3 2021",100,"yes",47,0.716161158895428,1.48970045832607,0.145431808355109
"1813",2021,"2/11/21","Coral Sea","Northern Coral Sea","Debs","Ashmore","Ashmore 3","","Slope",1,5.7,3.5,10,24,"45",100,"Ashmore 3 Slope 1 2021",100,"yes",24,0.71875,1.32088834314932,0.0785780717416484
"1814",2021,"2/11/21","Coral Sea","Northern Coral Sea","Debs","Ashmore","Ashmore 3","","Slope",2,6.1,4,10,24,"50",100,"Ashmore 3 Slope 2 2021",100,"yes",24,0.788194444444444,1.64269645081317,0.13097004005606
"1815",2021,"2/11/21","Coral Sea","Northern Coral Sea","Debs","Ashmore","Ashmore 3","","Slope",3,6.2,3.5,6,36,"30",100,"Ashmore 3 Slope 3 2021",100,"yes",36,0.717592592592593,1.47308523687152,0.093954661518998
"1816",2021,"2/11/21","Coral Sea","Northern Coral Sea","Debs","Ashmore","Ashmore 3","","Crest",1,2.9,2,2,19,"5",100,"Ashmore 3 Crest 1 2021",100,"yes",19,0.781163434903047,1.6356930862305,0.135600018745857
"1817",2021,"2/11/21","Coral Sea","Northern Coral Sea","Debs","Ashmore","Ashmore 3","","Crest",2,2.6,1,8,23,"0",100,"Ashmore 3 Crest 2 2021",100,"yes",23,0.748582230623819,1.54144095207348,0.109343480939664
"1818",2021,"2/11/21","Coral Sea","Northern Coral Sea","Debs","Ashmore","Ashmore 3","","Crest",3,2.3,2.5,4,41,"0",100,"Ashmore 3 Crest 3 2021",100,"yes",41,0.734086853063653,1.4679624964266,0.11822848302377
"1819",2021,"3/11/21","Coral Sea","Northern Coral Sea","Debs","Ashmore","Ashmore 6","","Slope",1,8.1,4,6,48,"30",100,"Ashmore 6 Slope 1 2021",100,"yes",48,0.712673611111111,1.46220063937707,0.0754761692195711
"1820",2021,"3/11/21","Coral Sea","Northern Coral Sea","Debs","Ashmore","Ashmore 6","","Slope",2,6.7,4,5,46,"50",100,"Ashmore 6 Slope 2 2021",100,"yes",46,0.637996219281664,1.28159520676904,0.0673189662750984
"1821",2021,"3/11/21","Coral Sea","Northern Coral Sea","Debs","Ashmore","Ashmore 6","","Slope",3,6.7,4,3,53,"40",100,"Ashmore 6 Slope 3 2021",100,"yes",53,0.726949092203631,1.49512589959203,0.0798773282485123
"1822",2021,"3/11/21","Coral Sea","Northern Coral Sea","Debs","Ashmore","Ashmore 6","","Crest",1,3,1.5,3,29,"0",100,"Ashmore 6 Crest 1 2021",100,"yes",29,0.663495838287753,1.30666488282569,0.0904315169014917
"1823",2021,"3/11/21","Coral Sea","Northern Coral Sea","Debs","Ashmore","Ashmore 6","","Crest",2,2.8,1.5,2,16,"5",100,"Ashmore 6 Crest 2 2021",100,"yes",16,0.5625,1.12748323499323,0.0786088282630298
"1824",2021,"3/11/21","Coral Sea","Northern Coral Sea","Debs","Ashmore","Ashmore 6","","Crest",3,2.5,2,3,27,"0",100,"Ashmore 6 Crest 3 2021",100,"yes",27,0.666666666666667,1.37267153332346,0.0988458836123305
"1825",2021,"4/11/21","Coral Sea","Northern Coral Sea","Debs","Ashmore","Ashmore 1","","Slope",1,8.8,4.5,1,43,"90",100,"Ashmore 1 Slope 1 2021",100,"yes",43,0.869659275283937,2.09868776519359,0.163991179057913
"1826",2021,"4/11/21","Coral Sea","Northern Coral Sea","Debs","Ashmore","Ashmore 1","","Slope",2,9,4,0,37,"40",100,"Ashmore 1 Slope 2 2021",100,"yes",37,0.850255661066472,2.02707028348782,0.173303670103583
"1827",2021,"4/11/21","Coral Sea","Northern Coral Sea","Debs","Ashmore","Ashmore 1","","Slope",3,8,3,0,38,"70",100,"Ashmore 1 Slope 3 2021",100,"yes",38,0.844875346260388,1.99338695482655,0.160376890145796
"1828",2021,"4/11/21","Coral Sea","Northern Coral Sea","Debs","Ashmore","Ashmore 1","","Crest",1,1.7,4,2,46,"10",100,"Ashmore 1 Crest 1 2021",100,"yes",46,0.810018903591682,1.8203396652604,0.134514391793149
"1829",2021,"4/11/21","Coral Sea","Northern Coral Sea","Debs","Ashmore","Ashmore 1","","Crest",2,1.7,3.5,2,43,"10",100,"Ashmore 1 Crest 2 2021",100,"yes",43,0.77230935640887,1.61746698776303,0.124352705735315
"1830",2021,"4/11/21","Coral Sea","Northern Coral Sea","Debs","Ashmore","Ashmore 1","","Crest",3,1.8,4,1,42,"30",100,"Ashmore 1 Crest 3 2021",100,"yes",42,0.791383219954649,1.68884510789497,0.121813239317064
"1831",2021,"5/11/21","Coral Sea","Northern Coral Sea","Debs","Ashmore","Ashmore 7","","Slope",1,7.3,4,17,20,"80",100,"Ashmore 7 Slope 1 2021",100,"yes",20,0.79,1.73398356974845,0.11982500470505
"1832",2021,"5/11/21","Coral Sea","Northern Coral Sea","Debs","Ashmore","Ashmore 7","","Slope",2,5.2,3.5,5,17,"60",100,"Ashmore 7 Slope 2 2021",100,"yes",17,0.775086505190311,1.54438198091684,0.120481902002501
"1833",2021,"5/11/21","Coral Sea","Northern Coral Sea","Debs","Ashmore","Ashmore 7","","Slope",3,4.7,4,14,27,"50",100,"Ashmore 7 Slope 3 2021",100,"yes",27,0.798353909465021,1.66755912583367,0.148723914715291
"1834",2021,"5/11/21","Coral Sea","Northern Coral Sea","Debs","Ashmore","Ashmore 7","","Crest",1,3,4,1,34,"0",100,"Ashmore 7 Crest 1 2021",100,"yes",34,0.756055363321799,1.57504200375356,0.098665052002808
"1835",2021,"5/11/21","Coral Sea","Northern Coral Sea","Debs","Ashmore","Ashmore 7","","Crest",2,2.5,3.5,4,25,"0",100,"Ashmore 7 Crest 2 2021",100,"yes",25,0.7136,1.44513524524807,0.115511638056764
"1836",2021,"5/11/21","Coral Sea","Northern Coral Sea","Debs","Ashmore","Ashmore 7","","Crest",3,2.3,3,2,22,"0",100,"Ashmore 7 Crest 3 2021",100,"yes",22,0.446280991735537,0.924803525092824,0.0620911760499925
"1837",2022,"9/02/22","GBR","Southern Great Barrier Reef","Morgan","Sweetlip","Sweetlip 1","","Slope",1,6,2,9,4,"30",100,"Sweetlip 1 Slope 1 2022",100,"yes",4,0.375,0.562335144618808,0.11243394052261
"1838",2022,"9/02/22","GBR","Southern Great Barrier Reef","Morgan","Sweetlip","Sweetlip 1","","Slope",2,6,3,13,4,"45",100,"Sweetlip 1 Slope 2 2022",100,"yes",4,0.375,0.562335144618808,0.132151451309989
"1839",2022,"9/02/22","GBR","Southern Great Barrier Reef","Morgan","Sweetlip","Sweetlip 1","","Slope",3,9,2.5,31,6,"45",100,"Sweetlip 1 Slope 3 2022",100,"yes",6,0.666666666666667,1.242453324894,0.163692033147468
"1840",2022,"9/02/22","GBR","Southern Great Barrier Reef","Morgan","Sweetlip","Sweetlip 1","","Crest",1,2.5,3,11,7,"90",100,"Sweetlip 1 Crest 1 2022",100,"yes",7,0.244897959183674,0.410116318288409,0.067022760725583
"1841",2022,"9/02/22","GBR","Southern Great Barrier Reef","Morgan","Sweetlip","Sweetlip 1","","Crest",2,2,2.5,6,17,"60",100,"Sweetlip 1 Crest 2 2022",100,"yes",17,0.588235294117647,1.09100601100039,0.136443813700836
"1842",2022,"9/02/22","GBR","Southern Great Barrier Reef","Morgan","Sweetlip","Sweetlip 1","","Crest",3,2,3,14,15,"90",100,"Sweetlip 1 Crest 3 2022",100,"yes",15,0.702222222222222,1.39539709232679,0.152240287376697
"1843",2022,"9/02/22","GBR","Southern Great Barrier Reef","Morgan","Sweetlip","Sweetlip 2","","Slope",1,7,2,0,6,"45",87,"Sweetlip 2 Slope 1 2022",87,"yes",6,0.5,0.867563228481461,0.129270177651394
"1844",2022,"9/02/22","GBR","Southern Great Barrier Reef","Morgan","Sweetlip","Sweetlip 2","","Slope",2,7.5,2,0,9,"30",88,"Sweetlip 2 Slope 2 2022",88,"yes",9,0.37037037037037,0.683738905848754,0.0850188608532443
"1845",2022,"9/02/22","GBR","Southern Great Barrier Reef","Morgan","Sweetlip","Sweetlip 2","","Slope",3,7,1.5,0,8,"30",81,"Sweetlip 2 Slope 3 2022",81,"yes",8,0.65625,1.2130075659799,0.14403127364551
"1846",2022,"9/02/22","GBR","Southern Great Barrier Reef","Morgan","Sweetlip","Sweetlip 2","","Crest",1,2.5,3.5,4,7,"10",100,"Sweetlip 2 Crest 1 2022",100,"yes",7,0.612244897959184,1.00424247305408,0.153758914633894
"1847",2022,"9/02/22","GBR","Southern Great Barrier Reef","Morgan","Sweetlip","Sweetlip 2","","Crest",2,1.6,2.5,3,7,"0",100,"Sweetlip 2 Crest 2 2022",100,"yes",7,0.612244897959184,1.00424247305408,0.116444823261792
"1848",2022,"9/02/22","GBR","Southern Great Barrier Reef","Morgan","Sweetlip","Sweetlip 2","","Crest",3,2,3,1,21,"30",100,"Sweetlip 2 Crest 3 2022",100,"yes",21,0.090702947845805,0.191444081957717,0.0149377443120481
"1849",2022,"9/02/22","GBR","Southern Great Barrier Reef","Morgan","Sweetlip","Sweetlip 3","","Slope",1,6,2,1,3,"30",100,"Sweetlip 3 Slope 1 2022",100,"yes",3,0.444444444444444,0.636514168294813,0.10984267790038
"1850",2022,"9/02/22","GBR","Southern Great Barrier Reef","Morgan","Sweetlip","Sweetlip 3","","Slope",2,7,3,5,5,"45",100,"Sweetlip 3 Slope 2 2022",100,"yes",5,0.64,1.05492016798614,0.127472808147373
"1851",2022,"9/02/22","GBR","Southern Great Barrier Reef","Morgan","Sweetlip","Sweetlip 3","","Slope",3,8,2.5,12,5,"45",100,"Sweetlip 3 Slope 3 2022",100,"yes",5,0.32,0.500402423538188,0.132828166868222
"1852",2022,"9/02/22","GBR","Southern Great Barrier Reef","Morgan","Sweetlip","Sweetlip 3","","Crest",1,2,3,7,12,"45",100,"Sweetlip 3 Crest 1 2022",100,"yes",12,0.375,0.562335144618808,0.122308597479946
"1853",2022,"9/02/22","GBR","Southern Great Barrier Reef","Morgan","Sweetlip","Sweetlip 3","","Crest",2,2,2.5,6,11,"45",100,"Sweetlip 3 Crest 2 2022",100,"yes",11,0.512396694214876,0.859967281035505,0.145878441976974
"1854",2022,"9/02/22","GBR","Southern Great Barrier Reef","Morgan","Sweetlip","Sweetlip 3","","Crest",3,1.7,2.5,15,5,"45",100,"Sweetlip 3 Crest 3 2022",100,"yes",5,0.64,1.05492016798614,0.14617601382599
"1855",2022,"10/02/22","Coral Sea","Southern Coral Sea","Morgan","Saumarez","Saumarez 3","","Slope",1,7.5,3,9,15,"80",100,"Saumarez 3 Slope 1 2022",100,"yes",15,0.755555555555556,1.48975031885059,0.147265955071499
"1856",2022,"10/02/22","Coral Sea","Southern Coral Sea","Morgan","Saumarez","Saumarez 3","","Slope",2,8.6,3.5,18,13,"75",100,"Saumarez 3 Slope 2 2022",100,"yes",13,0.792899408284024,1.67159527802125,0.149176784978562
"1857",2022,"10/02/22","Coral Sea","Southern Coral Sea","Morgan","Saumarez","Saumarez 3","","Slope",3,7.5,4,18,12,"100",100,"Saumarez 3 Slope 3 2022",100,"yes",12,0.597222222222222,1.11874333598575,0.128305179649792
"1858",2022,"10/02/22","Coral Sea","Southern Coral Sea","Morgan","Saumarez","Saumarez 3","","Crest",1,1.8,3.5,3,40,"45",100,"Saumarez 3 Crest 1 2022",100,"yes",40,0.755,1.65516532957749,0.10685096274098
"1859",2022,"10/02/22","Coral Sea","Southern Coral Sea","Morgan","Saumarez","Saumarez 3","","Crest",2,1.7,3.5,4,44,"90",100,"Saumarez 3 Crest 2 2022",100,"yes",44,0.754132231404959,1.65594816704362,0.0977721384604599
"1860",2022,"10/02/22","Coral Sea","Southern Coral Sea","Morgan","Saumarez","Saumarez 3","","Crest",3,2,4,3,31,"90",100,"Saumarez 3 Crest 3 2022",100,"yes",31,0.705515088449532,1.53637334057336,0.100100417581306
"1861",2022,"10/02/22","Coral Sea","Southern Coral Sea","Morgan","Saumarez","Saumarez 7","","Slope",1,6,3.5,13,9,"90",100,"Saumarez 7 Slope 1 2022",100,"yes",9,0.814814814814815,1.73512645696292,0.20142403908366
"1862",2022,"10/02/22","Coral Sea","Southern Coral Sea","Morgan","Saumarez","Saumarez 7","","Slope",2,7,3.5,6,17,"90",100,"Saumarez 7 Slope 2 2022",100,"yes",17,0.823529411764706,1.82387331598544,0.144406371960675
"1863",2022,"10/02/22","Coral Sea","Southern Coral Sea","Morgan","Saumarez","Saumarez 7","","Slope",3,8.2,3.5,16,10,"45",100,"Saumarez 7 Slope 3 2022",100,"yes",10,0.72,1.41848366194566,0.123406124844451
"1864",2022,"10/02/22","Coral Sea","Southern Coral Sea","Morgan","Saumarez","Saumarez 7","","Crest",1,2.3,4,0,45,"90",100,"Saumarez 7 Crest 1 2022",100,"yes",45,0.698271604938272,1.59589468866267,0.115123797360699
"1865",2022,"10/02/22","Coral Sea","Southern Coral Sea","Morgan","Saumarez","Saumarez 7","","Crest",2,1.5,3,2,35,"45",100,"Saumarez 7 Crest 2 2022",100,"yes",35,0.772244897959184,1.712024009101,0.119237190732745
"1866",2022,"10/02/22","Coral Sea","Southern Coral Sea","Morgan","Saumarez","Saumarez 7","","Crest",3,1.5,3.5,0,45,"90",100,"Saumarez 7 Crest 3 2022",100,"yes",45,0.679506172839506,1.44593865009765,0.0800384715769386
"1867",2022,"10/02/22","Coral Sea","Southern Coral Sea","Morgan","Saumarez","Saumarez 5","","Slope",1,6.5,4,30,3,"90",100,"Saumarez 5 Slope 1 2022",100,"yes",3,0.444444444444444,0.636514168294813,0
"1868",2022,"10/02/22","Coral Sea","Southern Coral Sea","Morgan","Saumarez","Saumarez 5","","Slope",2,8.5,4,27,4,"90",100,"Saumarez 5 Slope 2 2022",100,"yes",4,0.625,1.03972077083992,0.0965148218240936
"1869",2022,"10/02/22","Coral Sea","Southern Coral Sea","Morgan","Saumarez","Saumarez 5","","Slope",3,7,3,28,2,"110",100,"Saumarez 5 Slope 3 2022",100,"yes",2,0.5,0.693147180559945,0.107632899150822
"1870",2022,"10/02/22","Coral Sea","Southern Coral Sea","Morgan","Saumarez","Saumarez 5","","Crest",1,1,2,2,14,"45",100,"Saumarez 5 Crest 1 2022",100,"yes",14,0.653061224489796,1.27001815191049,0.141859133948561
"1871",2022,"10/02/22","Coral Sea","Southern Coral Sea","Morgan","Saumarez","Saumarez 5","","Crest",2,1.5,3,3,22,"90",100,"Saumarez 5 Crest 2 2022",100,"yes",22,0.809917355371901,1.77172176930638,0.129905268210905
"1872",2022,"10/02/22","Coral Sea","Southern Coral Sea","Morgan","Saumarez","Saumarez 5","","Crest",3,1.5,3,4,8,"90",100,"Saumarez 5 Crest 3 2022",100,"yes",8,0.78125,1.55958115625988,0.123160644219476
"1873",2022,"11/02/22","Coral Sea","Southern Coral Sea","Morgan","Frederick","Frederick 2","","Slope",1,9,4.5,0,8,"90",100,"Frederick 2 Slope 1 2022",100,"yes",8,0.75,1.49417513828931,0.140036068832838
"1874",2022,"11/02/22","Coral Sea","Southern Coral Sea","Morgan","Frederick","Frederick 2","","Slope",2,8,4,2,10,"60",100,"Frederick 2 Slope 2 2022",100,"yes",10,0.8,1.69574253416963,0.151157774472196
"1875",2022,"11/02/22","Coral Sea","Southern Coral Sea","Morgan","Frederick","Frederick 2","","Slope",3,9.5,4,5,17,"45",100,"Frederick 2 Slope 3 2022",100,"yes",17,0.602076124567474,1.20333204069947,0.137237237309383
"1876",2022,"11/02/22","Coral Sea","Southern Coral Sea","Morgan","Frederick","Frederick 2","","Crest",1,3,3,1,9,"45",100,"Frederick 2 Crest 1 2022",100,"yes",9,0.567901234567901,0.936888307539016,0.120518490116313
"1877",2022,"11/02/22","Coral Sea","Southern Coral Sea","Morgan","Frederick","Frederick 2","","Crest",2,3.5,2.5,1,7,"0",100,"Frederick 2 Crest 2 2022",100,"yes",7,0.408163265306122,0.598269588585257,0.109744808506702
"1878",2022,"11/02/22","Coral Sea","Southern Coral Sea","Morgan","Frederick","Frederick 2","","Crest",3,3,3,1,10,"45",100,"Frederick 2 Crest 3 2022",100,"yes",10,0.32,0.500402423538188,0.114124674506542
"1879",2022,"11/02/22","Coral Sea","Southern Coral Sea","Morgan","Frederick","Frederick 1","","Slope",1,9.9,4,1,9,"60",100,"Frederick 1 Slope 1 2022",100,"yes",9,0.666666666666667,1.21488965394912,0.127489196926968
"1880",2022,"11/02/22","Coral Sea","Southern Coral Sea","Morgan","Frederick","Frederick 1","","Slope",2,8,4,2,7,"90",100,"Frederick 1 Slope 2 2022",100,"yes",7,0.653061224489796,1.07899220787758,0.0853020937795844
"1881",2022,"11/02/22","Coral Sea","Southern Coral Sea","Morgan","Frederick","Frederick 1","","Slope",3,8.5,4,2,13,"90",100,"Frederick 1 Slope 3 2022",100,"yes",13,0.769230769230769,1.52470739303014,0.15049045654636
"1882",2022,"11/02/22","Coral Sea","Southern Coral Sea","Morgan","Frederick","Frederick 1","","Crest",1,2,3.5,5,4,"90",100,"Frederick 1 Crest 1 2022",100,"yes",4,0.375,0.562335144618808,0
"1883",2022,"11/02/22","Coral Sea","Southern Coral Sea","Morgan","Frederick","Frederick 1","","Crest",2,1.5,3.5,8,3,"90",100,"Frederick 1 Crest 2 2022",100,"yes",3,0.666666666666667,1.09861228866811,0.154304554278252
"1884",2022,"11/02/22","Coral Sea","Southern Coral Sea","Morgan","Frederick","Frederick 1","","Crest",3,2,3.5,6,6,"45",100,"Frederick 1 Crest 3 2022",100,"yes",6,0.611111111111111,1.01140426470735,0.166483639294681
"1885",2022,"11/02/22","Coral Sea","Southern Coral Sea","Morgan","Frederick","Frederick 4","","Slope",1,6,4,9,14,"45",100,"Frederick 4 Slope 1 2022",100,"yes",14,0.438775510204082,0.75893677276206,0.048342614809801
"1886",2022,"11/02/22","Coral Sea","Southern Coral Sea","Morgan","Frederick","Frederick 4","","Slope",2,6.6,3.5,2,11,"0",100,"Frederick 4 Slope 2 2022",100,"yes",11,0.776859504132231,1.64173471218752,0.138143361105033
"1887",2022,"11/02/22","Coral Sea","Southern Coral Sea","Morgan","Frederick","Frederick 4","","Slope",3,7,3,2,6,"45",100,"Frederick 4 Slope 3 2022",100,"yes",6,0.611111111111111,1.01140426470735,0.0867109293887441
"1888",2022,"11/02/22","Coral Sea","Southern Coral Sea","Morgan","Frederick","Frederick 4","","Crest",1,2,3.5,4,7,"90",100,"Frederick 4 Crest 1 2022",100,"yes",7,0.571428571428571,0.955699891112534,0.116573876207713
"1889",2022,"11/02/22","Coral Sea","Southern Coral Sea","Morgan","Frederick","Frederick 4","","Crest",2,2,3,5,7,"0",100,"Frederick 4 Crest 2 2022",100,"yes",7,0.693877551020408,1.27703425946614,0.10771813978268
"1890",2022,"11/02/22","Coral Sea","Southern Coral Sea","Morgan","Frederick","Frederick 4","","Crest",3,1.5,4,0,11,"90",100,"Frederick 4 Crest 3 2022",100,"yes",11,0.743801652892562,1.46813993901621,0.145850073124404
"1891",2022,"12/02/22","Coral Sea","Southern Coral Sea","Morgan","Kenn","Kenn 1","","Slope",1,7,4,0,6,"90",100,"Kenn 1 Slope 1 2022",100,"yes",6,0.277777777777778,0.450561208866305,0.0411085050343321
"1892",2022,"12/02/22","Coral Sea","Southern Coral Sea","Morgan","Kenn","Kenn 1","","Slope",2,7,4,0,9,"90",100,"Kenn 1 Slope 2 2022",100,"yes",9,0.691358024691358,1.27302833658963,0.144758104224298
"1893",2022,"12/02/22","Coral Sea","Southern Coral Sea","Morgan","Kenn","Kenn 1","","Slope",3,6,3,0,7,"0",100,"Kenn 1 Slope 3 2022",100,"yes",7,0.693877551020408,1.27703425946614,0.100074669798314
"1894",2022,"12/02/22","Coral Sea","Southern Coral Sea","Morgan","Kenn","Kenn 1","","Crest",1,2,3.5,0,35,"0",100,"Kenn 1 Crest 1 2022",100,"yes",35,0.566530612244898,1.0844171726192,0.0649741925841982
"1895",2022,"12/02/22","Coral Sea","Southern Coral Sea","Morgan","Kenn","Kenn 1","","Crest",2,2,3.5,0,20,"0",100,"Kenn 1 Crest 2 2022",100,"yes",20,0.68,1.40238901153277,0.124789459579113
"1896",2022,"12/02/22","Coral Sea","Southern Coral Sea","Morgan","Kenn","Kenn 1","","Crest",3,2,3.5,0,18,"0",100,"Kenn 1 Crest 3 2022",100,"yes",18,0.765432098765432,1.58593411319266,0.161475432401548
"1897",2022,"12/02/22","Coral Sea","Southern Coral Sea","Morgan","Kenn","Kenn 2","","Slope",1,7,4,0,6,"90",100,"Kenn 2 Slope 1 2022",100,"yes",6,0.722222222222222,1.32966134885476,0.0796858086889199
"1898",2022,"12/02/22","Coral Sea","Southern Coral Sea","Morgan","Kenn","Kenn 2","","Slope",2,7.5,4,0,13,"110",101,"Kenn 2 Slope 2 2022",101,"yes",13,0.769230769230769,1.52470739303014,0.120354735367199
"1899",2022,"12/02/22","Coral Sea","Southern Coral Sea","Morgan","Kenn","Kenn 2","","Slope",3,7,4,0,8,"90",100,"Kenn 2 Slope 3 2022",100,"yes",8,0.625,1.03972077083992,0.102334749732795
"1900",2022,"12/02/22","Coral Sea","Southern Coral Sea","Morgan","Kenn","Kenn 2","","Crest",1,2.5,3,0,12,"45",100,"Kenn 2 Crest 1 2022",100,"yes",12,0.694444444444445,1.35220939923383,0.116904124517657
"1901",2022,"12/02/22","Coral Sea","Southern Coral Sea","Morgan","Kenn","Kenn 2","","Crest",2,2,3,0,8,"0",100,"Kenn 2 Crest 2 2022",100,"yes",8,0.65625,1.2130075659799,0.137532456124249
"1902",2022,"12/02/22","Coral Sea","Southern Coral Sea","Morgan","Kenn","Kenn 2","","Crest",3,2,3,0,17,"0",100,"Kenn 2 Crest 3 2022",100,"yes",17,0.788927335640138,1.64591683001747,0.140339892400017
"1903",2022,"12/02/22","Coral Sea","Southern Coral Sea","Morgan","Kenn","Kenn 4","","Slope",1,6.7,3.5,1,20,"90",100,"Kenn 4 Slope 1 2022",100,"yes",20,0.69,1.44554132240054,0.127126937691774
"1904",2022,"12/02/22","Coral Sea","Southern Coral Sea","Morgan","Kenn","Kenn 4","","Slope",2,7.3,3,0,18,"90",100,"Kenn 4 Slope 2 2022",100,"yes",18,0.759259259259259,1.59451444838359,0.143638464828163
"1905",2022,"12/02/22","Coral Sea","Southern Coral Sea","Morgan","Kenn","Kenn 4","","Slope",3,7.2,3,0,19,"90",100,"Kenn 4 Slope 3 2022",100,"yes",19,0.775623268698061,1.63416655798117,0.142719535721016
"1906",2022,"12/02/22","Coral Sea","Southern Coral Sea","Morgan","Kenn","Kenn 4","","Crest",1,2.5,3.5,1,32,"0",100,"Kenn 4 Crest 1 2022",100,"yes",32,0.642578125,1.31076583199491,0.125713080751479
"1907",2022,"12/02/22","Coral Sea","Southern Coral Sea","Morgan","Kenn","Kenn 4","","Crest",2,2.2,3,1,31,"0",100,"Kenn 4 Crest 2 2022",100,"yes",31,0.672216441207076,1.38563352684108,0.115588612550795
"1908",2022,"12/02/22","Coral Sea","Southern Coral Sea","Morgan","Kenn","Kenn 4","","Crest",3,1.6,3,1,38,"45",100,"Kenn 4 Crest 3 2022",100,"yes",38,0.774238227146814,1.59662677394368,0.132152076286041
"1909",2022,"14/02/22","Coral Sea","Central Coral Sea","Morgan","Mellish","Mellish 5","","Slope",1,9.5,3,2,43,"60",100,"Mellish 5 Slope 1 2022",100,"yes",43,0.689021092482423,1.33918106708296,0.145147878466317
"1910",2022,"14/02/22","Coral Sea","Central Coral Sea","Morgan","Mellish","Mellish 5","","Slope",2,9,3.5,3,50,"60",100,"Mellish 5 Slope 2 2022",100,"yes",50,0.7416,1.55513417104947,0.177318074897831
"1911",2022,"14/02/22","Coral Sea","Central Coral Sea","Morgan","Mellish","Mellish 5","","Slope",3,10,3.5,4,47,"60",100,"Mellish 5 Slope 3 2022",100,"yes",47,0.767768220914441,1.61382536948168,0.163047064239942
"1912",2022,"14/02/22","Coral Sea","Central Coral Sea","Morgan","Mellish","Mellish 8","","Slope",1,9.2,2.5,0,58,"60",100,"Mellish 8 Slope 1 2022",100,"yes",58,0.554696789536266,1.03039526069698,0.130971753475397
"1913",2022,"14/02/22","Coral Sea","Central Coral Sea","Morgan","Mellish","Mellish 8","","Slope",2,10,3,2,44,"60",100,"Mellish 8 Slope 2 2022",100,"yes",44,0.587809917355372,1.13368094389388,0.131071240840478
"1914",2022,"14/02/22","Coral Sea","Central Coral Sea","Morgan","Mellish","Mellish 8","","Slope",3,9.9,3,2,36,"60",100,"Mellish 8 Slope 3 2022",100,"yes",36,0.515432098765432,1.01775029810356,0.12815257715683
"1915",2022,"14/02/22","Coral Sea","Central Coral Sea","Morgan","Mellish","Mellish 1","","Slope",1,8.5,4,4,9,"90",100,"Mellish 1 Slope 1 2022",100,"yes",9,0.592592592592593,0.964962923007428,0.0978308184780994
"1916",2022,"14/02/22","Coral Sea","Central Coral Sea","Morgan","Mellish","Mellish 1","","Slope",2,8.6,4,6,5,"110",100,"Mellish 1 Slope 2 2022",100,"yes",5,0.56,0.950270539233235,0.0893027098572497
"1917",2022,"14/02/22","Coral Sea","Central Coral Sea","Morgan","Mellish","Mellish 1","","Slope",3,10,4,6,9,"110",100,"Mellish 1 Slope 3 2022",100,"yes",9,0.691358024691358,1.27302833658963,0.144091006843866
"1918",2022,"14/02/22","Coral Sea","Central Coral Sea","Morgan","Mellish","Mellish 1","","Crest",1,2,4,0,18,"90",100,"Mellish 1 Crest 1 2022",100,"yes",18,0.734567901234568,1.50346078725383,0.151302082230987
"1919",2022,"14/02/22","Coral Sea","Central Coral Sea","Morgan","Mellish","Mellish 1","","Crest",2,2,4,0,14,"90",100,"Mellish 1 Crest 2 2022",100,"yes",14,0.704081632653061,1.37605528526042,0.144162984137188
"1920",2022,"14/02/22","Coral Sea","Central Coral Sea","Morgan","Mellish","Mellish 1","","Crest",3,2,4,0,17,"40",100,"Mellish 1 Crest 3 2022",100,"yes",17,0.394463667820069,0.790234755343283,0.0909488140881743
"1921",2022,"14/02/22","Coral Sea","Central Coral Sea","Morgan","Mellish","Mellish 2","","Slope",1,8,4,0,36,"110",100,"Mellish 2 Slope 1 2022",100,"yes",36,0.591049382716049,1.0204819628242,0.0640389623821081
"1922",2022,"14/02/22","Coral Sea","Central Coral Sea","Morgan","Mellish","Mellish 2","","Slope",2,7.5,3.5,0,36,"0",100,"Mellish 2 Slope 2 2022",100,"yes",36,0.328703703703704,0.60893385532005,0.0666617076617411
"1923",2022,"14/02/22","Coral Sea","Central Coral Sea","Morgan","Mellish","Mellish 2","","Slope",3,8.5,4,1,38,"90",100,"Mellish 2 Slope 3 2022",100,"yes",38,0.717451523545706,1.37981385986181,0.0844797129085266
"1924",2022,"14/02/22","Coral Sea","Central Coral Sea","Morgan","Mellish","Mellish 2","","Crest",1,1.5,3.5,0,20,"90",100,"Mellish 2 Crest 1 2022",100,"yes",20,0.685,1.33082393687229,0.118205441489096
"1925",2022,"14/02/22","Coral Sea","Central Coral Sea","Morgan","Mellish","Mellish 2","","Crest",2,1.5,3.5,0,39,"90",100,"Mellish 2 Crest 2 2022",100,"yes",39,0.640368178829717,1.30387552933638,0.0920137720238862
"1926",2022,"14/02/22","Coral Sea","Central Coral Sea","Morgan","Mellish","Mellish 2","","Crest",3,1.5,3.5,0,29,"90",100,"Mellish 2 Crest 3 2022",100,"yes",29,0.606420927467301,1.12478209524187,0.0927487210089247
"1927",2022,"15/02/22","Coral Sea","Central Coral Sea","Morgan","Mellish","Mellish 7","","Slope",1,9.7,4,2,23,"90",100,"Mellish 7 Slope 1 2022",100,"yes",23,0.665406427221172,1.33616754613397,0.112271058225132
"1928",2022,"15/02/22","Coral Sea","Central Coral Sea","Morgan","Mellish","Mellish 7","","Slope",2,9.5,4,6,42,"90",100,"Mellish 7 Slope 2 2022",100,"yes",42,0.792517006802721,1.70652891871775,0.171721620769591
"1929",2022,"15/02/22","Coral Sea","Central Coral Sea","Morgan","Mellish","Mellish 7","","Slope",3,9.5,3.5,0,39,"45",100,"Mellish 7 Slope 3 2022",100,"yes",39,0.72715318869165,1.45345359831582,0.177428425694294
"1930",2022,"15/02/22","Coral Sea","Central Coral Sea","Morgan","Mellish","Mellish 6","","Slope",1,7.5,3.5,0,9,"90",100,"Mellish 6 Slope 1 2022",100,"yes",9,0.197530864197531,0.348832095843032,0.0594798441157796
"1931",2022,"15/02/22","Coral Sea","Central Coral Sea","Morgan","Mellish","Mellish 6","","Slope",2,6,3,0,12,"90",100,"Mellish 6 Slope 2 2022",100,"yes",12,0.625,1.12692879480068,0.0986980316131869
"1932",2022,"15/02/22","Coral Sea","Central Coral Sea","Morgan","Mellish","Mellish 6","","Slope",3,6.5,4,0,7,"90",100,"Mellish 6 Slope 3 2022",100,"yes",7,0.571428571428571,0.955699891112534,0.108477220655652
"1933",2022,"15/02/22","Coral Sea","Central Coral Sea","Morgan","Mellish","Mellish 6","","Crest",1,1,4,0,24,"90",100,"Mellish 6 Crest 1 2022",100,"yes",24,0.454861111111111,0.802818782037964,0.115945467141502
"1934",2022,"15/02/22","Coral Sea","Central Coral Sea","Morgan","Mellish","Mellish 6","","Crest",2,1,4,2,10,"0",100,"Mellish 6 Crest 2 2022",100,"yes",10,0.64,1.16828245017656,0.0808489498216804
"1935",2022,"15/02/22","Coral Sea","Central Coral Sea","Morgan","Mellish","Mellish 6","","Crest",3,2,4,0,17,"90",100,"Mellish 6 Crest 3 2022",100,"yes",17,0.719723183391003,1.31972992151867,0.140406413641286
"1936",2022,"16/02/22","Coral Sea","Central Coral Sea","Morgan","Mellish","Mellish 10","","Slope",1,9.7,4,1,26,"90",100,"Mellish 10 Slope 1 2022",100,"yes",26,0.727810650887574,1.41231775334831,0.1169191334375
"1937",2022,"16/02/22","Coral Sea","Central Coral Sea","Morgan","Mellish","Mellish 10","","Slope",2,8.5,3.5,1,41,"45",100,"Mellish 10 Slope 2 2022",100,"yes",41,0.76977989292088,1.5765886921549,0.159527369863948
"1938",2022,"16/02/22","Coral Sea","Central Coral Sea","Morgan","Mellish","Mellish 10","","Slope",3,10,3.5,1,46,"45",100,"Mellish 10 Slope 3 2022",100,"yes",46,0.706994328922495,1.42278767141904,0.181667983629894
"1939",2022,"16/02/22","Coral Sea","Central Coral Sea","Morgan","Mellish","Mellish 10","","Crest",1,2.5,2.5,0,27,"45",100,"Mellish 10 Crest 1 2022",100,"yes",27,0.655692729766804,1.28513193407875,0.164634938104942
"1940",2022,"16/02/22","Coral Sea","Central Coral Sea","Morgan","Mellish","Mellish 10","","Crest",2,4,3,0,32,"45",100,"Mellish 10 Crest 2 2022",100,"yes",32,0.720703125,1.50362960497952,0.17737211547242
"1941",2022,"16/02/22","Coral Sea","Central Coral Sea","Morgan","Mellish","Mellish 10","","Crest",3,3.5,3.5,0,34,"45",100,"Mellish 10 Crest 3 2022",100,"yes",34,0.73356401384083,1.48618640592382,0.151561159407708
"1942",2022,"16/02/22","Coral Sea","Central Coral Sea","Morgan","Mellish","Mellish 9","","Slope",1,9,4,3,46,"45",100,"Mellish 9 Slope 1 2022",100,"yes",46,0.63421550094518,1.24319716618175,0.118946986144249
"1943",2022,"16/02/22","Coral Sea","Central Coral Sea","Morgan","Mellish","Mellish 9","","Slope",2,9.1,4,6,29,"90",100,"Mellish 9 Slope 2 2022",100,"yes",29,0.801426872770511,1.6937992227244,0.150394152441717
"1944",2022,"16/02/22","Coral Sea","Central Coral Sea","Morgan","Mellish","Mellish 9","","Slope",3,10,4,6,31,"90",100,"Mellish 9 Slope 3 2022",100,"yes",31,0.72840790842872,1.44118310502269,0.142683768627603
"1945",2022,"18/02/22","Coral Sea","Central Coral Sea","Morgan","Marion","Marion 8b","","Slope",1,8.5,3.5,0,8,"90",100,"Marion 8b Slope 1 2022",100,"yes",8,0.53125,0.900256051268537,0.0971597681166968
"1946",2022,"18/02/22","Coral Sea","Central Coral Sea","Morgan","Marion","Marion 8b","","Slope",2,9.3,2.5,0,12,"0",100,"Marion 8b Slope 2 2022",100,"yes",12,0.777777777777778,1.54542290319359,0.127441237519931
"1947",2022,"18/02/22","Coral Sea","Central Coral Sea","Morgan","Marion","Marion 8b","","Slope",3,9,3,0,19,"45",100,"Marion 8b Slope 3 2022",100,"yes",19,0.759002770083103,1.57085896372085,0.116332410038742
"1948",2022,"18/02/22","Coral Sea","Central Coral Sea","Morgan","Marion","Marion 8b","","Crest",1,3.5,3,0,6,"45",100,"Marion 8b Crest 1 2022",100,"yes",6,0.722222222222222,1.32966134885476,0.179455520763327
"1949",2022,"18/02/22","Coral Sea","Central Coral Sea","Morgan","Marion","Marion 8b","","Crest",2,1.5,1.5,0,7,"45",100,"Marion 8b Crest 2 2022",100,"yes",7,0.612244897959184,1.15374194270109,0.135465302972555
"1950",2022,"18/02/22","Coral Sea","Central Coral Sea","Morgan","Marion","Marion 8b","","Crest",3,2,2,0,10,"45",100,"Marion 8b Crest 3 2022",100,"yes",10,0.74,1.47080847632211,0.157940025637016
"1951",2022,"18/02/22","Coral Sea","Central Coral Sea","Morgan","Marion","Marion 7","","Slope",1,8.5,2,0,10,"30",100,"Marion 7 Slope 1 2022",100,"yes",10,0.5,0.693147180559945,0.0930710092460431
"1952",2022,"18/02/22","Coral Sea","Central Coral Sea","Morgan","Marion","Marion 7","","Slope",2,8.5,2,0,5,"30",100,"Marion 7 Slope 2 2022",100,"yes",5,0.32,0.500402423538188,0.061685271740977
"1953",2022,"18/02/22","Coral Sea","Central Coral Sea","Morgan","Marion","Marion 7","","Slope",3,9,2,0,7,"50",100,"Marion 7 Slope 3 2022",100,"yes",7,0.448979591836735,0.796311640173813,0.101239525716926
"1954",2022,"18/02/22","Coral Sea","Central Coral Sea","Morgan","Marion","Marion 7","","Crest",1,3,3,0,12,"0",100,"Marion 7 Crest 1 2022",100,"yes",12,0.736111111111111,1.44518587894808,0.122061927508681
"1955",2022,"18/02/22","Coral Sea","Central Coral Sea","Morgan","Marion","Marion 7","","Crest",2,2.4,2.4,0,10,"45",100,"Marion 7 Crest 2 2022",100,"yes",10,0.68,1.35923670066501,0.104631601784924
"1956",2022,"18/02/22","Coral Sea","Central Coral Sea","Morgan","Marion","Marion 7","","Crest",3,3,3,0,12,"0",100,"Marion 7 Crest 3 2022",100,"yes",12,0.625,1.02818385933293,0.0959735252584989
"1957",2022,"18/02/22","Coral Sea","Central Coral Sea","Morgan","Marion","Marion 11","","Slope",1,9,3.5,3,34,"90",100,"Marion 11 Slope 1 2022",100,"yes",34,0.756055363321799,1.49939589271129,0.153840751173872
"1958",2022,"18/02/22","Coral Sea","Central Coral Sea","Morgan","Marion","Marion 11","","Slope",2,9.5,4,0,36,"90",100,"Marion 11 Slope 2 2022",100,"yes",36,0.679012345679012,1.33639209209132,0.174697643743029
"1959",2022,"18/02/22","Coral Sea","Central Coral Sea","Morgan","Marion","Marion 11","","Slope",3,9,4,0,34,"45",100,"Marion 11 Slope 3 2022",100,"yes",34,0.726643598615917,1.43034983140969,0.160857873520033
"1960",2022,"18/02/22","Coral Sea","Central Coral Sea","Morgan","Marion","Marion 11","","Crest",1,4,3.5,0,39,"0",100,"Marion 11 Crest 1 2022",100,"yes",39,0.598290598290598,1.23227126438469,0.151421897481736
"1961",2022,"18/02/22","Coral Sea","Central Coral Sea","Morgan","Marion","Marion 11","","Crest",2,3,3,0,36,"0",100,"Marion 11 Crest 2 2022",100,"yes",36,0.554012345679012,0.920824587415734,0.169214628524314
"1962",2022,"18/02/22","Coral Sea","Central Coral Sea","Morgan","Marion","Marion 11","","Crest",3,4,3.5,0,32,"0",100,"Marion 11 Crest 3 2022",100,"yes",32,0.541015625,0.894922515296378,0.145484829919617
"1963",2022,"18/02/22","Coral Sea","Central Coral Sea","Morgan","Marion","Marion 9","","Slope",1,9,4,1,14,"90",100,"Marion 9 Slope 1 2022",100,"yes",14,0.724489795918367,1.33373602720281,0.169131919027331
"1964",2022,"18/02/22","Coral Sea","Central Coral Sea","Morgan","Marion","Marion 9","","Slope",2,9.8,3,0,29,"90",100,"Marion 9 Slope 2 2022",100,"yes",29,0.680142687277051,1.33674618085819,0.12765596313545
"1965",2022,"18/02/22","Coral Sea","Central Coral Sea","Morgan","Marion","Marion 9","","Slope",3,8.5,3,2,25,"0",100,"Marion 9 Slope 3 2022",100,"yes",25,0.6432,1.23327278859429,0.0981727463391248
"1966",2022,"18/02/22","Coral Sea","Central Coral Sea","Morgan","Marion","Marion 9","","Crest",1,3.5,3.5,3,12,"30",100,"Marion 9 Crest 1 2022",100,"yes",12,0.736111111111111,1.5396544474401,0.14202452059567
"1967",2022,"18/02/22","Coral Sea","Central Coral Sea","Morgan","Marion","Marion 9","","Crest",2,3,3.5,6,8,"0",100,"Marion 9 Crest 2 2022",100,"yes",8,0.65625,1.08219553003877,0.132899214733282
"1968",2022,"18/02/22","Coral Sea","Central Coral Sea","Morgan","Marion","Marion 9","","Crest",3,3,3.5,5,7,"0",100,"Marion 9 Crest 3 2022",100,"yes",7,0.693877551020408,1.27703425946614,0.171210897351467
"1969",2022,"19/02/22","Coral Sea","Central Coral Sea","Morgan","Marion","Marion 12","","Slope",1,7.4,3.5,0,18,"0",100,"Marion 12 Slope 1 2022",100,"yes",18,0.666666666666667,1.19378403829735,0.10149682925155
"1970",2022,"19/02/22","Coral Sea","Central Coral Sea","Morgan","Marion","Marion 12","","Slope",2,8,3,0,21,"30",100,"Marion 12 Slope 2 2022",100,"yes",21,0.816326530612245,1.79110873315462,0.156344388355358
"1971",2022,"19/02/22","Coral Sea","Central Coral Sea","Morgan","Marion","Marion 12","","Slope",3,9.5,2.5,0,17,"0",100,"Marion 12 Slope 3 2022",100,"yes",17,0.747404844290657,1.53359080031838,0.117423666287722
"1972",2022,"19/02/22","Coral Sea","Central Coral Sea","Morgan","Marion","Marion 12","","Crest",1,3,2,0,27,"0",100,"Marion 12 Crest 1 2022",100,"yes",27,0.633744855967078,1.26856397093219,0.110122298535111
"1973",2022,"19/02/22","Coral Sea","Central Coral Sea","Morgan","Marion","Marion 12","","Crest",2,3.4,2.5,0,17,"0",100,"Marion 12 Crest 2 2022",100,"yes",17,0.740484429065744,1.48111725596,0.126336285169499
"1974",2022,"19/02/22","Coral Sea","Central Coral Sea","Morgan","Marion","Marion 12","","Crest",3,2.5,2.5,0,19,"0",100,"Marion 12 Crest 3 2022",100,"yes",19,0.753462603878116,1.64899158829448,0.135050583030397
"1975",2022,"19/02/22","Coral Sea","Central Coral Sea","Morgan","Marion","Marion 13","","Slope",1,9.5,3.5,0,8,"90",100,"Marion 13 Slope 1 2022",100,"yes",8,0.8125,1.73286795139986,0.130765206810964
"1976",2022,"19/02/22","Coral Sea","Central Coral Sea","Morgan","Marion","Marion 13","","Slope",2,8.2,3,2,9,"0",100,"Marion 13 Slope 2 2022",100,"yes",9,0.790123456790123,1.67698777432242,0.18795178895296
"1977",2022,"19/02/22","Coral Sea","Central Coral Sea","Morgan","Marion","Marion 13","","Slope",3,9,2.5,0,13,"0",100,"Marion 13 Slope 3 2022",100,"yes",13,0.85207100591716,1.99150936135661,0.163820435782024
"1978",2022,"19/02/22","Coral Sea","Central Coral Sea","Morgan","Marion","Marion 13","","Crest",1,2,3,0,14,"45",100,"Marion 13 Crest 1 2022",100,"yes",14,0.581632653061225,1.05472091690681,0.0847212034712634
"1979",2022,"19/02/22","Coral Sea","Central Coral Sea","Morgan","Marion","Marion 13","","Crest",2,3.5,3,0,16,"45",100,"Marion 13 Crest 2 2022",100,"yes",16,0.75,1.4740568252732,0.108511401841546
"1980",2022,"19/02/22","Coral Sea","Central Coral Sea","Morgan","Marion","Marion 13","","Crest",3,3.5,3,2,26,"45",100,"Marion 13 Crest 3 2022",100,"yes",26,0.763313609467456,1.51567791326543,0.107085927153431
"1981",2022,"19/02/22","Coral Sea","Central Coral Sea","Morgan","Marion","Marion 6","","Slope",1,8,2.5,1,10,"45",100,"Marion 6 Slope 1 2022",100,"yes",10,0.76,1.50478828368119,0.161118877950989
"1982",2022,"19/02/22","Coral Sea","Central Coral Sea","Morgan","Marion","Marion 6","","Slope",2,9,2.5,2,9,"60",100,"Marion 6 Slope 2 2022",100,"yes",9,0.740740740740741,1.46481638489081,0.143204170977985
"1983",2022,"19/02/22","Coral Sea","Central Coral Sea","Morgan","Marion","Marion 6","","Slope",3,9,2.5,0,14,"60",100,"Marion 6 Slope 3 2022",100,"yes",14,0.73469387755102,1.43275705299709,0.138235085295181
"1984",2022,"19/02/22","Coral Sea","Central Coral Sea","Morgan","Marion","Marion 6","","Crest",1,3,4,0,24,"30",100,"Marion 6 Crest 1 2022",100,"yes",24,0.673611111111111,1.28041230998758,0.099049665767115
"1985",2022,"19/02/22","Coral Sea","Central Coral Sea","Morgan","Marion","Marion 6","","Crest",2,2,3.5,0,25,"30",100,"Marion 6 Crest 2 2022",100,"yes",25,0.688,1.38747706260978,0.103432284409213
"1986",2022,"19/02/22","Coral Sea","Central Coral Sea","Morgan","Marion","Marion 6","","Crest",3,2.5,3,0,26,"30",100,"Marion 6 Crest 3 2022",100,"yes",26,0.642011834319527,1.31694468601295,0.0959406332212553
"1987",2022,"20/02/22","Coral Sea","Central Coral Sea","Morgan","Lihou","Lihou 1","","Slope",1,9,3,2,9,"60",100,"Lihou 1 Slope 1 2022",100,"yes",9,0.37037037037037,0.683738905848754,0.0908302945659865
"1988",2022,"20/02/22","Coral Sea","Central Coral Sea","Morgan","Lihou","Lihou 1","","Slope",2,9.5,3,4,9,"60",100,"Lihou 1 Slope 2 2022",100,"yes",9,0.37037037037037,0.683738905848754,0.107914446250914
"1989",2022,"20/02/22","Coral Sea","Central Coral Sea","Morgan","Lihou","Lihou 1","","Slope",3,9.6,2.5,0,12,"45",100,"Lihou 1 Slope 3 2022",100,"yes",12,0.513888888888889,0.983087758574785,0.139589696327235
"1990",2022,"20/02/22","Coral Sea","Central Coral Sea","Morgan","Lihou","Lihou 1","","Crest",1,2.4,4,1,5,"45",100,"Lihou 1 Crest 1 2022",100,"yes",5,0.72,1.33217904021012,0.162249108737886
"1991",2022,"20/02/22","Coral Sea","Central Coral Sea","Morgan","Lihou","Lihou 1","","Crest",2,2.5,4,1,8,"0",100,"Lihou 1 Crest 2 2022",100,"yes",8,0.53125,0.900256051268537,0.140010239471447
"1992",2022,"20/02/22","Coral Sea","Central Coral Sea","Morgan","Lihou","Lihou 1","","Crest",3,2.1,4,0,7,"90",100,"Lihou 1 Crest 3 2022",100,"yes",7,0.571428571428571,0.955699891112534,0.16184251694841
"1993",2022,"20/02/22","Coral Sea","Central Coral Sea","Morgan","Lihou","Lihou 2","","Slope",1,9,4,9,6,"90",100,"Lihou 2 Slope 1 2022",100,"yes",6,0.777777777777778,1.56071040904141,0.143300227925911
"1994",2022,"20/02/22","Coral Sea","Central Coral Sea","Morgan","Lihou","Lihou 2","","Slope",2,9,3.5,5,6,"90",100,"Lihou 2 Slope 2 2022",100,"yes",6,0.666666666666667,1.242453324894,0.105940164445852
"1995",2022,"20/02/22","Coral Sea","Central Coral Sea","Morgan","Lihou","Lihou 2","","Slope",3,9.5,4,11,4,"90",100,"Lihou 2 Slope 3 2022",100,"yes",4,0.625,1.03972077083992,0.106778335770568
"1996",2022,"20/02/22","Coral Sea","Central Coral Sea","Morgan","Lihou","Lihou 2","","Crest",1,3,3.5,3,2,"45",100,"Lihou 2 Crest 1 2022",100,"yes",2,0.5,0.693147180559945,0.094209926691272
"1997",2022,"20/02/22","Coral Sea","Central Coral Sea","Morgan","Lihou","Lihou 2","","Crest",2,3,3.5,3,12,"0",100,"Lihou 2 Crest 2 2022",100,"yes",12,0.611111111111111,1.23426786607908,0.118908241479951
"1998",2022,"20/02/22","Coral Sea","Central Coral Sea","Morgan","Lihou","Lihou 2","","Crest",3,3,3.5,0,6,"45",100,"Lihou 2 Crest 3 2022",100,"yes",6,0.722222222222222,1.32966134885476,0.095838987116173
"1999",2022,"20/02/22","Coral Sea","Central Coral Sea","Morgan","Lihou","Lihou 7","","Slope",1,9.1,4,0,26,"60",100,"Lihou 7 Slope 1 2022",100,"yes",26,0.79585798816568,1.73532108439313,0.15125902635769
"2000",2022,"20/02/22","Coral Sea","Central Coral Sea","Morgan","Lihou","Lihou 7","","Slope",2,8.7,3.5,2,19,"60",100,"Lihou 7 Slope 2 2022",100,"yes",19,0.637119113573407,1.23605293425955,0.118350157834593
"2001",2022,"20/02/22","Coral Sea","Central Coral Sea","Morgan","Lihou","Lihou 7","","Slope",3,10,4,0,26,"60",100,"Lihou 7 Slope 3 2022",100,"yes",26,0.727810650887574,1.49008041776632,0.132700952552631
"2002",2022,"20/02/22","Coral Sea","Central Coral Sea","Morgan","Lihou","Lihou 7","","Crest",1,2,3,9,3,"45",100,"Lihou 7 Crest 1 2022",100,"yes",3,0.444444444444444,0.636514168294813,0
"2003",2022,"20/02/22","Coral Sea","Central Coral Sea","Morgan","Lihou","Lihou 7","","Crest",2,1.5,3.5,0,8,"60",100,"Lihou 7 Crest 2 2022",100,"yes",8,0.65625,1.2130075659799,0.12602208363991
"2004",2022,"20/02/22","Coral Sea","Central Coral Sea","Morgan","Lihou","Lihou 7","","Crest",3,2,3.5,2,6,"90",100,"Lihou 7 Crest 3 2022",100,"yes",6,0.611111111111111,1.01140426470735,0.132013317621112
"2005",2022,"21/02/22","Coral Sea","Central Coral Sea","Morgan","Lihou","Lihou 4","Lorna Cay","Slope",1,9.5,4,1,14,"90",100,"Lihou 4 Slope 1 2022",100,"yes",14,0.683673469387755,1.43068533608729,0.132613502504065
"2006",2022,"21/02/22","Coral Sea","Central Coral Sea","Morgan","Lihou","Lihou 4","Lorna Cay","Slope",2,8.5,4,0,15,"45",100,"Lihou 4 Slope 2 2022",100,"yes",15,0.72,1.32294951100453,0.127886224289698
"2007",2022,"21/02/22","Coral Sea","Central Coral Sea","Morgan","Lihou","Lihou 4","Lorna Cay","Slope",3,9,4,0,14,"0",100,"Lihou 4 Slope 3 2022",100,"yes",14,0.612244897959184,1.09130300064685,0.103222409475138
"2008",2022,"21/02/22","Coral Sea","Central Coral Sea","Morgan","Lihou","Lihou 4","Lorna Cay","Crest",1,4,3,4,11,"0",100,"Lihou 4 Crest 1 2022",100,"yes",11,0.446280991735537,0.885574151576672,0.099925419698858
"2009",2022,"21/02/22","Coral Sea","Central Coral Sea","Morgan","Lihou","Lihou 4","Lorna Cay","Crest",2,3,3,3,8,"0",100,"Lihou 4 Crest 2 2022",100,"yes",8,0.625,1.03972077083992,0.119507343273635
"2010",2022,"21/02/22","Coral Sea","Central Coral Sea","Morgan","Lihou","Lihou 4","Lorna Cay","Crest",3,2.7,3,1,8,"0",100,"Lihou 4 Crest 3 2022",100,"yes",8,0.6875,1.25548232517875,0.123416968158616
"2011",2022,"21/02/22","Coral Sea","Central Coral Sea","Morgan","Lihou","Lihou 5","Lorna Cay","Slope",1,9.3,4,2,13,"45",100,"Lihou 5 Slope 1 2022",100,"yes",13,0.698224852071006,1.37781950803903,0.139326791751595
"2012",2022,"21/02/22","Coral Sea","Central Coral Sea","Morgan","Lihou","Lihou 5","Lorna Cay","Slope",2,10,4,5,20,"90",100,"Lihou 5 Slope 2 2022",100,"yes",20,0.78,1.61379423915285,0.131627954753921
"2013",2022,"21/02/22","Coral Sea","Central Coral Sea","Morgan","Lihou","Lihou 5","Lorna Cay","Slope",3,9.5,4,0,16,"0",100,"Lihou 5 Slope 3 2022",100,"yes",16,0.7421875,1.46147212930402,0.135773974779817
"2014",2022,"21/02/22","Coral Sea","Central Coral Sea","Morgan","Lihou","Lihou 5","Lorna Cay","Crest",1,3,3,5,13,"0",100,"Lihou 5 Crest 1 2022",100,"yes",13,0.473372781065089,0.830517825287248,0.0830713772353842
"2015",2022,"21/02/22","Coral Sea","Central Coral Sea","Morgan","Lihou","Lihou 5","Lorna Cay","Crest",2,4.5,3,2,9,"0",100,"Lihou 5 Crest 2 2022",100,"yes",9,0.518518518518519,1.00271826451752,0.113257920304293
"2016",2022,"21/02/22","Coral Sea","Central Coral Sea","Morgan","Lihou","Lihou 5","Lorna Cay","Crest",3,2.5,4,3,7,"0",100,"Lihou 5 Crest 3 2022",100,"yes",7,0.693877551020408,1.27703425946614,0.0807508995111534
"2017",2022,"21/02/22","Coral Sea","Central Coral Sea","Morgan","Lihou","Lihou 9","Lorna Cay","Slope",1,9,3.5,4,8,"45",100,"Lihou 9 Slope 1 2022",100,"yes",8,0.75,1.49417513828931,0.123868397966743
"2018",2022,"21/02/22","Coral Sea","Central Coral Sea","Morgan","Lihou","Lihou 9","Lorna Cay","Slope",2,8.6,3.5,4,14,"45",100,"Lihou 9 Slope 2 2022",100,"yes",14,0.744897959183674,1.47013192040884,0.139463071012355
"2019",2022,"21/02/22","Coral Sea","Central Coral Sea","Morgan","Lihou","Lihou 9","Lorna Cay","Slope",3,9.2,3,5,10,"60",100,"Lihou 9 Slope 3 2022",100,"yes",10,0.8,1.69574253416963,0.116144769955962
"2020",2022,"21/02/22","Coral Sea","Central Coral Sea","Morgan","Lihou","Lihou 9","Lorna Cay","Crest",1,2.5,2.5,9,1,"0",100,"Lihou 9 Crest 1 2022",100,"yes",1,0,0,0
"2021",2022,"21/02/22","Coral Sea","Central Coral Sea","Morgan","Lihou","Lihou 9","Lorna Cay","Crest",2,2.5,2.5,5,4,"0",100,"Lihou 9 Crest 2 2022",100,"yes",4,0.625,1.03972077083992,0.1171918403541
"2022",2022,"21/02/22","Coral Sea","Central Coral Sea","Morgan","Lihou","Lihou 9","Lorna Cay","Crest",3,2,2,3,2,"0",100,"Lihou 9 Crest 3 2022",100,"yes",2,0.5,0.693147180559945,0.0907671462125278
"2023",2022,"22/02/22","Coral Sea","Central Coral Sea","Morgan","Diamond","Diamond 1","East Diamond","Slope",1,9.2,4,2,8,"90",100,"Diamond 1 Slope 1 2022",100,"yes",8,0.75,1.49417513828931,0.145592074385196
"2024",2022,"22/02/22","Coral Sea","Central Coral Sea","Morgan","Diamond","Diamond 1","East Diamond","Slope",2,9,4,4,9,"90",100,"Diamond 1 Slope 2 2022",100,"yes",9,0.71604938271605,1.31078367809971,0.112643126262355
"2025",2022,"22/02/22","Coral Sea","Central Coral Sea","Morgan","Diamond","Diamond 1","East Diamond","Slope",3,8.6,3.5,7,9,"0",100,"Diamond 1 Slope 3 2022",100,"yes",9,0.617283950617284,1.14905969697062,0.14471281882306
"2026",2022,"22/02/22","Coral Sea","Central Coral Sea","Morgan","Diamond","Diamond 1","East Diamond","Crest",1,4,4,0,3,"0",100,"Diamond 1 Crest 1 2022",100,"yes",3,0.666666666666667,1.09861228866811,0.142735880732038
"2027",2022,"22/02/22","Coral Sea","Central Coral Sea","Morgan","Diamond","Diamond 1","East Diamond","Crest",2,1,3,0,10,"45",100,"Diamond 1 Crest 2 2022",100,"yes",10,0.56,0.950270539233235,0.162623581428937
"2028",2022,"22/02/22","Coral Sea","Central Coral Sea","Morgan","Diamond","Diamond 1","East Diamond","Crest",3,1.5,4,0,6,"90",100,"Diamond 1 Crest 3 2022",100,"yes",6,0.611111111111111,1.01140426470735,0.183998445089509
"2029",2022,"22/02/22","Coral Sea","Central Coral Sea","Morgan","Diamond","Diamond 2","East Diamond","Slope",1,7.5,3.5,8,11,"110",100,"Diamond 2 Slope 1 2022",100,"yes",11,0.710743801652893,1.2945451658449,0.103824539012774
"2030",2022,"22/02/22","Coral Sea","Central Coral Sea","Morgan","Diamond","Diamond 2","East Diamond","Slope",2,8,4,4,10,"90",100,"Diamond 2 Slope 2 2022",100,"yes",10,0.7,1.27985422583367,0.110689486230106
"2031",2022,"22/02/22","Coral Sea","Central Coral Sea","Morgan","Diamond","Diamond 2","East Diamond","Slope",3,8.3,4,6,21,"120",100,"Diamond 2 Slope 3 2022",100,"yes",21,0.55328798185941,0.909925047153752,0.0503554690611504
"2032",2022,"22/02/22","Coral Sea","Central Coral Sea","Morgan","Diamond","Diamond 2","East Diamond","Crest",1,2.4,3,1,7,"0",100,"Diamond 2 Crest 1 2022",100,"yes",7,0.73469387755102,1.35178399428965,0.120667517315236
"2033",2022,"22/02/22","Coral Sea","Central Coral Sea","Morgan","Diamond","Diamond 2","East Diamond","Crest",2,2,2.5,7,9,"45",100,"Diamond 2 Crest 2 2022",100,"yes",9,0.691358024691358,1.27302833658963,0.120220084544178
"2034",2022,"22/02/22","Coral Sea","Central Coral Sea","Morgan","Diamond","Diamond 2","East Diamond","Crest",3,2,3,4,10,"45",100,"Diamond 2 Crest 3 2022",100,"yes",10,0.78,1.55711309805765,0.153836216362362
"2035",2022,"22/02/22","Coral Sea","Central Coral Sea","Morgan","Diamond","Diamond 6","East Diamond","Slope",1,8.7,3,0,15,"90",100,"Diamond 6 Slope 1 2022",100,"yes",15,0.764444444444444,1.52463352843489,0.162808812479738
"2036",2022,"22/02/22","Coral Sea","Central Coral Sea","Morgan","Diamond","Diamond 6","East Diamond","Slope",2,9.4,4,8,11,"90",100,"Diamond 6 Slope 2 2022",100,"yes",11,0.760330578512397,1.59416669911802,0.160869331200859
"2037",2022,"22/02/22","Coral Sea","Central Coral Sea","Morgan","Diamond","Diamond 6","East Diamond","Slope",3,9.1,4,8,24,"90",100,"Diamond 6 Slope 3 2022",100,"yes",24,0.784722222222222,1.64390495234389,0.16501074599715
"2038",2022,"22/02/22","Coral Sea","Central Coral Sea","Morgan","Diamond","Diamond 6","East Diamond","Crest",1,2,3.5,0,5,"90",100,"Diamond 6 Crest 1 2022",100,"yes",5,0.72,1.33217904021012,0.178953988051271
"2039",2022,"22/02/22","Coral Sea","Central Coral Sea","Morgan","Diamond","Diamond 6","East Diamond","Crest",2,2.5,3,2,9,"0",100,"Diamond 6 Crest 2 2022",100,"yes",9,0.493827160493827,0.848685557726417,0.105725428794356
"2040",2022,"22/02/22","Coral Sea","Central Coral Sea","Morgan","Diamond","Diamond 6","East Diamond","Crest",3,1.9,3,3,7,"45",100,"Diamond 6 Crest 3 2022",100,"yes",7,0.73469387755102,1.35178399428965,0.170644719067957
"2041",2022,"22/02/22","Coral Sea","Central Coral Sea","Morgan","Diamond","Diamond 7","East Diamond","Slope",1,8.5,3.5,6,4,"0",100,"Diamond 7 Slope 1 2022",100,"yes",4,0.625,1.03972077083992,0.140338197126285
"2042",2022,"22/02/22","Coral Sea","Central Coral Sea","Morgan","Diamond","Diamond 7","East Diamond","Slope",2,7.5,3.5,3,17,"0",100,"Diamond 7 Slope 2 2022",100,"yes",17,0.809688581314879,1.83978958684125,0.16360865614504
"2043",2022,"22/02/22","Coral Sea","Central Coral Sea","Morgan","Diamond","Diamond 7","East Diamond","Slope",3,9,4,7,7,"0",100,"Diamond 7 Slope 3 2022",100,"yes",7,0.653061224489796,1.07899220787758,0.107992339949233
"2044",2022,"22/02/22","Coral Sea","Central Coral Sea","Morgan","Diamond","Diamond 7","East Diamond","Crest",1,3.5,3.5,1,10,"0",100,"Diamond 7 Crest 1 2022",100,"yes",10,0.58,1.08889997534522,0.104196229894188
"2045",2022,"22/02/22","Coral Sea","Central Coral Sea","Morgan","Diamond","Diamond 7","East Diamond","Crest",2,4.2,4,0,4,"0",100,"Diamond 7 Crest 2 2022",100,"yes",4,0.625,1.03972077083992,0.0975540203298244
"2046",2022,"22/02/22","Coral Sea","Central Coral Sea","Morgan","Diamond","Diamond 7","East Diamond","Crest",3,3.4,3,0,3,"0",100,"Diamond 7 Crest 3 2022",100,"yes",3,0.444444444444444,0.636514168294813,0.110428105627814
"2047",2022,"22/02/22","Coral Sea","Central Coral Sea","Morgan","Diamond","Diamond 8","East Diamond","Slope",1,9.3,4,0,31,"45",100,"Diamond 8 Slope 1 2022",100,"yes",31,0.649323621227888,1.36334899467048,0.132349184539683
"2048",2022,"22/02/22","Coral Sea","Central Coral Sea","Morgan","Diamond","Diamond 8","East Diamond","Slope",2,9.9,2,0,32,"45",100,"Diamond 8 Slope 2 2022",100,"yes",32,0.37109375,0.777702369481458,0.0678269451154723
"2049",2022,"22/02/22","Coral Sea","Central Coral Sea","Morgan","Diamond","Diamond 8","East Diamond","Slope",3,8,3.5,0,33,"45",100,"Diamond 8 Slope 3 2022",100,"yes",33,0.264462809917355,0.501146842394199,0.0502171905588232
"2050",2022,"22/02/22","Coral Sea","Central Coral Sea","Morgan","Diamond","Diamond 8","East Diamond","Crest",1,2,2.5,0,29,"45",100,"Diamond 8 Crest 1 2022",100,"yes",29,0.302021403091558,0.623532768112163,0.0424664871945349
"2051",2022,"22/02/22","Coral Sea","Central Coral Sea","Morgan","Diamond","Diamond 8","East Diamond","Crest",2,3.2,3,1,29,"45",100,"Diamond 8 Crest 2 2022",100,"yes",29,0.535077288941736,0.912451768645228,0.10995247220141
"2052",2022,"22/02/22","Coral Sea","Central Coral Sea","Morgan","Diamond","Diamond 8","East Diamond","Crest",3,3.3,2,0,24,"45",100,"Diamond 8 Crest 3 2022",100,"yes",24,0.354166666666667,0.709713102424333,0.0531427198353601
"2053",2022,"23/02/22","Coral Sea","Central Coral Sea","Morgan","Herald","Herald 8","NE Herald","Slope",1,8,1,5,2,"0",100,"Herald 8 Slope 1 2022",100,"yes",2,0.5,0.693147180559945,0.213101281695216
"2054",2022,"23/02/22","Coral Sea","Central Coral Sea","Morgan","Herald","Herald 8","NE Herald","Slope",2,9,1.5,5,6,"0",100,"Herald 8 Slope 2 2022",100,"yes",6,0.666666666666667,1.09861228866811,0.16855991762502
"2055",2022,"23/02/22","Coral Sea","Central Coral Sea","Morgan","Herald","Herald 8","NE Herald","Slope",3,9.4,1.5,4,12,"45",100,"Herald 8 Slope 3 2022",100,"yes",12,0.694444444444444,1.35220939923383,0.160962629409827
"2056",2022,"23/02/22","Coral Sea","Central Coral Sea","Morgan","Herald","Herald 8","NE Herald","Crest",1,2.5,2,2,3,"0",100,"Herald 8 Crest 1 2022",100,"yes",3,0,0,0
"2057",2022,"23/02/22","Coral Sea","Central Coral Sea","Morgan","Herald","Herald 8","NE Herald","Crest",2,2,1.5,0,6,"0",100,"Herald 8 Crest 2 2022",100,"yes",6,0.277777777777778,0.450561208866305,0.0585591363209688
"2058",2022,"23/02/22","Coral Sea","Central Coral Sea","Morgan","Herald","Herald 8","NE Herald","Crest",3,3.1,1,0,3,"0",100,"Herald 8 Crest 3 2022",100,"yes",3,0.666666666666667,1.09861228866811,0.0907671462125278
"2059",2022,"23/02/22","Coral Sea","Central Coral Sea","Morgan","Herald","Herald 9","NE Herald","Slope",1,9,4,8,13,"90",100,"Herald 9 Slope 1 2022",100,"yes",13,0.650887573964497,1.30387552933639,0.163393306455479
"2060",2022,"23/02/22","Coral Sea","Central Coral Sea","Morgan","Herald","Herald 9","NE Herald","Slope",2,8.8,4,10,11,"90",100,"Herald 9 Slope 2 2022",100,"yes",11,0.644628099173554,1.16222554492109,0.128018950904904
"2061",2022,"23/02/22","Coral Sea","Central Coral Sea","Morgan","Herald","Herald 9","NE Herald","Slope",3,9.3,3,24,9,"60",100,"Herald 9 Slope 3 2022",100,"yes",9,0.691358024691358,1.27302833658963,0.150598743223417
"2062",2022,"23/02/22","Coral Sea","Central Coral Sea","Morgan","Herald","Herald 9","NE Herald","Crest",1,2.3,3,0,16,"45",100,"Herald 9 Crest 1 2022",100,"yes",16,0.3203125,0.60192397173229,0.0909473689097072
"2063",2022,"23/02/22","Coral Sea","Central Coral Sea","Morgan","Herald","Herald 9","NE Herald","Crest",2,3,2.5,3,9,"45",100,"Herald 9 Crest 2 2022",100,"yes",9,0.493827160493827,0.848685557726417,0.117251278620356
"2064",2022,"23/02/22","Coral Sea","Central Coral Sea","Morgan","Herald","Herald 9","NE Herald","Crest",3,2.5,3,0,5,"45",100,"Herald 9 Crest 3 2022",100,"yes",5,0,0,0
"2065",2022,"23/02/22","Coral Sea","Central Coral Sea","Morgan","Herald","Herald 1","NE Herald","Slope",1,8.5,3,12,8,"90",100,"Herald 1 Slope 1 2022",100,"yes",8,0.71875,1.32088834314932,0.140583534885525
"2066",2022,"23/02/22","Coral Sea","Central Coral Sea","Morgan","Herald","Herald 1","NE Herald","Slope",2,8.5,3.5,8,17,"90",100,"Herald 1 Slope 2 2022",100,"yes",17,0.809688581314879,1.72746355714217,0.138157071089217
"2067",2022,"23/02/22","Coral Sea","Central Coral Sea","Morgan","Herald","Herald 1","NE Herald","Slope",3,8.7,3.5,20,20,"60",100,"Herald 1 Slope 3 2022",100,"yes",20,0.705,1.28992198260901,0.155972404108652
"2068",2022,"23/02/22","Coral Sea","Central Coral Sea","Morgan","Herald","Herald 1","NE Herald","Crest",1,1.5,3.5,3,16,"90",100,"Herald 1 Crest 1 2022",100,"yes",16,0.5390625,0.864740096527637,0.166340701338973
"2069",2022,"23/02/22","Coral Sea","Central Coral Sea","Morgan","Herald","Herald 1","NE Herald","Crest",2,2.4,3.5,0,6,"90",100,"Herald 1 Crest 2 2022",100,"yes",6,0.611111111111111,1.01140426470735,0.158110474110928
"2070",2022,"23/02/22","Coral Sea","Central Coral Sea","Morgan","Herald","Herald 1","NE Herald","Crest",3,2.5,3.5,2,6,"0",100,"Herald 1 Crest 3 2022",100,"yes",6,0.277777777777778,0.450561208866305,0.0905202292416941
"2071",2022,"23/02/22","Coral Sea","Central Coral Sea","Morgan","Herald","Herald 4","SW Herald","Slope",1,8.5,4,23,14,"90",100,"Herald 4 Slope 1 2022",100,"yes",14,0.561224489795918,0.89820533970415,0.0639288521004636
"2072",2022,"23/02/22","Coral Sea","Central Coral Sea","Morgan","Herald","Herald 4","SW Herald","Slope",2,8.5,4,21,9,"90",100,"Herald 4 Slope 2 2022",100,"yes",9,0.592592592592593,0.995026990179521,0.111814810746418
"2073",2022,"23/02/22","Coral Sea","Central Coral Sea","Morgan","Herald","Herald 4","SW Herald","Slope",3,9,3,8,11,"0",100,"Herald 4 Slope 3 2022",100,"yes",11,0.743801652892562,1.3730039128772,0.150122702059856
"2074",2022,"23/02/22","Coral Sea","Central Coral Sea","Morgan","Herald","Herald 4","SW Herald","Crest",1,2.3,2.5,3,5,"90",100,"Herald 4 Crest 1 2022",100,"yes",5,0.56,0.950270539233235,0.134519327463276
"2075",2022,"23/02/22","Coral Sea","Central Coral Sea","Morgan","Herald","Herald 4","SW Herald","Crest",2,2.6,2.5,2,10,"0",100,"Herald 4 Crest 2 2022",100,"yes",10,0.58,0.943348392329039,0.175001001455297
"2076",2022,"23/02/22","Coral Sea","Central Coral Sea","Morgan","Herald","Herald 4","SW Herald","Crest",3,2.3,3.5,8,5,"0",100,"Herald 4 Crest 3 2022",100,"yes",5,0.32,0.500402423538188,0.126760647074701
"2077",2022,"23/02/22","Coral Sea","Central Coral Sea","Morgan","Herald","Herald 6","SW Herald","Slope",1,9,4,28,8,"90",100,"Herald 6 Slope 1 2022",100,"yes",8,0.59375,0.974314752869349,0.0921014061236406
"2078",2022,"23/02/22","Coral Sea","Central Coral Sea","Morgan","Herald","Herald 6","SW Herald","Slope",2,8.7,4,11,16,"0",100,"Herald 6 Slope 2 2022",100,"yes",16,0.796875,1.74977898918417,0.144705631509304
"2079",2022,"23/02/22","Coral Sea","Central Coral Sea","Morgan","Herald","Herald 6","SW Herald","Slope",3,10,3.5,11,17,"0",100,"Herald 6 Slope 3 2022",100,"yes",17,0.705882352941176,1.2930224700644,0.106917256870841
"2080",2022,"23/02/22","Coral Sea","Central Coral Sea","Morgan","Herald","Herald 6","SW Herald","Crest",1,2.5,2.5,1,11,"45",100,"Herald 6 Crest 1 2022",100,"yes",11,0.677685950413223,1.2406842919534,0.140000396239441
"2081",2022,"23/02/22","Coral Sea","Central Coral Sea","Morgan","Herald","Herald 6","SW Herald","Crest",2,2.5,3.5,6,13,"0",100,"Herald 6 Crest 2 2022",100,"yes",13,0.816568047337278,1.81848316301236,0.132060035254662
"2082",2022,"23/02/22","Coral Sea","Central Coral Sea","Morgan","Herald","Herald 6","SW Herald","Crest",3,2.2,3,1,22,"45",100,"Herald 6 Crest 3 2022",100,"yes",22,0.694214876033058,1.32097110409046,0.137415539482411
"2083",2022,"24/02/22","Coral Sea","Central Coral Sea","Morgan","Flinders","Flinders 6","South Flinders","Slope",1,6.5,2.5,4,1,"0",100,"Flinders 6 Slope 1 2022",100,"yes",1,0,0,0
"2084",2022,"24/02/22","Coral Sea","Central Coral Sea","Morgan","Flinders","Flinders 6","South Flinders","Slope",2,6.5,3.5,1,1,"90",100,"Flinders 6 Slope 2 2022",100,"yes",1,0,0,0
"2085",2022,"24/02/22","Coral Sea","Central Coral Sea","Morgan","Flinders","Flinders 6","South Flinders","Slope",3,6.5,3,4,2,"0",100,"Flinders 6 Slope 3 2022",100,"yes",2,0,0,0
"2086",2022,"24/02/22","Coral Sea","Central Coral Sea","Morgan","Flinders","Flinders 6","South Flinders","Crest",1,2,3,1,2,"45",100,"Flinders 6 Crest 1 2022",100,"yes",2,0.5,0.693147180559945,0.105406445377744
"2087",2022,"24/02/22","Coral Sea","Central Coral Sea","Morgan","Flinders","Flinders 6","South Flinders","Crest",2,2.2,3.5,0,4,"90",100,"Flinders 6 Crest 2 2022",100,"yes",4,0.625,1.03972077083992,0.152137182075856
"2088",2022,"24/02/22","Coral Sea","Central Coral Sea","Morgan","Flinders","Flinders 6","South Flinders","Crest",3,2.1,2.5,0,6,"90",100,"Flinders 6 Crest 3 2022",100,"yes",6,0.5,0.867563228481461,0.12401866823827
"2089",2022,"24/02/22","Coral Sea","Central Coral Sea","Morgan","Flinders","Flinders 5","South Flinders","Slope",1,8.5,3.5,12,28,"80",100,"Flinders 5 Slope 1 2022",100,"yes",28,0.739795918367347,1.50761258399205,0.114487196208287
"2090",2022,"24/02/22","Coral Sea","Central Coral Sea","Morgan","Flinders","Flinders 5","South Flinders","Slope",2,8.5,4,16,27,"80",100,"Flinders 5 Slope 2 2022",100,"yes",27,0.776406035665295,1.53928935395125,0.122245333486018
"2091",2022,"24/02/22","Coral Sea","Central Coral Sea","Morgan","Flinders","Flinders 5","South Flinders","Slope",3,9.5,4,31,26,"90",100,"Flinders 5 Slope 3 2022",100,"yes",26,0.71301775147929,1.36983241545727,0.120919996517207
"2092",2022,"24/02/22","Coral Sea","Central Coral Sea","Morgan","Flinders","Flinders 5","South Flinders","Crest",1,3.6,3,2,24,"0",100,"Flinders 5 Crest 1 2022",100,"yes",24,0.777777777777778,1.70818171753293,0.141774724491215
"2093",2022,"24/02/22","Coral Sea","Central Coral Sea","Morgan","Flinders","Flinders 5","South Flinders","Crest",2,2.2,3.5,3,16,"45",100,"Flinders 5 Crest 2 2022",100,"yes",16,0.671875,1.21231388026715,0.139036226052583
"2094",2022,"24/02/22","Coral Sea","Central Coral Sea","Morgan","Flinders","Flinders 5","South Flinders","Crest",3,2,3,3,19,"45",100,"Flinders 5 Crest 3 2022",100,"yes",19,0.753462603878116,1.53154761391858,0.168257699371227
"2095",2022,"25/02/22","Coral Sea","Central Coral Sea","Josie","Flinders","Flinders 1","North Flinders (Main Cay)","Slope",1,9.8,3,17,9,"45",100,"Flinders 1 Slope 1 2022",100,"yes",9,0.765432098765432,1.52295506753132,0.141951259143516
"2096",2022,"25/02/22","Coral Sea","Central Coral Sea","Josie","Flinders","Flinders 1","North Flinders (Main Cay)","Slope",2,8.9,4,22,6,"80",100,"Flinders 1 Slope 2 2022",100,"yes",6,0.5,0.867563228481461,0.0852354004318487
"2097",2022,"25/02/22","Coral Sea","Central Coral Sea","Josie","Flinders","Flinders 1","North Flinders (Main Cay)","Slope",3,8.2,3,6,12,"80",100,"Flinders 1 Slope 3 2022",100,"yes",12,0.597222222222222,1.11874333598575,0.110851372062291
"2098",2022,"25/02/22","Coral Sea","Central Coral Sea","Josie","Flinders","Flinders 1","North Flinders (Main Cay)","Crest",1,3.5,3.5,5,4,"20",100,"Flinders 1 Crest 1 2022",100,"yes",4,0.625,1.03972077083992,0.165467828168368
"2099",2022,"25/02/22","Coral Sea","Central Coral Sea","Josie","Flinders","Flinders 1","North Flinders (Main Cay)","Crest",2,2.2,3,5,8,"20",100,"Flinders 1 Crest 2 2022",100,"yes",8,0.5625,1.07354284640852,0.0978899639333249
"2100",2022,"25/02/22","Coral Sea","Central Coral Sea","Josie","Flinders","Flinders 1","North Flinders (Main Cay)","Crest",3,2.8,3,6,1,"20",100,"Flinders 1 Crest 3 2022",100,"yes",1,0,0,0
"2101",2022,"25/02/22","Coral Sea","Central Coral Sea","Josie","Flinders","Flinders 2","North Flinders","Slope",1,8.9,4,8,15,"80",100,"Flinders 2 Slope 1 2022",100,"yes",15,0.515555555555556,0.988154224290194,0.122410481111523
"2102",2022,"25/02/22","Coral Sea","Central Coral Sea","Josie","Flinders","Flinders 2","North Flinders","Slope",2,8.1,3,17,12,"90",100,"Flinders 2 Slope 2 2022",100,"yes",12,0.597222222222222,1.11874333598575,0.0959097175208241
"2103",2022,"25/02/22","Coral Sea","Central Coral Sea","Josie","Flinders","Flinders 2","North Flinders","Slope",3,7.9,5,15,8,"90",100,"Flinders 2 Slope 3 2022",100,"yes",8,0.59375,0.974314752869349,0.080378631983941
"2104",2022,"25/02/22","Coral Sea","Central Coral Sea","Josie","Flinders","Flinders 2","North Flinders","Crest",1,2.5,5,15,6,"20",100,"Flinders 2 Crest 1 2022",100,"yes",6,0.5,0.693147180559945,0.169153857676785
"2105",2022,"25/02/22","Coral Sea","Central Coral Sea","Josie","Flinders","Flinders 2","North Flinders","Crest",2,3.1,4.5,6,10,"10",100,"Flinders 2 Crest 2 2022",100,"yes",10,0.54,0.89794572485678,0.17138170093186
"2106",2022,"25/02/22","Coral Sea","Central Coral Sea","Josie","Flinders","Flinders 2","North Flinders","Crest",3,2.9,4,10,2,"20",100,"Flinders 2 Crest 3 2022",100,"yes",2,0,0,0.0440569654962012
"2107",2022,"25/02/22","Coral Sea","Central Coral Sea","Josie","Flinders","Flinders 7","North Flinders","Slope",1,9.8,2.5,10,10,"90",100,"Flinders 7 Slope 1 2022",100,"yes",10,0.46,0.801818552543337,0.114247579062778
"2108",2022,"25/02/22","Coral Sea","Central Coral Sea","Josie","Flinders","Flinders 7","North Flinders","Slope",2,8.8,3,39,4,"90",100,"Flinders 7 Slope 2 2022",100,"yes",4,0.625,1.03972077083992,0.122568831107679
"2109",2022,"25/02/22","Coral Sea","Central Coral Sea","Josie","Flinders","Flinders 7","North Flinders","Slope",3,8.7,3,20,4,"80",100,"Flinders 7 Slope 3 2022",100,"yes",4,0.375,0.562335144618808,0.0792807822097837
"2110",2022,"25/02/22","Coral Sea","Central Coral Sea","Josie","Flinders","Flinders 7","North Flinders","Crest",1,3.1,3.5,2,4,"10",100,"Flinders 7 Crest 1 2022",100,"yes",4,0.375,0.562335144618808,0.141677498251274
"2111",2022,"25/02/22","Coral Sea","Central Coral Sea","Josie","Flinders","Flinders 7","North Flinders","Crest",2,3.4,4,13,5,"20",100,"Flinders 7 Crest 2 2022",100,"yes",5,0.48,0.673011667009257,0.169153857676785
"2112",2022,"25/02/22","Coral Sea","Central Coral Sea","Josie","Flinders","Flinders 7","North Flinders","Crest",3,4.3,3,9,3,"20",100,"Flinders 7 Crest 3 2022",100,"yes",3,0.444444444444444,0.636514168294813,0.165032919277711
"2113",2022,"26/02/22","Coral Sea","Central Coral Sea","Morgan","Heralds Surprise","Heralds Surprise 1","","Slope",1,9,1.5,0,4,"30",100,"Heralds Surprise 1 Slope 1 2022",100,"yes",4,0.5,0.693147180559945,0.182587754681431
"2114",2022,"26/02/22","Coral Sea","Central Coral Sea","Morgan","Heralds Surprise","Heralds Surprise 1","","Slope",2,8,1.5,0,7,"30",100,"Heralds Surprise 1 Slope 2 2022",100,"yes",7,0.489795918367347,0.682908104700472,0.17832694841257
"2115",2022,"26/02/22","Coral Sea","Central Coral Sea","Morgan","Heralds Surprise","Heralds Surprise 1","","Slope",3,8.5,1.5,0,3,"30",100,"Heralds Surprise 1 Slope 3 2022",100,"yes",3,0.444444444444444,0.636514168294813,0.0673117737231649
"2116",2022,"26/02/22","Coral Sea","Central Coral Sea","Morgan","Heralds Surprise","Heralds Surprise 1","","Crest",1,3,1.5,0,6,"0",100,"Heralds Surprise 1 Crest 1 2022",100,"yes",6,0.5,0.693147180559945,0.0626102944401102
"2117",2022,"26/02/22","Coral Sea","Central Coral Sea","Morgan","Heralds Surprise","Heralds Surprise 1","","Crest",2,3.5,0.5,0,3,"0",100,"Heralds Surprise 1 Crest 2 2022",100,"yes",3,0,0,0
"2118",2022,"26/02/22","Coral Sea","Central Coral Sea","Morgan","Heralds Surprise","Heralds Surprise 1","","Crest",3,2.5,0,0,7,"0",100,"Heralds Surprise 1 Crest 3 2022",100,"yes",7,0.489795918367347,0.682908104700472,0.0622191394323294
"2119",2022,"26/02/22","Coral Sea","Central Coral Sea","Josie","Heralds Surprise","Heralds Surprise 2","","Slope",1,9.9,1.5,3,9,"50",100,"Heralds Surprise 2 Slope 1 2022",100,"yes",9,0.493827160493827,0.686961576597323,0.176572081726244
"2120",2022,"26/02/22","Coral Sea","Central Coral Sea","Josie","Heralds Surprise","Heralds Surprise 2","","Slope",2,9.1,2.5,10,7,"60",100,"Heralds Surprise 2 Slope 2 2022",100,"yes",7,0.612244897959184,1.00424247305408,0.169975554504168
"2121",2022,"26/02/22","Coral Sea","Central Coral Sea","Josie","Heralds Surprise","Heralds Surprise 2","","Slope",3,8.7,3,2,10,"70",100,"Heralds Surprise 2 Slope 3 2022",100,"yes",10,0.34,0.639031859650177,0.122796467709903
"2122",2022,"26/02/22","Coral Sea","Central Coral Sea","Josie","Heralds Surprise","Heralds Surprise 2","","Crest",1,5.5,1.5,0,7,"0",100,"Heralds Surprise 2 Crest 1 2022",100,"yes",7,0,0,0
"2123",2022,"26/02/22","Coral Sea","Central Coral Sea","Josie","Heralds Surprise","Heralds Surprise 2","","Crest",2,5.3,2.5,0,10,"0",100,"Heralds Surprise 2 Crest 2 2022",100,"yes",10,0.34,0.639031859650177,0.0723965063068957
"2124",2022,"26/02/22","Coral Sea","Central Coral Sea","Josie","Heralds Surprise","Heralds Surprise 2","","Crest",3,4.2,3,1,9,"10",100,"Heralds Surprise 2 Crest 3 2022",100,"yes",9,0.197530864197531,0.348832095843032,0.0680014124877814
"2125",2022,"26/02/22","Coral Sea","Central Coral Sea","Josie","Heralds Surprise","Heralds Surprise 3","","Slope",1,9.3,3,4,12,"60",100,"Heralds Surprise 3 Slope 1 2022",100,"yes",12,0.541666666666667,0.887694275799104,0.177905715198785
"2126",2022,"26/02/22","Coral Sea","Central Coral Sea","Josie","Heralds Surprise","Heralds Surprise 3","","Slope",2,8.8,2.5,4,9,"50",100,"Heralds Surprise 3 Slope 2 2022",100,"yes",9,0.197530864197531,0.348832095843032,0.0563894837459905
"2127",2022,"26/02/22","Coral Sea","Central Coral Sea","Josie","Heralds Surprise","Heralds Surprise 3","","Slope",3,9.3,3.5,6,9,"70",100,"Heralds Surprise 3 Slope 3 2022",100,"yes",9,0.493827160493827,0.848685557726417,0.137483756418511
"2128",2022,"26/02/22","Coral Sea","Central Coral Sea","Josie","Heralds Surprise","Heralds Surprise 3","","Crest",1,4.4,2,0,4,"30",100,"Heralds Surprise 3 Crest 1 2022",100,"yes",4,0,0,0
"2129",2022,"26/02/22","Coral Sea","Central Coral Sea","Josie","Heralds Surprise","Heralds Surprise 3","","Crest",2,4.7,2,0,3,"20",100,"Heralds Surprise 3 Crest 2 2022",100,"yes",3,0.444444444444444,0.636514168294813,0.165277999406209
"2130",2022,"26/02/22","Coral Sea","Central Coral Sea","Josie","Heralds Surprise","Heralds Surprise 3","","Crest",3,4,2,1,4,"30",100,"Heralds Surprise 3 Crest 3 2022",100,"yes",4,0,0,0
"2131",2022,"27/02/22","Coral Sea","Central Coral Sea","Josie","Flora","Flora 1","","Slope",1,9.7,1.5,3,7,"60",100,"Flora 1 Slope 1 2022",100,"yes",7,0.653061224489796,1.07899220787758,0.161782055791222
"2132",2022,"27/02/22","Coral Sea","Central Coral Sea","Josie","Flora","Flora 1","","Slope",2,8.9,1,4,4,"50",100,"Flora 1 Slope 2 2022",100,"yes",4,0.375,0.562335144618808,0.132151451309989
"2133",2022,"27/02/22","Coral Sea","Central Coral Sea","Josie","Flora","Flora 1","","Slope",3,9.3,2,4,2,"70",100,"Flora 1 Slope 3 2022",100,"yes",2,0.5,0.693147180559945,0.130365946419236
"2134",2022,"27/02/22","Coral Sea","Central Coral Sea","Josie","Flora","Flora 1","","Crest",1,3.8,0.5,0,6,"30",100,"Flora 1 Crest 1 2022",100,"yes",6,0.722222222222222,1.32966134885476,0.15730622866123
"2135",2022,"27/02/22","Coral Sea","Central Coral Sea","Josie","Flora","Flora 1","","Crest",2,4,0.5,0,3,"20",100,"Flora 1 Crest 2 2022",100,"yes",3,0.444444444444444,0.636514168294813,0.165032919277711
"2136",2022,"27/02/22","Coral Sea","Central Coral Sea","Josie","Flora","Flora 1","","Crest",3,3.5,1,0,6,"30",100,"Flora 1 Crest 3 2022",100,"yes",6,0.277777777777778,0.450561208866305,0.0504261923402932
"2137",2022,"27/02/22","Coral Sea","Central Coral Sea","Josie","Flora","Flora 2","","Slope",1,10.1,1.5,5,7,"60",100,"Flora 2 Slope 1 2022",100,"yes",7,0.73469387755102,1.35178399428965,0.163833829479163
"2138",2022,"27/02/22","Coral Sea","Central Coral Sea","Josie","Flora","Flora 2","","Slope",2,8.2,1.5,5,3,"50",100,"Flora 2 Slope 2 2022",100,"yes",3,0.444444444444444,0.636514168294813,0.111375038512203
"2139",2022,"27/02/22","Coral Sea","Central Coral Sea","Josie","Flora","Flora 2","","Slope",3,7.2,1.5,1,6,"70",100,"Flora 2 Slope 3 2022",100,"yes",6,0.5,0.867563228481461,0.150742174922609
"2140",2022,"27/02/22","Coral Sea","Central Coral Sea","Josie","Flora","Flora 2","","Crest",1,2.7,1.5,0,7,"30",100,"Flora 2 Crest 1 2022",100,"yes",7,0.448979591836735,0.796311640173813,0.0994341875826897
"2141",2022,"27/02/22","Coral Sea","Central Coral Sea","Josie","Flora","Flora 2","","Crest",2,2.7,1.5,0,11,"20",100,"Flora 2 Crest 2 2022",100,"yes",11,0.297520661157025,0.474139313057837,0.0892037875220711
"2142",2022,"27/02/22","Coral Sea","Central Coral Sea","Josie","Flora","Flora 2","","Crest",3,2.4,2,1,7,"30",100,"Flora 2 Crest 3 2022",100,"yes",7,0.408163265306122,0.598269588585257,0.129065249324495
"2143",2022,"28/02/22","Coral Sea","Central Coral Sea","Josie","Holmes","Holmes 7","East Holmes","Slope",1,9.8,4,10,7,"60",100,"Holmes 7 Slope 1 2022",100,"yes",7,0.612244897959184,1.00424247305408,0.159384390758639
"2144",2022,"28/02/22","Coral Sea","Central Coral Sea","Josie","Holmes","Holmes 7","East Holmes","Slope",2,9.5,3.5,11,10,"50",100,"Holmes 7 Slope 2 2022",100,"yes",10,0.56,0.950270539233235,0.138564083610444
"2145",2022,"28/02/22","Coral Sea","Central Coral Sea","Josie","Holmes","Holmes 7","East Holmes","Slope",3,9.6,3,7,4,"70",100,"Holmes 7 Slope 3 2022",100,"yes",4,0.625,1.03972077083992,0.0780410288945058
"2146",2022,"1/03/22","Coral Sea","Central Coral Sea","Josie","Holmes","Holmes 5","","Slope",1,10.3,3.5,20,6,"90",100,"Holmes 5 Slope 1 2022",100,"yes",6,0.722222222222222,1.32966134885476,0.169393773610466
"2147",2022,"1/03/22","Coral Sea","Central Coral Sea","Josie","Holmes","Holmes 5","","Slope",2,9.8,3.5,23,5,"90",110,"Holmes 5 Slope 2 2022",110,"yes",5,0.32,0.500402423538188,0.0686572497908669
"2148",2022,"1/03/22","Coral Sea","Central Coral Sea","Josie","Holmes","Holmes 5","","Slope",3,10.2,3.5,25,4,"80",100,"Holmes 5 Slope 3 2022",100,"yes",4,0.625,1.03972077083992,0.0630047751135443
"2149",2022,"1/03/22","Coral Sea","Central Coral Sea","Josie","Holmes","Holmes 5","","Crest",1,4.2,3,0,2,"10",100,"Holmes 5 Crest 1 2022",100,"yes",2,0.5,0.693147180559945,0.142735880732038
"2150",2022,"1/03/22","Coral Sea","Central Coral Sea","Josie","Holmes","Holmes 5","","Crest",2,2.9,2,3,1,"10",100,"Holmes 5 Crest 2 2022",100,"yes",1,0,0,0
"2151",2022,"1/03/22","Coral Sea","Central Coral Sea","Josie","Holmes","Holmes 5","","Crest",3,3.1,3,3,3,"10",100,"Holmes 5 Crest 3 2022",100,"yes",3,0.666666666666667,1.09861228866811,0.154054912377672
"2152",2022,"1/03/22","Coral Sea","Central Coral Sea","Josie","Holmes","Holmes 2","","Slope",1,9.1,1.5,5,19,"30",100,"Holmes 2 Slope 1 2022",100,"yes",19,0.542936288088643,1.01020994742668,0.123871101805977
"2153",2022,"1/03/22","Coral Sea","Central Coral Sea","Josie","Holmes","Holmes 2","","Slope",2,8.3,4,10,8,"100",100,"Holmes 2 Slope 2 2022",100,"yes",8,0.53125,0.900256051268537,0.0969459860031858
"2154",2022,"1/03/22","Coral Sea","Central Coral Sea","Josie","Holmes","Holmes 2","","Slope",3,8.8,4,6,8,"90",100,"Holmes 2 Slope 3 2022",100,"yes",8,0.6875,1.25548232517875,0.10796167980869
"2155",2022,"1/03/22","Coral Sea","Central Coral Sea","Josie","Holmes","Holmes 2","","Crest",1,3.1,3.5,0,25,"10",100,"Holmes 2 Crest 1 2022",100,"yes",25,0.5728,1.10857165714735,0.113551970427679
"2156",2022,"1/03/22","Coral Sea","Central Coral Sea","Josie","Holmes","Holmes 2","","Crest",2,1.5,2,0,19,"10",100,"Holmes 2 Crest 2 2022",100,"yes",19,0.670360110803324,1.23368413783377,0.156948655851182
"2157",2022,"1/03/22","Coral Sea","Central Coral Sea","Josie","Holmes","Holmes 2","","Crest",3,1.2,2,0,17,"10",100,"Holmes 2 Crest 3 2022",100,"yes",17,0.636678200692042,1.18069644036532,0.145449775074171
"2158",2022,"2/03/22","Coral Sea","Northern Coral Sea","Josie","Bougainville","Bougainville 5","","Slope",1,9.9,4,0,28,"45",100,"Bougainville 5 Slope 1 2022",100,"yes",28,0.701530612244898,1.39212568396191,0.14209185626411
"2159",2022,"2/03/22","Coral Sea","Northern Coral Sea","Josie","Bougainville","Bougainville 5","","Slope",2,9.4,4,0,27,"10",100,"Bougainville 5 Slope 2 2022",100,"yes",27,0.688614540466392,1.25906340277129,0.17889087252456
"2160",2022,"2/03/22","Coral Sea","Northern Coral Sea","Josie","Bougainville","Bougainville 5","","Slope",3,8.6,3,0,34,"45",100,"Bougainville 5 Slope 3 2022",100,"yes",34,0.673010380622837,1.23476758936126,0.155170040485502
"2161",2022,"2/03/22","Coral Sea","Northern Coral Sea","Josie","Bougainville","Bougainville 5","","Crest",1,3.6,1,0,7,"20",100,"Bougainville 5 Crest 1 2022",100,"yes",7,0.408163265306122,0.598269588585257,0.150907551430616
"2162",2022,"2/03/22","Coral Sea","Northern Coral Sea","Josie","Bougainville","Bougainville 5","","Crest",2,3.9,1,0,5,"20",100,"Bougainville 5 Crest 2 2022",100,"yes",5,0.48,0.673011667009257,0.173212283543491
"2163",2022,"2/03/22","Coral Sea","Northern Coral Sea","Josie","Bougainville","Bougainville 5","","Crest",3,4.2,1,0,8,"20",100,"Bougainville 5 Crest 3 2022",100,"yes",8,0.40625,0.735621939758795,0.105264336662179
"2164",2022,"2/03/22","Coral Sea","Northern Coral Sea","Josie","Bougainville","Bougainville 4","","Slope",1,9.4,3.5,0,48,"90",100,"Bougainville 4 Slope 1 2022",100,"yes",48,0.772569444444444,1.59676759628181,0.136432126042294
"2165",2022,"2/03/22","Coral Sea","Northern Coral Sea","Josie","Bougainville","Bougainville 4","","Slope",2,9.4,3.5,0,51,"70",100,"Bougainville 4 Slope 2 2022",100,"yes",51,0.766628219915417,1.52240689583889,0.140282495156259
"2166",2022,"2/03/22","Coral Sea","Northern Coral Sea","Josie","Bougainville","Bougainville 4","","Slope",3,9.2,3.5,0,49,"80",100,"Bougainville 4 Slope 3 2022",100,"yes",49,0.753852561432736,1.53764483463499,0.109905463588855
"2167",2022,"2/03/22","Coral Sea","Northern Coral Sea","Josie","Bougainville","Bougainville 4","","Crest",1,2.7,2,0,6,"40",100,"Bougainville 4 Crest 1 2022",100,"yes",6,0.5,0.693147180559945,0.181975044746877
"2168",2022,"2/03/22","Coral Sea","Northern Coral Sea","Josie","Bougainville","Bougainville 4","","Crest",2,2.9,2,0,17,"20",100,"Bougainville 4 Crest 2 2022",100,"yes",17,0.525951557093426,0.846365829626287,0.164094372207559
"2169",2022,"2/03/22","Coral Sea","Northern Coral Sea","Josie","Bougainville","Bougainville 4","","Crest",3,2.3,1,0,7,"40",100,"Bougainville 4 Crest 3 2022",100,"yes",7,0.489795918367347,0.682908104700472,0.154785769686121
"2170",2022,"3/03/22","Coral Sea","Northern Coral Sea","Josie","Osprey","Osprey 6","North side of lagoon entrance","Slope",1,9.9,3,0,22,"80",100,"Osprey 6 Slope 1 2022",100,"yes",22,0.789256198347107,1.64884143961557,0.165533371748389
"2171",2022,"3/03/22","Coral Sea","Northern Coral Sea","Josie","Osprey","Osprey 6","North side of lagoon entrance","Slope",2,9.5,2,1,16,"80",100,"Osprey 6 Slope 2 2022",100,"yes",16,0.6796875,1.22277931619347,0.136755485661325
"2172",2022,"3/03/22","Coral Sea","Northern Coral Sea","Josie","Osprey","Osprey 6","North side of lagoon entrance","Slope",3,8,2,2,11,"80",100,"Osprey 6 Slope 3 2022",100,"yes",11,0.429752066115702,0.759547391474863,0.137961672717357
"2173",2022,"3/03/22","Coral Sea","Northern Coral Sea","Josie","Osprey","Osprey 6","North side of lagoon entrance","Crest",1,3.2,2.5,0,12,"10",100,"Osprey 6 Crest 1 2022",100,"yes",12,0.736111111111111,1.35797785498732,0.119072967922469
"2174",2022,"3/03/22","Coral Sea","Northern Coral Sea","Josie","Osprey","Osprey 6","North side of lagoon entrance","Crest",2,3.7,2,0,16,"10",100,"Osprey 6 Crest 2 2022",100,"yes",16,0.4140625,0.822265337328788,0.0543774777059158
"2175",2022,"3/03/22","Coral Sea","Northern Coral Sea","Josie","Osprey","Osprey 6","North side of lagoon entrance","Crest",3,3.4,2.5,0,19,"10",100,"Osprey 6 Crest 3 2022",100,"yes",19,0.631578947368421,1.14884919922436,0.0902518045468121
"2176",2022,"3/03/22","Coral Sea","Northern Coral Sea","Josie","Osprey","Osprey 7","South side of lagoon entrance","Slope",1,10.4,2,0,9,"30",100,"Osprey 7 Slope 1 2022",100,"yes",9,0.740740740740741,1.36892236074022,0.146467007280555
"2177",2022,"3/03/22","Coral Sea","Northern Coral Sea","Josie","Osprey","Osprey 7","South side of lagoon entrance","Slope",2,6.7,2,0,4,"40",100,"Osprey 7 Slope 2 2022",100,"yes",4,0.5,0.693147180559945,0.157923521901514
"2178",2022,"3/03/22","Coral Sea","Northern Coral Sea","Josie","Osprey","Osprey 7","South side of lagoon entrance","Slope",3,6.7,2,2,7,"30",100,"Osprey 7 Slope 3 2022",100,"yes",7,0.244897959183674,0.410116318288409,0.0341510628034988
"2179",2022,"3/03/22","Coral Sea","Northern Coral Sea","Josie","Osprey","Osprey 7","South side of lagoon entrance","Crest",1,2.9,2,0,16,"20",100,"Osprey 7 Crest 1 2022",100,"yes",16,0.75,1.54811552687402,0.150848667259504
"2180",2022,"3/03/22","Coral Sea","Northern Coral Sea","Josie","Osprey","Osprey 7","South side of lagoon entrance","Crest",2,3,1.5,0,8,"20",100,"Osprey 7 Crest 2 2022",100,"yes",8,0.65625,1.2130075659799,0.117019854223801
"2181",2022,"3/03/22","Coral Sea","Northern Coral Sea","Josie","Osprey","Osprey 7","South side of lagoon entrance","Crest",3,2.8,1.5,0,12,"20",100,"Osprey 7 Crest 3 2022",100,"yes",12,0.736111111111111,1.44518587894808,0.134185193456678
"2182",2022,"3/03/22","Coral Sea","Northern Coral Sea","Morgan","Osprey","Osprey 2","False Entrance","Slope",1,8,3.5,0,52,"60",100,"Osprey 2 Slope 1 2022",100,"yes",52,0.777366863905326,1.67465486621867,0.138359651655717
"2183",2022,"3/03/22","Coral Sea","Northern Coral Sea","Morgan","Osprey","Osprey 2","False Entrance","Slope",2,9.5,3.5,1,53,"80",100,"Osprey 2 Slope 2 2022",100,"yes",53,0.724813100747597,1.62245427947075,0.14677947533894
"2184",2022,"3/03/22","Coral Sea","Northern Coral Sea","Morgan","Osprey","Osprey 2","False Entrance","Slope",3,9.5,3.5,1,73,"80",100,"Osprey 2 Slope 3 2022",100,"yes",73,0.792268718333646,1.79906849983965,0.145805774838833
"2185",2022,"3/03/22","Coral Sea","Northern Coral Sea","Morgan","Osprey","Osprey 2","False Entrance","Crest",1,2.1,3,0,33,"60",100,"Osprey 2 Crest 1 2022",100,"yes",33,0.600550964187328,1.1205461687988,0.0863574656791058
"2186",2022,"3/03/22","Coral Sea","Northern Coral Sea","Morgan","Osprey","Osprey 2","False Entrance","Crest",2,2,3,1,26,"30",100,"Osprey 2 Crest 2 2022",100,"yes",26,0.781065088757396,1.62756751674017,0.140431359750876
"2187",2022,"3/03/22","Coral Sea","Northern Coral Sea","Morgan","Osprey","Osprey 2","False Entrance","Crest",3,2,3,0,21,"45",100,"Osprey 2 Crest 3 2022",100,"yes",21,0.739229024943311,1.43474092429267,0.156647650043987
"2188",2022,"4/03/22","Coral Sea","Northern Coral Sea","Morgan","Osprey","Osprey 1","North Horn","Slope",1,9,3.5,0,41,"90",100,"Osprey 1 Slope 1 2022",100,"yes",41,0.82093991671624,1.82441916765155,0.155167335219172
"2189",2022,"4/03/22","Coral Sea","Northern Coral Sea","Morgan","Osprey","Osprey 1","North Horn","Slope",2,9,4,0,29,"90",100,"Osprey 1 Slope 2 2022",100,"yes",29,0.789536266349584,1.66310445430674,0.16460489720136
"2190",2022,"4/03/22","Coral Sea","Northern Coral Sea","Morgan","Osprey","Osprey 1","North Horn","Slope",3,9,4,0,41,"90",100,"Osprey 1 Slope 3 2022",100,"yes",41,0.841165972635336,1.89126361625404,0.153182541320023
"2191",2022,"4/03/22","Coral Sea","Northern Coral Sea","Morgan","Osprey","Osprey 1","North Horn","Crest",1,3.5,3,0,18,"45",100,"Osprey 1 Crest 1 2022",100,"yes",18,0.617283950617284,1.14905969697062,0.124374972977484
"2192",2022,"4/03/22","Coral Sea","Northern Coral Sea","Morgan","Osprey","Osprey 1","North Horn","Crest",2,2.5,2.5,0,18,"30",100,"Osprey 1 Crest 2 2022",100,"yes",18,0.67283950617284,1.21104401678012,0.120297495289897
"2193",2022,"4/03/22","Coral Sea","Northern Coral Sea","Morgan","Osprey","Osprey 1","North Horn","Crest",3,3.5,2,0,9,"0",100,"Osprey 1 Crest 3 2022",100,"yes",9,0.567901234567901,0.936888307539016,0.0813314546100472
"2194",2022,"4/03/22","Coral Sea","Northern Coral Sea","Morgan","Osprey","Osprey 10","","Slope",1,9,4,0,55,"90",100,"Osprey 10 Slope 1 2022",100,"yes",55,0.80595041322314,1.7798544290832,0.140063513354127
"2195",2022,"4/03/22","Coral Sea","Northern Coral Sea","Morgan","Osprey","Osprey 10","","Slope",2,8.5,4,1,54,"90",100,"Osprey 10 Slope 2 2022",100,"yes",54,0.743484224965706,1.66937811668143,0.136112721492242
"2196",2022,"4/03/22","Coral Sea","Northern Coral Sea","Morgan","Osprey","Osprey 10","","Slope",3,9.5,4,1,41,"90",100,"Osprey 10 Slope 3 2022",100,"yes",41,0.798334324806663,1.69347416330552,0.142486458730385
"2197",2022,"4/03/22","Coral Sea","Northern Coral Sea","Morgan","Osprey","Osprey 10","","Crest",1,4,3,0,36,"45",100,"Osprey 10 Crest 1 2022",100,"yes",36,0.743827160493827,1.58977975036166,0.114480130016396
"2198",2022,"4/03/22","Coral Sea","Northern Coral Sea","Morgan","Osprey","Osprey 10","","Crest",2,3.2,3.5,0,28,"60",100,"Osprey 10 Crest 2 2022",100,"yes",28,0.755102040816326,1.53017068121673,0.131124911185649
"2199",2022,"4/03/22","Coral Sea","Northern Coral Sea","Morgan","Osprey","Osprey 10","","Crest",3,3.5,3.5,0,22,"45",100,"Osprey 10 Crest 3 2022",100,"yes",22,0.508264462809918,1.05560444881773,0.0909900430171804
"2200",2022,"5/03/22","Coral Sea","Northern Coral Sea","Morgan","Osprey","Osprey 4","","Slope",1,9,2,0,43,"45",100,"Osprey 4 Slope 1 2022",100,"yes",43,0.74959437533802,1.54994047322898,0.161076018711261
"2201",2022,"5/03/22","Coral Sea","Northern Coral Sea","Morgan","Osprey","Osprey 4","","Slope",2,9.5,2.5,0,47,"45",100,"Osprey 4 Slope 2 2022",100,"yes",47,0.761430511543685,1.55054546378596,0.144719705093743
"2202",2022,"5/03/22","Coral Sea","Northern Coral Sea","Morgan","Osprey","Osprey 4","","Slope",3,9,3.5,0,53,"60",100,"Osprey 4 Slope 3 2022",100,"yes",53,0.765396938412246,1.60549236009859,0.142396469287828
"2203",2022,"5/03/22","Coral Sea","Northern Coral Sea","Morgan","Osprey","Osprey 4","","Crest",1,3,1,0,5,"20",100,"Osprey 4 Crest 1 2022",100,"yes",5,0.72,1.33217904021012,0.127750370035128
"2204",2022,"5/03/22","Coral Sea","Northern Coral Sea","Morgan","Osprey","Osprey 4","","Crest",2,3.5,2,0,10,"10",100,"Osprey 4 Crest 2 2022",100,"yes",10,0.7,1.27985422583367,0.0926137059954259
"2205",2022,"5/03/22","Coral Sea","Northern Coral Sea","Morgan","Osprey","Osprey 4","","Crest",3,2,2.5,0,14,"0",100,"Osprey 4 Crest 3 2022",100,"yes",14,0.540816326530612,0.876005765643174,0.0766342401409075
"2206",2022,"5/03/22","Coral Sea","Northern Coral Sea","Morgan","Osprey","Osprey 11","Southern edge","Slope",1,8.5,1.5,0,24,"45",100,"Osprey 11 Slope 1 2022",100,"yes",24,0.527777777777778,1.09861228866811,0.101042695823843
"2207",2022,"5/03/22","Coral Sea","Northern Coral Sea","Morgan","Osprey","Osprey 11","Southern edge","Slope",2,9.5,1.5,0,36,"30",100,"Osprey 11 Slope 2 2022",100,"yes",36,0.791666666666667,1.70512902291001,0.184036366437967
"2208",2022,"5/03/22","Coral Sea","Northern Coral Sea","Morgan","Osprey","Osprey 11","Southern edge","Slope",3,9.5,1.5,0,42,"30",100,"Osprey 11 Slope 3 2022",100,"yes",42,0.744897959183674,1.70048235004262,0.132294874275761
"2209",2022,"5/03/22","Coral Sea","Northern Coral Sea","Morgan","Osprey","Osprey 11","Southern edge","Crest",1,3.2,1.5,0,26,"0",100,"Osprey 11 Crest 1 2022",100,"yes",26,0.710059171597633,1.49713618969608,0.135811107636408
"2210",2022,"5/03/22","Coral Sea","Northern Coral Sea","Morgan","Osprey","Osprey 11","Southern edge","Crest",2,3,1,0,21,"0",100,"Osprey 11 Crest 2 2022",100,"yes",21,0.802721088435374,1.75330755466351,0.168999726913981
"2211",2022,"5/03/22","Coral Sea","Northern Coral Sea","Morgan","Osprey","Osprey 11","Southern edge","Crest",3,3.5,1.5,0,33,"0",100,"Osprey 11 Crest 3 2022",100,"yes",33,0.747474747474748,1.55422001204668,0.144520534731829
"2212",2022,"5/03/22","Coral Sea","Northern Coral Sea","Morgan","Osprey","Osprey 12","Southern edge","Slope",1,8.5,2,0,23,"10",100,"Osprey 12 Slope 1 2022",100,"yes",23,0.593572778827977,1.26526690276142,0.137696020166634
"2213",2022,"5/03/22","Coral Sea","Northern Coral Sea","Morgan","Osprey","Osprey 12","Southern edge","Slope",2,8.5,1.5,0,14,"10",100,"Osprey 12 Slope 2 2022",100,"yes",14,0.704081632653061,1.27208986882029,0.181718511468745
"2214",2022,"5/03/22","Coral Sea","Northern Coral Sea","Morgan","Osprey","Osprey 12","Southern edge","Slope",3,9,2,0,30,"10",100,"Osprey 12 Slope 3 2022",100,"yes",30,0.7,1.43833272083815,0.18100449830143
"2215",2022,"5/03/22","Coral Sea","Northern Coral Sea","Morgan","Osprey","Osprey 12","Southern edge","Crest",1,4.5,2,0,10,"10",100,"Osprey 12 Crest 1 2022",100,"yes",10,0.64,1.16828245017656,0.111351198095896
"2216",2022,"5/03/22","Coral Sea","Northern Coral Sea","Morgan","Osprey","Osprey 12","Southern edge","Crest",2,4,1,0,12,"0",100,"Osprey 12 Crest 2 2022",100,"yes",12,0.722222222222222,1.42412991734677,0.168090354717536
"2217",2022,"5/03/22","Coral Sea","Northern Coral Sea","Morgan","Osprey","Osprey 12","Southern edge","Crest",3,4,1.5,0,10,"0",100,"Osprey 12 Crest 3 2022",100,"yes",10,0.58,0.943348392329039,0.119948839640485
"2218",2022,"6/03/22","GBR","Central Great Barrier Reef","Morgan","Milln","Milln 1","SW Corner","Slope",1,9,3.5,0,12,"90",100,"Milln 1 Slope 1 2022",100,"yes",12,0.708333333333333,1.30860538725345,0.197372001651666
"2219",2022,"6/08/22","GBR","Central Great Barrier Reef","Morgan","Milln","Milln 1","SW Corner","Slope",2,9,4,0,18,"90",100,"Milln 1 Slope 2 2022",100,"yes",18,0.78395061728395,1.64791843300216,0.178734366842676
"2220",2022,"6/03/22","GBR","Central Great Barrier Reef","Morgan","Milln","Milln 1","SW Corner","Slope",3,9,3.5,0,18,"90",100,"Milln 1 Slope 3 2022",100,"yes",18,0.802469135802469,1.77288179847301,0.166161322605916
"2221",2022,"6/03/22","GBR","Central Great Barrier Reef","Morgan","Milln","Milln 1","SW Corner","Crest",1,4,3,0,22,"0",100,"Milln 1 Crest 1 2022",100,"yes",22,0.789256198347107,1.70424359353824,0.156112021927975
"2222",2022,"6/03/22","GBR","Central Great Barrier Reef","Morgan","Milln","Milln 1","SW Corner","Crest",2,3,3,1,25,"0",100,"Milln 1 Crest 2 2022",100,"yes",25,0.7392,1.51417894263649,0.157322248069298
"2223",2022,"6/03/22","GBR","Central Great Barrier Reef","Morgan","Milln","Milln 1","SW Corner","Crest",3,3,2,0,21,"0",100,"Milln 1 Crest 3 2022",100,"yes",21,0.71655328798186,1.31942227299528,0.1660879563125
"2224",2022,"6/03/22","GBR","Central Great Barrier Reef","Morgan","Milln","Milln 2","","Slope",1,8.5,3.5,2,15,"0",100,"Milln 2 Slope 1 2022",100,"yes",15,0.657777777777778,1.32175583998232,0.156425320346703
"2225",2022,"6/03/22","GBR","Central Great Barrier Reef","Morgan","Milln","Milln 2","","Slope",2,9,3,2,17,"10",100,"Milln 2 Slope 2 2022",100,"yes",17,0.664359861591695,1.21819507241804,0.14836516355324
"2226",2022,"6/03/22","GBR","Central Great Barrier Reef","Morgan","Milln","Milln 2","","Slope",3,8.5,2,3,14,"0",100,"Milln 2 Slope 3 2022",100,"yes",14,0.693877551020408,1.25404190173345,0.162089160043354
"2227",2022,"6/03/22","GBR","Central Great Barrier Reef","Morgan","Milln","Milln 2","","Crest",1,3,2,0,8,"0",100,"Milln 2 Crest 1 2022",100,"yes",8,0.59375,0.974314752869349,0.169166091029039
"2228",2022,"6/03/22","GBR","Central Great Barrier Reef","Morgan","Milln","Milln 2","","Crest",2,2.5,2.5,0,20,"10",100,"Milln 2 Crest 2 2022",100,"yes",20,0.73,1.48433730654955,0.144002966523389
"2229",2022,"6/03/22","GBR","Central Great Barrier Reef","Morgan","Milln","Milln 2","","Crest",3,3,2,0,24,"0",100,"Milln 2 Crest 3 2022",100,"yes",24,0.677083333333333,1.33617584899713,0.145525811556866
"2230",2023,"11/02/2023","Coral Sea","Central Coral Sea","Josie","Flinders","Flinders 5","5","Slope",1,9.1,3,11,23,"80",100,"Flinders 5 Slope 1 2023",100,"yes",23,0.75992438563327,1.48487270004195,0.108689301576384
"2231",2023,"11/02/2023","Coral Sea","Central Coral Sea","Josie","Flinders","Flinders 5","5","Slope",2,8.5,3.5,20,23,"80",100,"Flinders 5 Slope 2 2023",100,"yes",23,0.767485822306238,1.53464321279448,0.13875352205297
"2232",2023,"11/02/2023","Coral Sea","Central Coral Sea","Josie","Flinders","Flinders 5","5","Slope",3,8.1,3,21,26,"90",100,"Flinders 5 Slope 3 2023",100,"yes",26,0.707100591715976,1.46433260721116,0.11026596123436
"2233",2023,"11/02/2023","Coral Sea","Central Coral Sea","Josie","Flinders","Flinders 5","5","Crest",1,4.8,2.5,3,13,"0",100,"Flinders 5 Crest 1 2023",100,"yes",13,0.757396449704142,1.5857708352081,0.164976572973016
"2234",2023,"11/02/2023","Coral Sea","Central Coral Sea","Josie","Flinders","Flinders 5","5","Crest",2,2.9,2.5,3,13,"45",100,"Flinders 5 Crest 2 2023",100,"yes",13,0.42603550295858,0.617241769730342,0.151520482746085
"2235",2023,"11/02/2023","Coral Sea","Central Coral Sea","Josie","Flinders","Flinders 5","5","Crest",3,2.3,2.5,4,12,"45",100,"Flinders 5 Crest 3 2023",100,"yes",12,0.625,1.12692879480068,0.166161523519404
"2236",2023,"11/02/2023","Coral Sea","Central Coral Sea","Josie","Flinders","Flinders 7","7","Slope",1,9,2,16,9,"90",100,"Flinders 7 Slope 1 2023",100,"yes",9,0.493827160493827,0.848685557726417,0.104866118164858
"2237",2023,"11/02/2023","Coral Sea","Central Coral Sea","Josie","Flinders","Flinders 7","7","Slope",2,8.7,2,56,1,"90",100,"Flinders 7 Slope 2 2023",100,"yes",1,0,0,0
"2238",2023,"11/02/2023","Coral Sea","Central Coral Sea","Josie","Flinders","Flinders 7","7","Slope",3,8.9,2.5,36,4,"90",100,"Flinders 7 Slope 3 2023",100,"yes",4,0.375,0.562335144618808,0.0792807822097837
"2239",2023,"11/02/2023","Coral Sea","Central Coral Sea","Josie","Flinders","Flinders 7","7","Crest",1,2.9,2.5,6,1,"10",100,"Flinders 7 Crest 1 2023",100,"yes",1,0,0,0
"2240",2023,"11/02/2023","Coral Sea","Central Coral Sea","Josie","Flinders","Flinders 7","7","Crest",2,3.8,2,26,1,"20",100,"Flinders 7 Crest 2 2023",100,"yes",1,0,0,0
"2241",2023,"11/02/2023","Coral Sea","Central Coral Sea","Josie","Flinders","Flinders 7","7","Crest",3,6,2.5,17,6,"20",100,"Flinders 7 Crest 3 2023",100,"yes",6,0.777777777777778,1.56071040904141,0.184514655529183
"2242",2023,"12/02/2023","Coral Sea","Central Coral Sea","Josie","Herald","Herald 6","6","Slope",1,8.6,3,39,6,"80",100,"Herald 6 Slope 1 2023",100,"yes",6,0.5,0.867563228481461,0.125630178471602
"2243",2023,"12/02/2023","Coral Sea","Central Coral Sea","Josie","Herald","Herald 6","6","Slope",2,8.5,3,31,10,"80",100,"Herald 6 Slope 2 2023",100,"yes",10,0.54,0.89794572485678,0.0773949951050758
"2244",2023,"12/02/2023","Coral Sea","Central Coral Sea","Josie","Herald","Herald 6","6","Slope",3,9.3,3,32,8,"80",100,"Herald 6 Slope 3 2023",100,"yes",8,0.59375,0.974314752869349,0.164964237189325
"2245",2023,"12/02/2023","Coral Sea","Central Coral Sea","Josie","Herald","Herald 6","6","Crest",1,1.9,2,1,8,"90",100,"Herald 6 Crest 1 2023",100,"yes",8,0.65625,1.2130075659799,0.108577323592696
"2246",2023,"12/02/2023","Coral Sea","Central Coral Sea","Josie","Herald","Herald 6","6","Crest",2,1.9,2,9,5,"10",100,"Herald 6 Crest 2 2023",100,"yes",5,0.72,1.33217904021012,0.0802827977829512
"2247",2023,"12/02/2023","Coral Sea","Central Coral Sea","Josie","Herald","Herald 6","6","Crest",3,1.5,2.5,5,3,"10",100,"Herald 6 Crest 3 2023",100,"yes",3,0.444444444444444,0.636514168294813,0.100397557018087
"2248",2023,"12/02/2023","Coral Sea","Central Coral Sea","Josie","Herald","Herald 4","4","Slope",1,8.8,3,43,13,"90",100,"Herald 4 Slope 1 2023",100,"yes",13,0.627218934911243,1.11896886688163,0.0989252868968881
"2249",2023,"12/02/2023","Coral Sea","Central Coral Sea","Josie","Herald","Herald 4","4","Slope",2,9.1,3,44,8,"80",100,"Herald 4 Slope 2 2023",100,"yes",8,0.59375,0.974314752869349,0.156898715456056
"2250",2023,"12/02/2023","Coral Sea","Central Coral Sea","Josie","Herald","Herald 4","4","Slope",3,8.9,3,52,6,"90",100,"Herald 4 Slope 3 2023",100,"yes",6,0.5,0.867563228481461,0.058704130992089
"2251",2023,"12/02/2023","Coral Sea","Central Coral Sea","Josie","Herald","Herald 4","4","Crest",1,2.9,2,12,2,"90",100,"Herald 4 Crest 1 2023",100,"yes",2,0,0,0
"2252",2023,"12/02/2023","Coral Sea","Central Coral Sea","Josie","Herald","Herald 4","4","Crest",2,2.6,2.5,10,9,"10",100,"Herald 4 Crest 2 2023",100,"yes",9,0.592592592592593,0.995026990179521,0.134801275902088
"2253",2023,"12/02/2023","Coral Sea","Central Coral Sea","Josie","Herald","Herald 4","4","Crest",3,2.3,2,1,10,"10",100,"Herald 4 Crest 3 2023",100,"yes",10,0.62,1.02965301406457,0.138603103189751
"2254",2023,"12/02/2023","Coral Sea","Central Coral Sea","Josie","Herald","Herald 1","1","Slope",1,8.7,2,44,7,"75",100,"Herald 1 Slope 1 2023",100,"yes",7,0.612244897959184,1.00424247305408,0.12785993661492
"2255",2023,"12/02/2023","Coral Sea","Central Coral Sea","Josie","Herald","Herald 1","1","Slope",2,7.7,2,24,10,"50",100,"Herald 1 Slope 2 2023",100,"yes",10,0.48,0.940447988655326,0.0849119831990034
"2256",2023,"12/02/2023","Coral Sea","Central Coral Sea","Josie","Herald","Herald 1","1","Slope",3,7.5,2.5,25,18,"70",100,"Herald 1 Slope 3 2023",100,"yes",18,0.697530864197531,1.27625736423618,0.120797470485266
"2257",2023,"12/02/2023","Coral Sea","Central Coral Sea","Josie","Herald","Herald 1","1","Crest",1,2.6,2.5,11,4,"10",100,"Herald 1 Crest 1 2023",100,"yes",4,0,0,0
"2258",2023,"12/02/2023","Coral Sea","Central Coral Sea","Josie","Herald","Herald 1","1","Crest",2,3,2.5,1,4,"10",100,"Herald 1 Crest 2 2023",100,"yes",4,0,0,0
"2259",2023,"12/02/2023","Coral Sea","Central Coral Sea","Josie","Herald","Herald 1","1","Crest",3,2.6,2,17,4,"30",100,"Herald 1 Crest 3 2023",100,"yes",4,0.625,1.03972077083992,0.147893119514313
"2260",2023,"13/02/2023","Coral Sea","Central Coral Sea","Josie","Diamond","Diamond 1","1","Slope",1,8.1,2.5,5,2,"60",100,"Diamond 1 Slope 1 2023",100,"yes",2,0.5,0.693147180559945,0.127373993141941
"2261",2023,"13/02/2023","Coral Sea","Central Coral Sea","Josie","Diamond","Diamond 1","1","Slope",2,8.8,2.5,21,3,"80",100,"Diamond 1 Slope 2 2023",100,"yes",3,0,0,0
"2262",2023,"13/02/2023","Coral Sea","Central Coral Sea","Josie","Diamond","Diamond 1","1","Slope",3,8.8,3,9,4,"75",100,"Diamond 1 Slope 3 2023",100,"yes",4,0.625,1.03972077083992,0.118679171495852
"2263",2023,"13/02/2023","Coral Sea","Central Coral Sea","Josie","Diamond","Diamond 1","1","Crest",1,2.7,2,8,6,"10",100,"Diamond 1 Crest 1 2023",100,"yes",6,0.611111111111111,1.01140426470735,0.144038138130431
"2264",2023,"13/02/2023","Coral Sea","Central Coral Sea","Josie","Diamond","Diamond 1","1","Crest",2,3.6,2.5,26,5,"10",100,"Diamond 1 Crest 2 2023",100,"yes",5,0.56,0.950270539233235,0.0823557291335863
"2265",2023,"13/02/2023","Coral Sea","Central Coral Sea","Josie","Diamond","Diamond 1","1","Crest",3,2.1,2,23,8,"10",100,"Diamond 1 Crest 3 2023",100,"yes",8,0.40625,0.735621939758795,0.0879200531627137
"2266",2023,"13/02/2023","Coral Sea","Central Coral Sea","Josie","Diamond","Diamond 2","2","Slope",1,7.6,2,22,13,"90",100,"Diamond 2 Slope 1 2023",100,"yes",13,0.698224852071006,1.37781950803903,0.139423705488453
"2267",2023,"13/02/2023","Coral Sea","Central Coral Sea","Josie","Diamond","Diamond 2","2","Slope",2,8.3,2,27,8,"90",100,"Diamond 2 Slope 2 2023",100,"yes",8,0.65625,1.2130075659799,0.144808352527543
"2268",2023,"13/02/2023","Coral Sea","Central Coral Sea","Josie","Diamond","Diamond 2","2","Slope",3,7.4,2,10,4,"90",100,"Diamond 2 Slope 3 2023",100,"yes",4,0.375,0.562335144618808,0.114816887986037
"2269",2023,"13/02/2023","Coral Sea","Central Coral Sea","Josie","Diamond","Diamond 2","2","Crest",1,2.3,2,1,5,"10",100,"Diamond 2 Crest 1 2023",100,"yes",5,0.56,0.950270539233235,0.13800175407872
"2270",2023,"13/02/2023","Coral Sea","Central Coral Sea","Josie","Diamond","Diamond 2","2","Crest",2,2.6,2,17,2,"90",100,"Diamond 2 Crest 2 2023",100,"yes",2,0,0,0.0916417942199324
"2271",2023,"13/02/2023","Coral Sea","Central Coral Sea","Josie","Diamond","Diamond 2","2","Crest",3,2.2,2,6,2,"20",100,"Diamond 2 Crest 3 2023",100,"yes",2,0,0,0
"2272",2023,"13/02/2023","Coral Sea","Central Coral Sea","Josie","Diamond","Diamond 6","6","Slope",1,9.2,2,19,20,"70",100,"Diamond 6 Slope 1 2023",100,"yes",20,0.745,1.47371460120401,0.150292820274244
"2273",2023,"13/02/2023","Coral Sea","Central Coral Sea","Josie","Diamond","Diamond 6","6","Slope",2,8.2,2,11,21,"70",100,"Diamond 6 Slope 2 2023",100,"yes",21,0.780045351473923,1.60924754221325,0.16284768020935
"2274",2023,"13/02/2023","Coral Sea","Central Coral Sea","Josie","Diamond","Diamond 6","6","Slope",3,8.6,2.5,21,11,"80",100,"Diamond 6 Slope 3 2023",100,"yes",11,0.677685950413223,1.2406842919534,0.164582179516852
"2275",2023,"13/02/2023","Coral Sea","Central Coral Sea","Josie","Diamond","Diamond 6","6","Crest",1,3.2,2,4,3,"70",100,"Diamond 6 Crest 1 2023",100,"yes",3,0.444444444444444,0.636514168294813,0.162892139190515
"2276",2023,"13/02/2023","Coral Sea","Central Coral Sea","Josie","Diamond","Diamond 6","6","Crest",2,3.2,2,9,4,"70",100,"Diamond 6 Crest 2 2023",100,"yes",4,0.625,1.03972077083992,0.172284689974569
"2277",2023,"13/02/2023","Coral Sea","Central Coral Sea","Josie","Diamond","Diamond 6","6","Crest",3,3.2,2.5,1,5,"90",100,"Diamond 6 Crest 3 2023",100,"yes",5,0.72,1.33217904021012,0.137461242372245
"2278",2023,"14/02/2023","Coral Sea","Central Coral Sea","Josie","Lihou","Lihou 1","1","Slope",1,9,2.5,4,8,"",100,"Lihou 1 Slope 1 2023",100,"yes",8,0.65625,1.2130075659799,0.12565633342035
"2279",2023,"14/02/2023","Coral Sea","Central Coral Sea","Josie","Lihou","Lihou 1","1","Slope",2,9.1,2.5,11,3,"60",100,"Lihou 1 Slope 2 2023",100,"yes",3,0.666666666666667,1.09861228866811,0.105609752808999
"2280",2023,"14/02/2023","Coral Sea","Central Coral Sea","Josie","Lihou","Lihou 1","1","Slope",3,9,2,13,10,"90",100,"Lihou 1 Slope 3 2023",100,"yes",10,0.32,0.500402423538188,0.0875973593991017
"2281",2023,"14/02/2023","Coral Sea","Central Coral Sea","Josie","Lihou","Lihou 1","1","Crest",1,1.5,2,0,3,"",100,"Lihou 1 Crest 1 2023",100,"yes",3,0.666666666666667,1.09861228866811,0.118109178003074
"2282",2023,"14/02/2023","Coral Sea","Central Coral Sea","Josie","Lihou","Lihou 1","1","Crest",2,1.5,2.5,2,2,"",100,"Lihou 1 Crest 2 2023",100,"yes",2,0,0,0
"2283",2023,"14/02/2023","Coral Sea","Central Coral Sea","Josie","Lihou","Lihou 1","1","Crest",3,2.1,3.6,4,0,"20",100,"Lihou 1 Crest 3 2023",100,"yes",0,0,0,NA
"2284",2023,"14/02/2023","Coral Sea","Central Coral Sea","Josie","Lihou","Lihou 2","2","Slope",1,9,2,30,3,"90",110,"Lihou 2 Slope 1 2023",110,"yes",3,0.444444444444444,0.636514168294813,0.189423361506859
"2285",2023,"14/02/2023","Coral Sea","Central Coral Sea","Josie","Lihou","Lihou 2","2","Slope",2,8.9,2,20,4,"70",100,"Lihou 2 Slope 2 2023",100,"yes",4,0.625,1.03972077083992,0.130535114691038
"2286",2023,"14/02/2023","Coral Sea","Central Coral Sea","Josie","Lihou","Lihou 2","2","Slope",3,9.9,2.5,21,3,"60",100,"Lihou 2 Slope 3 2023",100,"yes",3,0.444444444444444,0.636514168294813,0.10741435536634
"2287",2023,"14/02/2023","Coral Sea","Central Coral Sea","Josie","Lihou","Lihou 2","2","Crest",1,2.1,2,11,5,"0",100,"Lihou 2 Crest 1 2023",100,"yes",5,0.72,1.33217904021012,0.118189559163218
"2288",2023,"14/02/2023","Coral Sea","Central Coral Sea","Josie","Lihou","Lihou 2","2","Crest",2,2.2,2,8,2,"20",100,"Lihou 2 Crest 2 2023",100,"yes",2,0,0,0
"2289",2023,"14/02/2023","Coral Sea","Central Coral Sea","Josie","Lihou","Lihou 2","2","Crest",3,3.6,2,9,4,"30",100,"Lihou 2 Crest 3 2023",100,"yes",4,0.75,1.38629436111989,0.168978978493054
"2290",2023,"14/02/2023","Coral Sea","Central Coral Sea","Josie","Lihou","Lihou 7","7","Slope",1,9,2,4,23,"",100,"Lihou 7 Slope 1 2023",100,"yes",23,0.820415879017013,1.7499783359107,0.136510354646312
"2291",2023,"14/02/2023","Coral Sea","Central Coral Sea","Josie","Lihou","Lihou 7","7","Slope",2,8.7,2.5,3,9,"40",100,"Lihou 7 Slope 2 2023",100,"yes",9,0.567901234567901,0.936888307539016,0.112752679882105
"2292",2023,"14/02/2023","Coral Sea","Central Coral Sea","Josie","Lihou","Lihou 7","7","Slope",3,9,2.5,2,16,"30",100,"Lihou 7 Slope 3 2023",100,"yes",16,0.765625,1.60205591545873,0.147556581607585
"2293",2023,"14/02/2023","Coral Sea","Central Coral Sea","Josie","Lihou","Lihou 7","7","Crest",1,3.4,2,37,5,"",100,"Lihou 7 Crest 1 2023",100,"yes",5,0.72,1.33217904021012,0.109926830476186
"2294",2023,"14/02/2023","Coral Sea","Central Coral Sea","Josie","Lihou","Lihou 7","7","Crest",2,3.4,2.5,41,7,"60",100,"Lihou 7 Crest 2 2023",100,"yes",7,0.775510204081633,1.5498260458782,0.161241190550706
"2295",2023,"14/02/2023","Coral Sea","Central Coral Sea","Josie","Lihou","Lihou 7","7","Crest",3,3.6,2,14,4,"80",100,"Lihou 7 Crest 3 2023",100,"yes",4,0.625,1.03972077083992,0.174879293880489
"2296",2023,"15/02/2023","Coral Sea","Central Coral Sea","Josie","Lihou","Lihou 4","4","Slope",1,8.9,2.5,10,7,"90",100,"Lihou 4 Slope 1 2023",100,"yes",7,0.816326530612245,1.74786809746676,0.117140082372152
"2297",2023,"15/02/2023","Coral Sea","Central Coral Sea","Josie","Lihou","Lihou 4","4","Slope",2,8.8,2,14,6,"90",100,"Lihou 4 Slope 2 2023",100,"yes",6,0.611111111111111,1.01140426470735,0.156674337495851
"2298",2023,"15/02/2023","Coral Sea","Central Coral Sea","Josie","Lihou","Lihou 4","4","Slope",3,8.9,2.5,16,4,"60",100,"Lihou 4 Slope 3 2023",100,"yes",4,0.375,0.562335144618808,0.0711934052102413
"2299",2023,"15/02/2023","Coral Sea","Central Coral Sea","Josie","Lihou","Lihou 4","4","Crest",1,2.9,2,6,6,"20",100,"Lihou 4 Crest 1 2023",100,"yes",6,0.611111111111111,1.01140426470735,0.13256565324073
"2300",2023,"15/02/2023","Coral Sea","Central Coral Sea","Josie","Lihou","Lihou 4","4","Crest",2,3,2.5,10,2,"10",100,"Lihou 4 Crest 2 2023",100,"yes",2,0.5,0.693147180559945,0.127373993141941
"2301",2023,"15/02/2023","Coral Sea","Central Coral Sea","Josie","Lihou","Lihou 4","4","Crest",3,2.7,2.5,15,4,"20",100,"Lihou 4 Crest 3 2023",100,"yes",4,0.75,1.38629436111989,0.154054912377672
"2302",2023,"15/02/2023","Coral Sea","Central Coral Sea","Josie","Lihou","Lihou 5","5","Slope",1,9.1,2.5,7,12,"80",100,"Lihou 5 Slope 1 2023",100,"yes",12,0.666666666666667,1.31437384300695,0.103145073287484
"2303",2023,"15/02/2023","Coral Sea","Central Coral Sea","Josie","Lihou","Lihou 5","5","Slope",2,9.1,2.5,6,13,"60",100,"Lihou 5 Slope 2 2023",100,"yes",13,0.627218934911243,1.15698764434527,0.13907873399089
"2304",2023,"15/02/2023","Coral Sea","Central Coral Sea","Josie","Lihou","Lihou 5","5","Slope",3,8.8,2.5,14,15,"90",100,"Lihou 5 Slope 3 2023",100,"yes",15,0.746666666666667,1.55190149794374,0.13490750129003
"2305",2023,"15/02/2023","Coral Sea","Central Coral Sea","Josie","Lihou","Lihou 5","5","Crest",1,1.4,2,11,2,"20",100,"Lihou 5 Crest 1 2023",100,"yes",2,0.5,0.693147180559945,0.0907671462125278
"2306",2023,"15/02/2023","Coral Sea","Central Coral Sea","Josie","Lihou","Lihou 5","5","Crest",2,1.3,2,22,2,"30",100,"Lihou 5 Crest 2 2023",100,"yes",2,0,0,0
"2307",2023,"15/02/2023","Coral Sea","Central Coral Sea","Josie","Lihou","Lihou 5","5","Crest",3,1.7,2,8,1,"20",100,"Lihou 5 Crest 3 2023",100,"yes",1,0,0,0
"2308",2023,"15/02/2023","Coral Sea","Central Coral Sea","Josie","Lihou","Lihou 9","9","Slope",1,10,2.5,8,5,"60",100,"Lihou 9 Slope 1 2023",100,"yes",5,0.72,1.33217904021012,0.130261095952947
"2309",2023,"15/02/2023","Coral Sea","Central Coral Sea","Josie","Lihou","Lihou 9","9","Slope",2,8.8,2.5,11,11,"90",100,"Lihou 9 Slope 2 2023",100,"yes",11,0.743801652892562,1.46813993901621,0.139054657952129
"2310",2023,"15/02/2023","Coral Sea","Central Coral Sea","Josie","Lihou","Lihou 9","9","Slope",3,9.4,2,7,8,"70",100,"Lihou 9 Slope 3 2023",100,"yes",8,0.71875,1.32088834314932,0.154081801536653
"2311",2023,"15/02/2023","Coral Sea","Central Coral Sea","Josie","Lihou","Lihou 9","9","Crest",1,3.3,1.5,7,2,"10",100,"Lihou 9 Crest 1 2023",100,"yes",2,0.5,0.693147180559945,0.170857971661172
"2312",2023,"15/02/2023","Coral Sea","Central Coral Sea","Josie","Lihou","Lihou 9","9","Crest",2,3.4,1.5,10,2,"10",100,"Lihou 9 Crest 2 2023",100,"yes",2,0.5,0.693147180559945,0.127373993141941
"2313",2023,"15/02/2023","Coral Sea","Central Coral Sea","Josie","Lihou","Lihou 9","9","Crest",3,3.2,1.5,2,3,"20",100,"Lihou 9 Crest 3 2023",100,"yes",3,0.666666666666667,1.09861228866811,0.105169391639269
"2314",2023,"16/02/2023","Coral Sea","Central Coral Sea","Josie","Willis","Willis 2","2","Slope",1,8.8,3,35,19,"80",100,"Willis 2 Slope 1 2023",100,"yes",19,0.725761772853186,1.41527797464645,0.12501661099132
"2315",2023,"16/02/2023","Coral Sea","Central Coral Sea","Josie","Willis","Willis 2","2","Slope",2,10.2,2.5,18,24,"70",100,"Willis 2 Slope 2 2023",100,"yes",24,0.586805555555555,1.13290158905204,0.123305772246593
"2316",2023,"16/02/2023","Coral Sea","Central Coral Sea","Josie","Willis","Willis 2","2","Slope",3,8.8,2.5,50,9,"70",100,"Willis 2 Slope 3 2023",100,"yes",9,0.197530864197531,0.348832095843032,0.130680496563452
"2317",2023,"16/02/2023","Coral Sea","Central Coral Sea","Josie","Willis","Willis 2","2","Crest",1,3,2.5,10,9,"20",100,"Willis 2 Crest 1 2023",100,"yes",9,0.641975308641975,1.30309240376172,0.148993759786332
"2318",2023,"16/02/2023","Coral Sea","Central Coral Sea","Josie","Willis","Willis 2","2","Crest",2,2.9,2.5,0,13,"30",100,"Willis 2 Crest 2 2023",100,"yes",13,0.579881656804734,1.17865499634165,0.135166117034438
"2319",2023,"16/02/2023","Coral Sea","Central Coral Sea","Josie","Willis","Willis 2","2","Crest",3,2.4,3,3,13,"20",100,"Willis 2 Crest 3 2023",100,"yes",13,0.461538461538462,0.79026796807459,0.132024686958101
"2320",2023,"16/02/2023","Coral Sea","Central Coral Sea","Josie","Willis","Willis 4","4","Slope",1,9.1,2,19,2,"70",100,"Willis 4 Slope 1 2023",100,"yes",2,0.5,0.693147180559945,0
"2321",2023,"16/02/2023","Coral Sea","Central Coral Sea","Josie","Willis","Willis 4","4","Slope",2,9.9,1.5,13,8,"80",100,"Willis 4 Slope 2 2023",100,"yes",8,0.21875,0.376770161256437,0.0397106264679809
"2322",2023,"16/02/2023","Coral Sea","Central Coral Sea","Josie","Willis","Willis 4","4","Slope",3,9.7,1.5,28,12,"70",100,"Willis 4 Slope 3 2023",100,"yes",12,0.486111111111111,0.823959216501082,0.110067615963186
"2323",2023,"17/02/2023","Coral Sea","Central Coral Sea","Josie","Willis","Willis 7","7","Slope",1,8.8,2.5,25,4,"80",100,"Willis 7 Slope 1 2023",100,"yes",4,0.625,1.03972077083992,0.0885549686418861
"2324",2023,"17/02/2023","Coral Sea","Central Coral Sea","Josie","Willis","Willis 7","7","Slope",2,9,2.5,13,3,"80",100,"Willis 7 Slope 2 2023",100,"yes",3,0.444444444444444,0.636514168294813,0.15662394229332
"2325",2023,"17/02/2023","Coral Sea","Central Coral Sea","Josie","Willis","Willis 7","7","Slope",3,8.5,2.5,15,5,"70",100,"Willis 7 Slope 3 2023",100,"yes",5,0.64,1.05492016798614,0.124928975623696
"2326",2023,"17/02/2023","Coral Sea","Central Coral Sea","Josie","Willis","Willis 7","7","Crest",1,3.3,2,14,4,"10",100,"Willis 7 Crest 1 2023",100,"yes",4,0.625,1.03972077083992,0.166205828550846
"2327",2023,"17/02/2023","Coral Sea","Central Coral Sea","Josie","Willis","Willis 7","7","Crest",2,1.5,2,4,2,"10",100,"Willis 7 Crest 2 2023",100,"yes",2,0,0,0
"2328",2023,"17/02/2023","Coral Sea","Central Coral Sea","Josie","Willis","Willis 7","7","Crest",3,3,2.5,4,11,"10",100,"Willis 7 Crest 3 2023",100,"yes",11,0.314049586776859,0.600166073159646,0.0379463203359878
"2329",2023,"18/02/2023","Coral Sea","Central Coral Sea","Josie","Moore","Reference","The site the GPS point led us too. The first set of transects we did (not the grounding)","Flat",1,1.4,1.5,0,3,"0",100,"Reference Flat 1 2023",100,"yes",3,0.444444444444444,0.636514168294813,0.175591693610723
"2330",2023,"18/02/2023","Coral Sea","Central Coral Sea","Josie","Moore","Reference","The site the GPS point led us too. The first set of transects we did (not the grounding)","Flat",2,1.6,1.5,4,4,"0",100,"Reference Flat 2 2023",100,"yes",4,0.375,0.562335144618808,0.137440242441997
"2331",2023,"18/02/2023","Coral Sea","Central Coral Sea","Josie","Moore","Reference","The site the GPS point led us too. The first set of transects we did (not the grounding)","Flat",3,1.7,1.5,0,5,"0",100,"Reference Flat 3 2023",100,"yes",5,0.48,0.673011667009257,0.176201935079985
"2332",2023,"18/02/2023","Coral Sea","Central Coral Sea","Josie","Moore","Impact","The 'control' site which turned out to be the grounding site","Flat",1,1.2,1.5,0,2,"0",100,"Impact Flat 1 2023",100,"yes",2,0,0,0
"2333",2023,"18/02/2023","Coral Sea","Central Coral Sea","Josie","Moore","Impact","The 'control' site which turned out to be the grounding site","Flat",2,1.6,1.5,0,4,"0",100,"Impact Flat 2 2023",100,"yes",4,0.625,1.03972077083992,0.157829795680314
"2334",2023,"18/02/2023","Coral Sea","Central Coral Sea","Josie","Moore","Impact","The 'control' site which turned out to be the grounding site","Flat",3,1.2,1.5,0,2,"0",100,"Impact Flat 3 2023",100,"yes",2,0.5,0.693147180559945,0.176017099941535
"2335",2023,"18/02/2023","Coral Sea","Central Coral Sea","Josie","Moore","Moore 4","4","Slope",1,8.3,2,4,28,"80",100,"Moore 4 Slope 1 2023",100,"yes",28,0.775510204081633,1.5358617582662,0.155209043766594
"2336",2023,"18/02/2023","Coral Sea","Central Coral Sea","Josie","Moore","Moore 4","4","Slope",2,8.4,2.5,14,26,"80",100,"Moore 4 Slope 2 2023",100,"yes",26,0.739644970414201,1.43337400260664,0.146774518567097
"2337",2023,"18/02/2023","Coral Sea","Central Coral Sea","Josie","Moore","Moore 4","4","Slope",3,9,2,5,33,"80",100,"Moore 4 Slope 3 2023",100,"yes",33,0.589531680440771,1.19530140612167,0.119822505953877
"2338",2023,"18/02/2023","Coral Sea","Central Coral Sea","Josie","Moore","Moore 4","4","Crest",1,1.5,1.5,5,6,"10",100,"Moore 4 Crest 1 2023",100,"yes",6,0.722222222222222,1.32966134885476,0.122668758811902
"2339",2023,"18/02/2023","Coral Sea","Central Coral Sea","Josie","Moore","Moore 4","4","Crest",2,1.2,2,1,8,"20",100,"Moore 4 Crest 2 2023",100,"yes",8,0.59375,0.974314752869349,0.109755789428674
"2340",2023,"18/02/2023","Coral Sea","Central Coral Sea","Josie","Moore","Moore 4","4","Crest",3,1.5,1.5,2,11,"10",100,"Moore 4 Crest 3 2023",100,"yes",11,0.314049586776859,0.600166073159646,0.0900670004718708
"2341",2023,"18/02/2023","Coral Sea","Central Coral Sea","Josie","Moore","Moore 3","3","Slope",1,8.5,2,36,20,"90",100,"Moore 3 Slope 1 2023",100,"yes",20,0.7,1.37051517428796,0.112621123625941
"2342",2023,"18/02/2023","Coral Sea","Central Coral Sea","Josie","Moore","Moore 3","3","Slope",2,9.2,2,9,23,"80",100,"Moore 3 Slope 2 2023",100,"yes",23,0.669187145557656,1.26778899291248,0.114191605660911
"2343",2023,"18/02/2023","Coral Sea","Central Coral Sea","Josie","Moore","Moore 3","3","Slope",3,8.3,2,22,26,"90",100,"Moore 3 Slope 3 2023",100,"yes",26,0.733727810650888,1.46729312496607,0.145272273784022
"2344",2023,"18/02/2023","Coral Sea","Central Coral Sea","Josie","Moore","Moore 3","3","Crest",1,1.5,2,7,15,"80",100,"Moore 3 Crest 1 2023",100,"yes",15,0.728888888888889,1.43682866896303,0.154609446787534
"2345",2023,"18/02/2023","Coral Sea","Central Coral Sea","Josie","Moore","Moore 3","3","Crest",2,1.2,2,4,20,"20",100,"Moore 3 Crest 2 2023",100,"yes",20,0.665,1.23759716823256,0.125593342001667
"2346",2023,"18/02/2023","Coral Sea","Central Coral Sea","Josie","Moore","Moore 3","3","Crest",3,1.3,2,0,12,"30",100,"Moore 3 Crest 3 2023",100,"yes",12,0.652777777777778,1.19884931291362,0.18559616299884
"2347",2023,"19/02/2023","Coral Sea","Central Coral Sea","Josie","Holmes","Holmes 6","6","Slope",1,8.8,2,5,18,"90",100,"Holmes 6 Slope 1 2023",100,"yes",18,0.598765432098765,1.08707537716112,0.178991926847826
"2348",2023,"19/02/2023","Coral Sea","Central Coral Sea","Josie","Holmes","Holmes 6","6","Slope",2,8.8,2,8,13,"90",100,"Holmes 6 Slope 2 2023",100,"yes",13,0.615384615384615,1.01233083910317,0.13328634400385
"2349",2023,"19/02/2023","Coral Sea","Central Coral Sea","Josie","Holmes","Holmes 6","6","Slope",3,9.9,2,3,14,"90",100,"Holmes 6 Slope 3 2023",100,"yes",14,0.73469387755102,1.53672246943722,0.158964916683526
"2350",2023,"19/02/2023","Coral Sea","Central Coral Sea","Josie","Holmes","Holmes 6","6","Crest",1,3,1.5,1,6,"20",100,"Holmes 6 Crest 1 2023",100,"yes",6,0.722222222222222,1.32966134885476,0.143290872120316
"2351",2023,"19/02/2023","Coral Sea","Central Coral Sea","Josie","Holmes","Holmes 6","6","Crest",2,2.8,1.5,0,7,"10",100,"Holmes 6 Crest 2 2023",100,"yes",7,0.489795918367347,0.682908104700472,0.17260597722121
"2352",2023,"19/02/2023","Coral Sea","Central Coral Sea","Josie","Holmes","Holmes 6","6","Crest",3,4,1.5,0,9,"20",100,"Holmes 6 Crest 3 2023",100,"yes",9,0.666666666666667,1.21488965394912,0.182901128222697
"2353",2023,"19/02/2023","Coral Sea","Central Coral Sea","Josie","Holmes","Holmes 7","7","Slope",1,9.1,2,21,22,"80",100,"Holmes 7 Slope 1 2023",100,"yes",22,0.681818181818182,1.3099905328263,0.174301520941231
"2354",2023,"19/02/2023","Coral Sea","Central Coral Sea","Josie","Holmes","Holmes 7","7","Slope",2,9.9,2,14,20,"80",100,"Holmes 7 Slope 2 2023",100,"yes",20,0.705,1.28992198260901,0.163358326886266
"2355",2023,"19/02/2023","Coral Sea","Central Coral Sea","Josie","Holmes","Holmes 7","7","Slope",3,9.9,2.5,32,13,"80",100,"Holmes 7 Slope 3 2023",100,"yes",13,0.603550295857988,1.09059947377948,0.131739262668133
"2356",2023,"19/02/2023","Coral Sea","Central Coral Sea","Josie","Holmes","Holmes 7","7","Crest",1,3.9,2,4,24,"10",100,"Holmes 7 Crest 1 2023",100,"yes",24,0.34375,0.615990578321199,0.103974067893716
"2357",2023,"19/02/2023","Coral Sea","Central Coral Sea","Josie","Holmes","Holmes 7","7","Crest",2,3.1,2,4,8,"10",100,"Holmes 7 Crest 2 2023",100,"yes",8,0.59375,0.974314752869349,0.171818581265548
"2358",2023,"19/02/2023","Coral Sea","Central Coral Sea","Josie","Holmes","Holmes 7","7","Crest",3,4.4,2,0,4,"10",100,"Holmes 7 Crest 3 2023",100,"yes",4,0.375,0.562335144618808,0.100961595571652
"2359",2023,"19/02/2023","Coral Sea","Central Coral Sea","Josie","Holmes","Holmes 5","5","Slope",1,10,3.5,48,6,"90",100,"Holmes 5 Slope 1 2023",100,"yes",6,0.5,0.867563228481461,0.11632779535978
"2360",2023,"19/02/2023","Coral Sea","Central Coral Sea","Josie","Holmes","Holmes 5","5","Slope",2,8.6,3,41,5,"80",100,"Holmes 5 Slope 2 2023",100,"yes",5,0.48,0.673011667009257,0.055067512751883
"2361",2023,"19/02/2023","Coral Sea","Central Coral Sea","Josie","Holmes","Holmes 5","5","Slope",3,8.9,2,31,10,"80",100,"Holmes 5 Slope 3 2023",100,"yes",10,0.66,1.22060726455302,0.110640180826793
"2362",2023,"19/02/2023","Coral Sea","Central Coral Sea","Josie","Holmes","Holmes 5","5","Crest",1,1.4,2,16,2,"60",100,"Holmes 5 Crest 1 2023",100,"yes",2,0.5,0.693147180559945,0.0802166689116798
"2363",2023,"19/02/2023","Coral Sea","Central Coral Sea","Josie","Holmes","Holmes 5","5","Crest",2,1.4,2,6,4,"30",100,"Holmes 5 Crest 2 2023",100,"yes",4,0.5,0.693147180559945,0.0377558633065754
"2364",2023,"19/02/2023","Coral Sea","Central Coral Sea","Josie","Holmes","Holmes 5","5","Crest",3,1.4,2,18,7,"90",100,"Holmes 5 Crest 3 2023",100,"yes",7,0.653061224489796,1.07899220787758,0.109717396336097
"2365",2023,"20/02/2023","Coral Sea","Central Coral Sea","Josie","Holmes","Holmes 2","2","Slope",1,9.2,2,11,14,"70",100,"Holmes 2 Slope 1 2023",100,"yes",14,0.663265306122449,1.19734013399678,0.125771721408948
"2366",2023,"20/02/2023","Coral Sea","Central Coral Sea","Josie","Holmes","Holmes 2","2","Slope",2,8.5,2.5,22,13,"80",101,"Holmes 2 Slope 2 2023",101,"yes",13,0.733727810650888,1.43888295021699,0.169500590283348
"2367",2023,"20/02/2023","Coral Sea","Central Coral Sea","Josie","Holmes","Holmes 2","2","Slope",3,7.7,2,27,16,"90",100,"Holmes 2 Slope 3 2023",100,"yes",16,0.6953125,1.25115598336363,0.167744925517981
"2368",2023,"20/02/2023","Coral Sea","Central Coral Sea","Josie","Holmes","Holmes 2","2","Crest",1,2.1,2,2,29,"0",100,"Holmes 2 Crest 1 2023",100,"yes",29,0.680142687277051,1.33674618085819,0.135557797515093
"2369",2023,"20/02/2023","Coral Sea","Central Coral Sea","Josie","Holmes","Holmes 2","2","Crest",2,2.4,2.5,1,25,"0",100,"Holmes 2 Crest 2 2023",100,"yes",25,0.5536,1.1253003189096,0.129705841424147
"2370",2023,"20/02/2023","Coral Sea","Central Coral Sea","Josie","Holmes","Holmes 2","2","Crest",3,2.6,2.5,0,36,"10",100,"Holmes 2 Crest 3 2023",100,"yes",36,0.597222222222222,1.04717455384228,0.150893727365285
"2371",2023,"20/02/2023","Coral Sea","Central Coral Sea","Josie","Holmes","Holmes 10","10","Slope",1,8.5,2,15,12,"0",100,"Holmes 10 Slope 1 2023",100,"yes",12,0.736111111111111,1.44518587894808,0.151874555882293
"2372",2023,"20/02/2023","Coral Sea","Central Coral Sea","Josie","Holmes","Holmes 10","10","Slope",2,8.7,2.5,12,9,"20",100,"Holmes 10 Slope 2 2023",100,"yes",9,0.641975308641975,1.06085694715802,0.15549401072187
"2373",2023,"20/02/2023","Coral Sea","Central Coral Sea","Josie","Holmes","Holmes 10","10","Slope",3,8.7,2.5,11,11,"0",100,"Holmes 10 Slope 3 2023",100,"yes",11,0.727272727272727,1.54030582522652,0.163171099128672
"2374",2023,"20/02/2023","Coral Sea","Central Coral Sea","Josie","Holmes","Holmes 10","10","Crest",1,2.8,2,2,20,"0",100,"Holmes 10 Crest 1 2023",100,"yes",20,0.785,1.56718085483299,0.167965453337872
"2375",2023,"20/02/2023","Coral Sea","Central Coral Sea","Josie","Holmes","Holmes 10","10","Crest",2,2.4,1.5,1,22,"0",100,"Holmes 10 Crest 2 2023",100,"yes",22,0.764462809917355,1.49588424256801,0.168853677570818
"2376",2023,"20/02/2023","Coral Sea","Central Coral Sea","Josie","Holmes","Holmes 10","10","Crest",3,1.7,1.5,3,22,"10",100,"Holmes 10 Crest 3 2023",100,"yes",22,0.59504132231405,0.994923632571775,0.131049196337684
"2377",2023,"20/02/2023","Coral Sea","Central Coral Sea","Josie","Holmes","Holmes 1","1","Slope",1,8.7,2.5,4,16,"70",100,"Holmes 1 Slope 1 2023",100,"yes",16,0.578125,1.0337005498525,0.0867860488075236
"2378",2023,"20/02/2023","Coral Sea","Central Coral Sea","Josie","Holmes","Holmes 1","1","Slope",2,8.5,2,2,24,"30",100,"Holmes 1 Slope 2 2023",100,"yes",24,0.652777777777778,1.0775563270668,0.116347735085732
"2379",2023,"20/02/2023","Coral Sea","Central Coral Sea","Josie","Holmes","Holmes 1","1","Slope",3,10.1,2,8,8,"50",100,"Holmes 1 Slope 3 2023",100,"yes",8,0.40625,0.735621939758795,0.0499669055909527
"2380",2023,"20/02/2023","Coral Sea","Central Coral Sea","Josie","Holmes","Holmes 1","1","Crest",1,0.7,1.5,1,8,"0",100,"Holmes 1 Crest 1 2023",100,"yes",8,0.53125,0.900256051268537,0.121298649705722
"2381",2023,"20/02/2023","Coral Sea","Central Coral Sea","Josie","Holmes","Holmes 1","1","Crest",2,0.6,1.5,0,6,"0",100,"Holmes 1 Crest 2 2023",100,"yes",6,0.611111111111111,1.01140426470735,0.117841152886094
"2382",2023,"20/02/2023","Coral Sea","Central Coral Sea","Josie","Holmes","Holmes 1","1","Crest",3,0.5,1.5,7,12,"0",100,"Holmes 1 Crest 3 2023",100,"yes",12,0.736111111111111,1.35797785498732,0.126887431613992
"2383",2023,"21/02/2023","Coral Sea","Northern Coral Sea","Josie","Bougainville","Bougainville 5","5","Slope",1,9.9,3,0,47,"70",100,"Bougainville 5 Slope 1 2023",100,"yes",47,0.755092802172929,1.62092588072989,0.133994170138844
"2384",2023,"21/02/2023","Coral Sea","Northern Coral Sea","Josie","Bougainville","Bougainville 5","5","Slope",2,8.9,3.5,0,44,"70",100,"Bougainville 5 Slope 2 2023",100,"yes",44,0.733471074380165,1.50606478381707,0.156239546424849
"2385",2023,"21/02/2023","Coral Sea","Northern Coral Sea","Josie","Bougainville","Bougainville 5","5","Slope",3,8.8,3,0,59,"70",100,"Bougainville 5 Slope 3 2023",100,"yes",59,0.680838839413962,1.43781374230205,0.14614891932585
"2386",2023,"21/02/2023","Coral Sea","Northern Coral Sea","Josie","Bougainville","Bougainville 5","5","Crest",1,4.6,1.5,0,7,"20",100,"Bougainville 5 Crest 1 2023",100,"yes",7,0.244897959183674,0.410116318288409,0.0516276467156297
"2387",2023,"21/02/2023","Coral Sea","Northern Coral Sea","Josie","Bougainville","Bougainville 5","5","Crest",2,4.6,1.5,0,7,"10",100,"Bougainville 5 Crest 2 2023",100,"yes",7,0.612244897959184,1.15374194270109,0.126071877292999
"2388",2023,"21/02/2023","Coral Sea","Northern Coral Sea","Josie","Bougainville","Bougainville 5","5","Crest",3,4.4,1.5,0,9,"20",100,"Bougainville 5 Crest 3 2023",100,"yes",9,0.197530864197531,0.348832095843032,0.0563894837459905
"2389",2023,"21/02/2023","Coral Sea","Northern Coral Sea","Josie","Bougainville","Bougainville 4","4","Slope",1,9.3,3.5,0,42,"90",100,"Bougainville 4 Slope 1 2023",100,"yes",42,0.73015873015873,1.47461654407842,0.117943453952469
"2390",2023,"21/02/2023","Coral Sea","Northern Coral Sea","Josie","Bougainville","Bougainville 4","4","Slope",2,9.3,3.5,0,54,"90",100,"Bougainville 4 Slope 2 2023",100,"yes",54,0.649519890260631,1.12459827672606,0.0887507829381576
"2391",2023,"21/02/2023","Coral Sea","Northern Coral Sea","Josie","Bougainville","Bougainville 4","4","Slope",3,9.5,3,0,42,"80",100,"Bougainville 4 Slope 3 2023",100,"yes",42,0.651927437641723,1.07700577804734,0.0895346162475995
"2392",2023,"21/02/2023","Coral Sea","Northern Coral Sea","Josie","Bougainville","Bougainville 4","4","Crest",1,3,1.5,0,11,"10",100,"Bougainville 4 Crest 1 2023",100,"yes",11,0.165289256198347,0.304636097349238,0
"2393",2023,"21/02/2023","Coral Sea","Northern Coral Sea","Josie","Bougainville","Bougainville 4","4","Crest",2,3,1.5,0,14,"20",100,"Bougainville 4 Crest 2 2023",100,"yes",14,0.244897959183674,0.410116318288409,0.0516276467156297
"2394",2023,"21/02/2023","Coral Sea","Northern Coral Sea","Josie","Bougainville","Bougainville 4","4","Crest",3,3.1,1.5,0,7,"5",100,"Bougainville 4 Crest 3 2023",100,"yes",7,0.244897959183674,0.410116318288409,0.0638527084502382
"2395",2023,"21/02/2023","Coral Sea","Northern Coral Sea","Josie","Bougainville","Bougainville 1","1","Slope",1,8.7,3,0,72,"60",100,"Bougainville 1 Slope 1 2023",100,"yes",72,0.29591049382716,0.630153930044105,0.0546929930420972
"2396",2023,"21/02/2023","Coral Sea","Northern Coral Sea","Josie","Bougainville","Bougainville 1","1","Slope",2,8.2,3,0,57,"60",100,"Bougainville 1 Slope 2 2023",100,"yes",57,0.593413357956294,1.1715674332524,0.101036218930694
"2397",2023,"21/02/2023","Coral Sea","Northern Coral Sea","Josie","Bougainville","Bougainville 1","1","Slope",3,8.9,2.5,0,61,"70",100,"Bougainville 1 Slope 3 2023",100,"yes",61,0.543402311206665,1.1023892366172,0.095846113317667
"2398",2023,"21/02/2023","Coral Sea","Northern Coral Sea","Josie","Bougainville","Bougainville 1","1","Crest",1,4.4,2,0,15,"20",100,"Bougainville 1 Crest 1 2023",100,"yes",15,0.346666666666666,0.72012488127181,0.083729210802035
"2399",2023,"21/02/2023","Coral Sea","Northern Coral Sea","Josie","Bougainville","Bougainville 1","1","Crest",2,3.2,1.5,0,8,"20",100,"Bougainville 1 Crest 2 2023",100,"yes",8,0.59375,0.974314752869349,0.164964237189325
"2400",2023,"21/02/2023","Coral Sea","Northern Coral Sea","Josie","Bougainville","Bougainville 1","1","Crest",3,2.7,1,0,7,"20",100,"Bougainville 1 Crest 3 2023",100,"yes",7,0.244897959183674,0.410116318288409,0.0863029886106048
"2401",2023,"22/02/2023","Coral Sea","Northern Coral Sea","Josie","Osprey","Osprey 6","6","Slope",1,9,3,3,38,"80",100,"Osprey 6 Slope 1 2023",100,"yes",38,0.736842105263158,1.57832153071909,0.12731608342903
"2402",2023,"22/02/2023","Coral Sea","Northern Coral Sea","Josie","Osprey","Osprey 6","6","Slope",2,9.5,2.5,6,35,"50",100,"Osprey 6 Slope 2 2023",100,"yes",35,0.808163265306122,1.7601918663126,0.1514386599421
"2403",2023,"22/02/2023","Coral Sea","Northern Coral Sea","Josie","Osprey","Osprey 6","6","Slope",3,7.5,2.5,1,20,"90",100,"Osprey 6 Slope 3 2023",100,"yes",20,0.72,1.46163597281342,0.137217724784081
"2404",2023,"22/02/2023","Coral Sea","Northern Coral Sea","Josie","Osprey","Osprey 6","6","Crest",1,3.8,3.5,0,25,"10",100,"Osprey 6 Crest 1 2023",100,"yes",25,0.6624,1.32047755297162,0.11540469136716
"2405",2023,"22/02/2023","Coral Sea","Northern Coral Sea","Josie","Osprey","Osprey 6","6","Crest",2,3.5,3,2,17,"20",100,"Osprey 6 Crest 2 2023",100,"yes",17,0.802768166089965,1.69668425456778,0.153393341917779
"2406",2023,"22/02/2023","Coral Sea","Northern Coral Sea","Josie","Osprey","Osprey 6","6","Crest",3,3.5,2.5,3,16,"10",100,"Osprey 6 Crest 3 2023",100,"yes",16,0.6953125,1.25115598336363,0.115886853736916
"2407",2023,"22/02/2023","Coral Sea","Northern Coral Sea","Josie","Osprey","Osprey 2","2","Slope",1,8.8,3,0,36,"30",100,"Osprey 2 Slope 1 2023",100,"yes",36,0.824074074074074,1.76357918876073,0.137144803843603
"2408",2023,"22/02/2023","Coral Sea","Northern Coral Sea","Josie","Osprey","Osprey 2","2","Slope",2,8.7,3,1,53,"30",100,"Osprey 2 Slope 2 2023",100,"yes",53,0.761124955500178,1.6253906409573,0.142675116540518
"2409",2023,"22/02/2023","Coral Sea","Northern Coral Sea","Josie","Osprey","Osprey 2","2","Slope",3,8.2,3,0,50,"20",100,"Osprey 2 Slope 3 2023",100,"yes",50,0.7352,1.5261264173716,0.131625348401615
"2410",2023,"22/02/2023","Coral Sea","Northern Coral Sea","Josie","Osprey","Osprey 2","2","Crest",1,2.4,2.5,1,18,"10",100,"Osprey 2 Crest 1 2023",100,"yes",18,0.376543209876543,0.760755259244303,0.06418431424695
"2411",2023,"22/02/2023","Coral Sea","Northern Coral Sea","Josie","Osprey","Osprey 2","2","Crest",2,2.3,3,1,21,"0",100,"Osprey 2 Crest 2 2023",100,"yes",21,0.612244897959184,1.20357509925009,0.111648312539691
"2412",2023,"22/02/2023","Coral Sea","Northern Coral Sea","Josie","Osprey","Osprey 2","2","Crest",3,2.1,2,3,13,"10",100,"Osprey 2 Crest 3 2023",100,"yes",13,0.556213017751479,0.898137003187868,0.108010252301081
"2413",2023,"22/02/2023","Coral Sea","Northern Coral Sea","Josie","Osprey","Osprey 1","1","Slope",1,8.5,2.5,0,30,"80",100,"Osprey 1 Slope 1 2023",100,"yes",30,0.784444444444444,1.61936053481095,0.150014696740341
"2414",2023,"22/02/2023","Coral Sea","Northern Coral Sea","Josie","Osprey","Osprey 1","1","Slope",2,8.5,3.5,0,19,"90",100,"Osprey 1 Slope 2 2023",100,"yes",19,0.803324099722992,1.69077183820571,0.15803951341542
"2415",2023,"22/02/2023","Coral Sea","Northern Coral Sea","Josie","Osprey","Osprey 1","1","Slope",3,8.6,3,0,35,"90",100,"Osprey 1 Slope 3 2023",100,"yes",35,0.801632653061225,1.73272695993733,0.161446981319836
"2416",2023,"22/02/2023","Coral Sea","Northern Coral Sea","Josie","Osprey","Osprey 1","1","Crest",1,1.4,2,0,20,"30",100,"Osprey 1 Crest 1 2023",100,"yes",20,0.63,1.23483915799069,0.118646211956078
"2417",2023,"22/02/2023","Coral Sea","Northern Coral Sea","Josie","Osprey","Osprey 1","1","Crest",2,2.2,2.5,0,26,"30",100,"Osprey 1 Crest 2 2023",100,"yes",26,0.745562130177515,1.45083656701905,0.129699292279955
"2418",2023,"22/02/2023","Coral Sea","Northern Coral Sea","Josie","Osprey","Osprey 1","1","Crest",3,1.9,2,0,17,"20",100,"Osprey 1 Crest 3 2023",100,"yes",17,0.664359861591695,1.21819507241804,0.12798409250259
"2419",2023,"25/02/2023","Coral Sea","Northern Coral Sea","Josie","Boot","Boot 4","4","Slope",1,2.5,2.5,7,48,"60",100,"Boot 4 Slope 1 2023",100,"yes",48,0.777777777777778,1.7667747947842,0.118674688202887
"2420",2023,"25/02/2023","Coral Sea","Northern Coral Sea","Josie","Boot","Boot 4","4","Slope",2,2.5,2.5,4,26,"45-60",100,"Boot 4 Slope 2 2023",100,"yes",26,0.739644970414201,1.59671844554477,0.134910518510681
"2421",2023,"25/02/2023","Coral Sea","Northern Coral Sea","Josie","Boot","Boot 4","4","Slope",3,2,2,16,15,"45",100,"Boot 4 Slope 3 2023",100,"yes",15,0.782222222222222,1.63970635741561,0.11696024590104
"2422",2023,"25/02/2023","Coral Sea","Northern Coral Sea","Josie","Boot","Boot 4","4","Crest",1,3.7,1,0,23,"15",100,"Boot 4 Crest 1 2023",100,"yes",23,0.570888468809074,1.11896001862898,0.104596106155941
"2423",2023,"25/02/2023","Coral Sea","Northern Coral Sea","Josie","Boot","Boot 4","4","Crest",2,3.6,1,2,18,"0",110,"Boot 4 Crest 2 2023",110,"yes",18,0.740740740740741,1.45935941234753,0.133254572115382
"2424",2023,"25/02/2023","Coral Sea","Northern Coral Sea","Josie","Boot","Boot 4","4","Crest",3,4.2,1,3,9,"10",100,"Boot 4 Crest 3 2023",100,"yes",9,0.765432098765432,1.52295506753132,0.121772630801884
"2425",2023,"25/02/2023","Coral Sea","Northern Coral Sea","Josie","Boot","Boot 5","5","Slope",1,9.2,3.5,16,16,"35",100,"Boot 5 Slope 1 2023",88,"yes",16,0.828125,1.84074872856928,0.173655513442635
"2426",2023,"25/02/2023","Coral Sea","Northern Coral Sea","Josie","Boot","Boot 5","5","Slope",2,7.8,3.5,11,21,"35",100,"Boot 5 Slope 2 2023",109,"yes",21,0.707482993197279,1.52705266436988,0.130038546304953
"2427",2023,"25/02/2023","Coral Sea","Northern Coral Sea","Josie","Boot","Boot 5","5","Slope",3,7.7,3,9,24,"30",100,"Boot 5 Slope 3 2023",84,"yes",24,0.6875,1.48477641027018,0.104067301224964
"2428",2023,"25/02/2023","Coral Sea","Northern Coral Sea","Josie","Boot","Boot 5","5","Crest",1,2.8,1.5,0,20,"0",100,"Boot 5 Crest 1 2023",100,"yes",20,0.72,1.4956157801725,0.117327803345179
"2429",2023,"25/02/2023","Coral Sea","Northern Coral Sea","Josie","Boot","Boot 5","5","Crest",2,2.8,1.5,0,19,"0",100,"Boot 5 Crest 2 2023",100,"yes",19,0.659279778393352,1.17850528217538,0.119096748345769
"2430",2023,"25/02/2023","Coral Sea","Northern Coral Sea","Josie","Boot","Boot 5","5","Crest",3,2.5,1.5,1,17,"0",100,"Boot 5 Crest 3 2023",100,"yes",17,0.678200692041522,1.38128852666744,0.113290628425812
"2431",2023,"26/02/2023","Coral Sea","Northern Coral Sea","Josie","Boot","Boot 6","6","Slope",1,9,2,0,50,"60",100,"Boot 6 Slope 1 2023",100,"yes",50,0.7768,1.70623111955194,0.154399351141207
"2432",2023,"26/02/2023","Coral Sea","Northern Coral Sea","Josie","Boot","Boot 6","6","Slope",2,9.2,2,0,40,"60",100,"Boot 6 Slope 2 2023",100,"yes",40,0.80875,1.80475135024539,0.136681635477821
"2433",2023,"26/02/2023","Coral Sea","Northern Coral Sea","Josie","Boot","Boot 6","6","Slope",3,8.5,2,0,31,"60",100,"Boot 6 Slope 3 2023",100,"yes",31,0.751300728407909,1.51164035084572,0.116255427904774
"2434",2023,"26/02/2023","Coral Sea","Northern Coral Sea","Josie","Boot","Boot 6","6","Crest",1,3.8,1.5,0,13,"10",100,"Boot 6 Crest 1 2023",100,"yes",13,0.757396449704142,1.5857708352081,0.111739169180717
"2435",2023,"26/02/2023","Coral Sea","Northern Coral Sea","Josie","Boot","Boot 6","6","Crest",2,4.3,1.5,0,8,"5",100,"Boot 6 Crest 2 2023",100,"yes",8,0.6875,1.38629436111989,0.0975147726977066
"2436",2023,"26/02/2023","Coral Sea","Northern Coral Sea","Josie","Boot","Boot 6","6","Crest",3,3.9,1,0,5,"5",100,"Boot 6 Crest 3 2023",100,"yes",5,0.64,1.05492016798614,0.10353471693191
"2437",2023,"26/02/2023","Coral Sea","Northern Coral Sea","Josie","Boot","Boot 7","7","Slope",1,9.1,2.5,2,39,"70",100,"Boot 7 Slope 1 2023",100,"yes",39,0.750821827744905,1.65660251852841,0.118446368322498
"2438",2023,"26/02/2023","Coral Sea","Northern Coral Sea","Josie","Boot","Boot 7","7","Slope",2,8.9,2,2,26,"60",100,"Boot 7 Slope 2 2023",100,"yes",26,0.804733727810651,1.70436247978861,0.150577263696036
"2439",2023,"26/02/2023","Coral Sea","Northern Coral Sea","Josie","Boot","Boot 7","7","Slope",3,9.2,2.5,3,11,"50",100,"Boot 7 Slope 3 2023",100,"yes",11,0.809917355371901,1.72019345921983,0.122755857363958
"2440",2023,"26/02/2023","Coral Sea","Northern Coral Sea","Josie","Boot","Boot 7","7","Crest",1,3.3,2,1,36,"5",100,"Boot 7 Crest 1 2023",100,"yes",36,0.700617283950617,1.40937692860216,0.118172011277721
"2441",2023,"26/02/2023","Coral Sea","Northern Coral Sea","Josie","Boot","Boot 7","7","Crest",2,4.3,2,0,31,"10",100,"Boot 7 Crest 2 2023",100,"yes",31,0.772112382934443,1.60434281925926,0.140745887897893
"2442",2023,"26/02/2023","Coral Sea","Northern Coral Sea","Josie","Boot","Boot 7","7","Crest",3,3.8,1.5,0,31,"0",100,"Boot 7 Crest 3 2023",100,"yes",31,0.77003121748179,1.62122179163876,0.13570762042338
"2443",2023,"26/02/2023","Coral Sea","Northern Coral Sea","Josie","Boot","Boot 8","8","Slope",1,4.4,3,2,13,"30",100,"Boot 8 Slope 1 2023",100,"yes",13,0.792899408284024,1.67159527802125,0.163652003517756
"2444",2023,"26/02/2023","Coral Sea","Northern Coral Sea","Josie","Boot","Boot 8","8","Slope",2,4.8,3.5,2,27,"30",100,"Boot 8 Slope 2 2023",100,"yes",27,0.666666666666667,1.37267153332346,0.153145240486317
"2445",2023,"26/02/2023","Coral Sea","Northern Coral Sea","Josie","Boot","Boot 8","8","Slope",3,3.8,1,0,14,"10",100,"Boot 8 Slope 3 2023",100,"yes",14,0.795918367346939,1.67311836264325,0.109100150639186
"2446",2023,"27/02/2023","Coral Sea","Northern Coral Sea","Josie","Ashmore","Ashmore 8","8","Slope",1,9,2,6,31,"60",100,"Ashmore 8 Slope 1 2023",100,"yes",31,0.772112382934443,1.53912252006996,0.109259363141584
"2447",2023,"27/02/2023","Coral Sea","Northern Coral Sea","Josie","Ashmore","Ashmore 8","8","Slope",2,9.1,2.5,4,22,"60",100,"Ashmore 8 Slope 2 2023",100,"yes",22,0.723140495867769,1.51652181869176,0.0982020255204282
"2448",2023,"27/02/2023","Coral Sea","Northern Coral Sea","Josie","Ashmore","Ashmore 8","8","Slope",3,9.3,2.5,12,34,"60",100,"Ashmore 8 Slope 3 2023",100,"yes",34,0.72318339100346,1.45284455822075,0.126125145817225
"2449",2023,"27/02/2023","Coral Sea","Northern Coral Sea","Josie","Ashmore","Ashmore 8","8","Crest",1,4.9,0.5,1,1,"0",100,"Ashmore 8 Crest 1 2023",100,"yes",1,0,0,0
"2450",2023,"27/02/2023","Coral Sea","Northern Coral Sea","Josie","Ashmore","Ashmore 8","8","Crest",2,4.5,0.5,3,7,"0",100,"Ashmore 8 Crest 2 2023",100,"yes",7,0.693877551020408,1.27703425946614,0.123548906017345
"2451",2023,"27/02/2023","Coral Sea","Northern Coral Sea","Josie","Ashmore","Ashmore 8","8","Crest",3,4.9,0.5,0,4,"0",100,"Ashmore 8 Crest 3 2023",100,"yes",4,0.375,0.562335144618808,0.0617582366401238
"2452",2023,"27/02/2023","Coral Sea","Northern Coral Sea","Josie","Ashmore","Ashmore 9","9","Slope",1,9,2.5,2,48,"70",100,"Ashmore 9 Slope 1 2023",100,"yes",48,0.776909722222222,1.64227123420919,0.116434871559233
"2453",2023,"27/02/2023","Coral Sea","Northern Coral Sea","Josie","Ashmore","Ashmore 9","9","Slope",2,8.2,2,6,42,"50",100,"Ashmore 9 Slope 2 2023",100,"yes",42,0.786848072562358,1.65693750199607,0.12545383879777
"2454",2023,"27/02/2023","Coral Sea","Northern Coral Sea","Josie","Ashmore","Ashmore 9","9","Slope",3,8.9,2,1,45,"60",100,"Ashmore 9 Slope 3 2023",100,"yes",45,0.793086419753086,1.72081160330377,0.122962697015341
"2455",2023,"27/02/2023","Coral Sea","Northern Coral Sea","Josie","Ashmore","Ashmore 9","9","Crest",1,3.9,2,0,39,"0",90,"Ashmore 9 Crest 1 2023",90,"yes",39,0.813938198553583,1.78267681855423,0.13519224294406
"2456",2023,"27/02/2023","Coral Sea","Northern Coral Sea","Josie","Ashmore","Ashmore 9","9","Crest",2,4.3,2,0,46,"0",100,"Ashmore 9 Crest 2 2023",100,"yes",46,0.723062381852552,1.50756844569294,0.0815528143488623
"2457",2023,"27/02/2023","Coral Sea","Northern Coral Sea","Josie","Ashmore","Ashmore 9","9","Crest",3,4.6,2,0,28,"0",100,"Ashmore 9 Crest 3 2023",100,"yes",28,0.801020408163265,1.7474717056309,0.113786118190111
"2458",2023,"28/02/2023","Coral Sea","Northern Coral Sea","Josie","Ashmore","Ashmore 7","7","Slope",1,6,4,5,34,"10",100,"Ashmore 7 Slope 1 2023",100,"yes",34,0.572664359861592,1.04483705713881,0.0943615465272892
"2459",2023,"28/02/2023","Coral Sea","Northern Coral Sea","Josie","Ashmore","Ashmore 7","7","Slope",2,5.2,3.5,9,21,"10",100,"Ashmore 7 Slope 2 2023",100,"yes",21,0.766439909297052,1.59498179739011,0.138904463350197
"2460",2023,"28/02/2023","Coral Sea","Northern Coral Sea","Josie","Ashmore","Ashmore 7","7","Slope",3,3.9,4,1,24,"10",100,"Ashmore 7 Slope 3 2023",100,"yes",24,0.763888888888889,1.51710639706103,0.105251058247742
"2461",2023,"28/02/2023","Coral Sea","Northern Coral Sea","Josie","Ashmore","Ashmore 7","7","Crest",1,1.7,2.5,3,26,"20",100,"Ashmore 7 Crest 1 2023",100,"yes",26,0.56508875739645,1.06229883243951,0.127872484515888
"2462",2023,"28/02/2023","Coral Sea","Northern Coral Sea","Josie","Ashmore","Ashmore 7","7","Crest",2,1.6,2.5,0,21,"0",110,"Ashmore 7 Crest 2 2023",110,"yes",21,0.308390022675737,0.486912709464602,0.0456388300789319
"2463",2023,"28/02/2023","Coral Sea","Northern Coral Sea","Josie","Ashmore","Ashmore 7","7","Crest",3,1.6,2.5,0,19,"0",100,"Ashmore 7 Crest 3 2023",100,"yes",19,0.725761772853186,1.43010300495976,0.142161562482545
"2464",2023,"3/03/2023","Coral Sea","Northern Coral Sea","Josie","Ashmore","Ashmore 10","10","Slope",1,9.7,4,8,31,"40",100,"Ashmore 10 Slope 1 2023",100,"yes",31,0.516129032258065,1.14797291423381,0.0594742793711054
"2465",2023,"3/03/2023","Coral Sea","Northern Coral Sea","Josie","Ashmore","Ashmore 10","10","Slope",2,8.2,4,13,42,"40",100,"Ashmore 10 Slope 2 2023",100,"yes",42,0.71655328798186,1.45800842327646,0.0922522098996401
"2466",2023,"3/03/2023","Coral Sea","Northern Coral Sea","Josie","Ashmore","Ashmore 10","10","Slope",3,8.6,4,11,47,"40",100,"Ashmore 10 Slope 3 2023",100,"yes",47,0.72883657763694,1.48136325266641,0.0929700111588941
"2467",2023,"03/03/2023","Coral Sea","Northern Coral Sea","Josie","Ashmore","Ashmore 10","10","Crest",1,3.3,3,2,30,"10",100,"Ashmore 10 Crest 1 2023",100,"yes",30,0.808888888888889,1.7683497721514,0.105987207929572
"2468",2023,"03/03/2023","Coral Sea","Northern Coral Sea","Josie","Ashmore","Ashmore 10","10","Crest",2,2.9,3.5,3,21,"10",100,"Ashmore 10 Crest 2 2023",100,"yes",21,0.72562358276644,1.34104259083922,0.0977174159197045
"2469",2023,"03/03/2023","Coral Sea","Northern Coral Sea","Josie","Ashmore","Ashmore 10","10","Crest",3,2.4,3.5,0,19,"10",100,"Ashmore 10 Crest 3 2023",100,"yes",19,0.692520775623269,1.3653689861333,0.0860676908738299
"2470",2023,"3/03/2023","Coral Sea","Northern Coral Sea","Josie","Ashmore","Ashmore 11","11","Slope",1,8.7,3,1,32,"70",100,"Ashmore 11 Slope 1 2023",100,"yes",32,0.791015625,1.64537761424372,0.119788047624882
"2471",2023,"3/03/2023","Coral Sea","Northern Coral Sea","Josie","Ashmore","Ashmore 11","11","Slope",2,9.2,3.5,1,26,"30",100,"Ashmore 11 Slope 2 2023",100,"yes",26,0.748520710059172,1.53777654970671,0.0893204758858501
"2472",2023,"3/03/2023","Coral Sea","Northern Coral Sea","Josie","Ashmore","Ashmore 11","11","Slope",3,8.5,3.5,0,33,"60",100,"Ashmore 11 Slope 3 2023",100,"yes",33,0.743801652892562,1.49985194772921,0.0980188327752134
"2473",2023,"03/03/2023","Coral Sea","Northern Coral Sea","Josie","Ashmore","Ashmore 11","11","Crest",1,2.6,2.5,2,26,"10",100,"Ashmore 11 Crest 1 2023",100,"yes",26,0.751479289940828,1.48403065230195,0.0900936866053752
"2474",2023,"03/03/2023","Coral Sea","Northern Coral Sea","Josie","Ashmore","Ashmore 11","11","Crest",2,1.6,3.5,3,18,"20",100,"Ashmore 11 Crest 2 2023",100,"yes",18,0.561728395061728,1.03990954643052,0.0640189321070485
"2475",2023,"03/03/2023","Coral Sea","Northern Coral Sea","Josie","Ashmore","Ashmore 11","11","Crest",3,1.4,3,4,27,"0",100,"Ashmore 11 Crest 3 2023",100,"yes",27,0.672153635116598,1.40463620804032,0.0847463808699345
"2476",2023,"4/03/2023","Coral Sea","Northern Coral Sea","Josie","Ashmore","Ashmore 12","12","Slope",1,8.7,2.5,3,57,"40",100,"Ashmore 12 Slope 1 2023",100,"yes",57,0.77254539858418,1.66287903271289,0.104372486629103
"2477",2023,"4/03/2023","Coral Sea","Northern Coral Sea","Josie","Ashmore","Ashmore 12","12","Slope",2,9.3,3,7,45,"60",100,"Ashmore 12 Slope 2 2023",100,"yes",45,0.794074074074074,1.69497545088952,0.134328746839359
"2478",2023,"4/03/2023","Coral Sea","Northern Coral Sea","Josie","Ashmore","Ashmore 12","12","Slope",3,9.5,2.5,9,38,"70",100,"Ashmore 12 Slope 3 2023",100,"yes",38,0.746537396121884,1.51849414937005,0.107265425490934
"2479",2023,"04/03/2023","Coral Sea","Northern Coral Sea","Josie","Ashmore","Ashmore 12","12","Crest",1,4.5,1.5,2,38,"0",100,"Ashmore 12 Crest 1 2023",100,"yes",38,0.686980609418283,1.35657758008886,0.0873927247964952
"2480",2023,"04/03/2023","Coral Sea","Northern Coral Sea","Josie","Ashmore","Ashmore 12","12","Crest",2,4,1.5,1,36,"0",100,"Ashmore 12 Crest 2 2023",100,"yes",36,0.70679012345679,1.36688688907015,0.0738480618451971
"2481",2023,"04/03/2023","Coral Sea","Northern Coral Sea","Josie","Ashmore","Ashmore 12","12","Crest",3,4.3,1.5,0,40,"0",100,"Ashmore 12 Crest 3 2023",100,"yes",40,0.7575,1.56580471031615,0.104703595854108
"2482",2023,"4/03/2023","Coral Sea","Northern Coral Sea","Josie","Ashmore","Ashmore 13","13","Slope",1,8.9,3.5,9,21,"60",100,"Ashmore 13 Slope 1 2023",100,"yes",21,0.775510204081633,1.54323352501706,0.157806243769026
"2483",2023,"4/03/2023","Coral Sea","Northern Coral Sea","Josie","Ashmore","Ashmore 13","13","Slope",2,8.9,3.5,5,10,"60",100,"Ashmore 13 Slope 2 2023",100,"yes",10,0.8,1.69574253416963,0.118243194360182
"2484",2023,"4/03/2023","Coral Sea","Northern Coral Sea","Josie","Ashmore","Ashmore 13","13","Slope",3,9.5,3.5,5,27,"60",100,"Ashmore 13 Slope 3 2023",100,"yes",27,0.727023319615912,1.39145838696834,0.0904336163209976
"2485",2023,"04/03/2023","Coral Sea","Northern Coral Sea","Josie","Ashmore","Ashmore 13","13","Crest",1,3.5,1.5,0,37,"10",100,"Ashmore 13 Crest 1 2023",100,"yes",37,0.772826880934989,1.5871545187349,0.123461666461396
"2486",2023,"04/03/2023","Coral Sea","Northern Coral Sea","Josie","Ashmore","Ashmore 13","13","Crest",2,3.3,1.5,0,26,"10",100,"Ashmore 13 Crest 2 2023",100,"yes",26,0.724852071005917,1.3908886647156,0.12224497861786
"2487",2023,"04/03/2023","Coral Sea","Northern Coral Sea","Josie","Ashmore","Ashmore 13","13","Crest",3,3.2,1.5,2,39,"10",100,"Ashmore 13 Crest 3 2023",100,"yes",39,0.712689020381328,1.47643968948841,0.125679613632628
"2488",2023,"5/03/2023","Coral Sea","Northern Coral Sea","Josie","Ashmore","Ashmore 14","14","Slope",1,9.6,2.5,1,53,"10",100,"Ashmore 14 Slope 1 2023",100,"yes",53,0.735493058027768,1.58726221315512,0.101366123679856
"2489",2023,"5/03/2023","Coral Sea","Northern Coral Sea","Josie","Ashmore","Ashmore 14","14","Slope",2,9.7,2.5,2,48,"20",100,"Ashmore 14 Slope 2 2023",100,"yes",48,0.753472222222222,1.63557245884044,0.106244501112358
"2490",2023,"5/03/2023","Coral Sea","Northern Coral Sea","Josie","Ashmore","Ashmore 14","14","Slope",3,9.2,2.5,5,43,"20",100,"Ashmore 14 Slope 3 2023",100,"yes",43,0.660897782585181,1.32815007126395,0.0974044498972285
"2491",2023,"05/03/2023","Coral Sea","Northern Coral Sea","Josie","Ashmore","Ashmore 14","14","Crest",1,5.4,1.5,0,43,"0",100,"Ashmore 14 Crest 1 2023",100,"yes",43,0.759329367225527,1.62134204052073,0.106774700613743
"2492",2023,"05/03/2023","Coral Sea","Northern Coral Sea","Josie","Ashmore","Ashmore 14","14","Crest",2,5.4,1.5,0,43,"0",100,"Ashmore 14 Crest 2 2023",100,"yes",43,0.731206057328285,1.54511305719199,0.10771710207729
"2493",2023,"05/03/2023","Coral Sea","Northern Coral Sea","Josie","Ashmore","Ashmore 14","14","Crest",3,5.8,1.5,0,43,"0",100,"Ashmore 14 Crest 3 2023",100,"yes",43,0.750676041103299,1.52492909253766,0.114066435234302
"2494",2023,"5/03/2023","Coral Sea","Northern Coral Sea","Josie","Ashmore","Ashmore 15","15","Slope",1,9.3,3,3,34,"20",100,"Ashmore 15 Slope 1 2023",100,"yes",34,0.678200692041522,1.39089651941754,0.103357710544414
"2495",2023,"5/03/2023","Coral Sea","Northern Coral Sea","Josie","Ashmore","Ashmore 15","15","Slope",2,9.2,2.5,7,35,"20",100,"Ashmore 15 Slope 2 2023",100,"yes",35,0.636734693877551,1.21294765069882,0.101082727186632
"2496",2023,"5/03/2023","Coral Sea","Northern Coral Sea","Josie","Ashmore","Ashmore 15","15","Slope",3,8.5,2.5,4,26,"20",100,"Ashmore 15 Slope 3 2023",100,"yes",26,0.683431952662722,1.32072259008138,0.093315324905133
"2497",2023,"05/03/2023","Coral Sea","Northern Coral Sea","Josie","Ashmore","Ashmore 15","15","Crest",1,4.6,2,0,45,"0",100,"Ashmore 15 Crest 1 2023",100,"yes",45,0.730864197530864,1.46959047511006,0.0914738279103034
"2498",2023,"05/03/2023","Coral Sea","Northern Coral Sea","Josie","Ashmore","Ashmore 15","15","Crest",2,4.5,2,1,38,"0",100,"Ashmore 15 Crest 2 2023",100,"yes",38,0.74792243767313,1.50015712608116,0.113651653280997
"2499",2023,"05/03/2023","Coral Sea","Northern Coral Sea","Josie","Ashmore","Ashmore 15","15","Crest",3,4.2,2,1,35,"0",100,"Ashmore 15 Crest 3 2023",100,"yes",35,0.706938775510204,1.33411902313682,0.082942130056061
"2500",2023,"6/03/2023","Coral Sea","Northern Coral Sea","Josie","Ashmore","Ashmore 16","16","Slope",1,9.2,2.5,3,36,"60",100,"Ashmore 16 Slope 1 2023",100,"yes",36,0.757716049382716,1.59955046308007,0.122385703793158
"2501",2023,"6/03/2023","Coral Sea","Northern Coral Sea","Josie","Ashmore","Ashmore 16","16","Slope",2,8.7,3,1,34,"60",100,"Ashmore 16 Slope 2 2023",100,"yes",34,0.782006920415225,1.68217884914992,0.127938346696045
"2502",2023,"6/03/2023","Coral Sea","Northern Coral Sea","Josie","Ashmore","Ashmore 16","16","Slope",3,9,2.5,1,32,"70",100,"Ashmore 16 Slope 3 2023",100,"yes",32,0.712890625,1.44423719206036,0.120811593196378
"2503",2023,"06/03/2023","Coral Sea","Northern Coral Sea","Josie","Ashmore","Ashmore 16","16","Crest",1,3.5,1.5,0,29,"0",100,"Ashmore 16 Crest 1 2023",100,"yes",29,0.746730083234245,1.56611113863279,0.111066663356083
"2504",2023,"06/03/2023","Coral Sea","Northern Coral Sea","Josie","Ashmore","Ashmore 16","16","Crest",2,3.6,2,0,54,"0",100,"Ashmore 16 Crest 2 2023",100,"yes",54,0.762688614540466,1.55846052118817,0.088157457049301
"2505",2023,"06/03/2023","Coral Sea","Northern Coral Sea","Josie","Ashmore","Ashmore 16","16","Crest",3,2.9,2.5,0,67,"0",100,"Ashmore 16 Crest 3 2023",100,"yes",67,0.689240365337492,1.35366113386346,0.0737287812812368
"2506",2023,"7/03/2023","Coral Sea","Northern Coral Sea","Josie","Ashmore","Ashmore 17","17","Slope",1,9.1,3.5,6,57,"70",100,"Ashmore 17 Slope 1 2023",100,"yes",57,0.656817482302247,1.35087336636374,0.0572650609176083
"2507",2023,"7/03/2023","Coral Sea","Northern Coral Sea","Josie","Ashmore","Ashmore 17","17","Slope",2,8.7,3.5,5,42,"70",100,"Ashmore 17 Slope 2 2023",100,"yes",42,0.760770975056689,1.65328342513531,0.0881007381029452
"2508",2023,"7/03/2023","Coral Sea","Northern Coral Sea","Josie","Ashmore","Ashmore 17","17","Slope",3,8.8,3.5,11,41,"70",100,"Ashmore 17 Slope 3 2023",100,"yes",41,0.763831052944676,1.63440272321676,0.0862571605676438
"2509",2023,"07/03/2023","Coral Sea","Northern Coral Sea","Josie","Ashmore","Ashmore 17","17","Crest",1,2.9,4,4,50,"20",100,"Ashmore 17 Crest 1 2023",100,"yes",50,0.7528,1.59735660430369,0.12042729097865
"2510",2023,"07/03/2023","Coral Sea","Northern Coral Sea","Josie","Ashmore","Ashmore 17","17","Crest",2,3,3.5,3,45,"20",100,"Ashmore 17 Crest 2 2023",100,"yes",45,0.771358024691358,1.61382793900179,0.108498150398231
"2511",2023,"07/03/2023","Coral Sea","Northern Coral Sea","Josie","Ashmore","Ashmore 17","17","Crest",3,3.7,4,3,50,"20",100,"Ashmore 17 Crest 3 2023",100,"yes",50,0.6784,1.3841256155393,0.118313799138325
"2512",2023,"7/03/2023","Coral Sea","Northern Coral Sea","Josie","Ashmore","Ashmore 18","18","Slope",1,8.4,3.5,3,50,"60",100,"Ashmore 18 Slope 1 2023",100,"yes",50,0.8472,1.96731991902874,0.154536907733846
"2513",2023,"7/03/2023","Coral Sea","Northern Coral Sea","Josie","Ashmore","Ashmore 18","18","Slope",2,8.7,3,3,41,"60",100,"Ashmore 18 Slope 2 2023",100,"yes",41,0.765020820939917,1.51377676293994,0.091645094643324
"2514",2023,"7/03/2023","Coral Sea","Northern Coral Sea","Josie","Ashmore","Ashmore 18","18","Slope",3,8.9,3,2,53,"70",100,"Ashmore 18 Slope 3 2023",100,"yes",53,0.815948736205055,1.82087653415826,0.121470166771434
"2515",2023,"07/03/2023","Coral Sea","Northern Coral Sea","Josie","Ashmore","Ashmore 18","18","Crest",1,2.6,3,1,34,"10",100,"Ashmore 18 Crest 1 2023",100,"yes",34,0.697231833910035,1.43152933164913,0.107694334725234
"2516",2023,"07/03/2023","Coral Sea","Northern Coral Sea","Josie","Ashmore","Ashmore 18","18","Crest",2,2.8,3,0,33,"10",100,"Ashmore 18 Crest 2 2023",100,"yes",33,0.780532598714417,1.60318726491515,0.104088339758896
"2517",2023,"07/03/2023","Coral Sea","Northern Coral Sea","Josie","Ashmore","Ashmore 18","18","Crest",3,2.8,3,4,42,"10",100,"Ashmore 18 Crest 3 2023",100,"yes",42,0.73469387755102,1.45390278955491,0.103356340536277
"2518",2024,"9/02/2024","Lord Howe Marine Park","Elizabeth and Middleton","Josie","Elizabeth","Elizabeth 7","7","Slope",1,7.5,2,0,34,"10",100,"Elizabeth 7 Slope 1 2024",100,"yes",34,0.493079584775086,0.923115620733884,0.0852393505000972
"2519",2024,"9/02/2024","Lord Howe Marine Park","Elizabeth and Middleton","Josie","Elizabeth","Elizabeth 7","7","Slope",2,8.4,2.5,0,33,"20",100,"Elizabeth 7 Slope 2 2024",100,"yes",33,0.269972451790634,0.56930867810557,0.0475273997646675
"2520",2024,"9/02/2024","Lord Howe Marine Park","Elizabeth and Middleton","Josie","Elizabeth","Elizabeth 7","7","Slope",3,7.7,2,0,37,"20",100,"Elizabeth 7 Slope 3 2024",100,"yes",37,0.56245434623813,1.06470304210602,0.0944451011615157
"2521",2024,"09/02/2024","Lord Howe Marine Park","Elizabeth and Middleton","Josie","Elizabeth","Elizabeth 7","7","Crest",1,1.6,1,1,12,"2",100,"Elizabeth 7 Crest 1 2024",100,"yes",12,0.736111111111111,1.35797785498732,0.155642190997311
"2522",2024,"09/02/2024","Lord Howe Marine Park","Elizabeth and Middleton","Josie","Elizabeth","Elizabeth 7","7","Crest",2,1.4,1.5,4,30,"5",100,"Elizabeth 7 Crest 2 2024",100,"yes",30,0.788888888888889,1.64164377400354,0.124161935519774
"2523",2024,"09/02/2024","Lord Howe Marine Park","Elizabeth and Middleton","Josie","Elizabeth","Elizabeth 7","7","Crest",3,1,1.5,5,26,"10",100,"Elizabeth 7 Crest 3 2024",100,"yes",26,0.742603550295858,1.46941467130596,0.140710351845479
"2524",2024,"9/02/2024","Lord Howe Marine Park","Elizabeth and Middleton","Josie","Elizabeth","Elizabeth 6","8","Slope",1,5.2,2,0,7,"25",100,"Elizabeth 6 Slope 1 2024",100,"yes",7,0.571428571428571,0.955699891112534,0.100555996843001
"2525",2024,"9/02/2024","Lord Howe Marine Park","Elizabeth and Middleton","Josie","Elizabeth","Elizabeth 6","8","Slope",2,6,2.5,6,4,"25",100,"Elizabeth 6 Slope 2 2024",100,"yes",4,0.625,1.03972077083992,0.108555875517477
"2526",2024,"9/02/2024","Lord Howe Marine Park","Elizabeth and Middleton","Josie","Elizabeth","Elizabeth 6","8","Slope",3,7,2,5,5,"20",100,"Elizabeth 6 Slope 3 2024",100,"yes",5,0.48,0.673011667009257,0.0461574024911039
"2527",2024,"10/02/2024","Lord Howe Marine Park","Elizabeth and Middleton","Josie","Elizabeth","Elizabeth 6","6","Crest",1,3.4,1.5,14,13,"15",100,"Elizabeth 6 Crest 1 2024",100,"yes",13,0.698224852071006,1.37781950803903,0.127854686358436
"2528",2024,"10/02/2024","Lord Howe Marine Park","Elizabeth and Middleton","Josie","Elizabeth","Elizabeth 6","6","Crest",2,2.9,1.5,14,2,"10",100,"Elizabeth 6 Crest 2 2024",100,"yes",2,0.5,0.693147180559945,0.176017099941535
"2529",2024,"10/02/2024","Lord Howe Marine Park","Elizabeth and Middleton","Josie","Elizabeth","Elizabeth 6","6","Crest",3,3.1,1,16,10,"0",100,"Elizabeth 6 Crest 3 2024",100,"yes",10,0.74,1.47080847632211,0.103248912048092
"2530",2024,"10/02/2024","Lord Howe Marine Park","Elizabeth and Middleton","Josie","Elizabeth","Elizabeth 4","4","Slope",1,9.7,2,3,39,"10",100,"Elizabeth 4 Slope 1 2024",100,"yes",39,0.452333990795529,0.875499740298922,0.065859406032154
"2531",2024,"10/02/2024","Lord Howe Marine Park","Elizabeth and Middleton","Josie","Elizabeth","Elizabeth 4","4","Slope",2,9,2,5,49,"10",100,"Elizabeth 4 Slope 2 2024",100,"yes",49,0.457309454394003,0.917231610096496,0.0744244987355337
"2532",2024,"10/02/2024","Lord Howe Marine Park","Elizabeth and Middleton","Josie","Elizabeth","Elizabeth 4","4","Slope",3,9,2.5,2,43,"30",100,"Elizabeth 4 Slope 3 2024",100,"yes",43,0.584099513250406,1.0644172590814,0.0766257779016021
"2533",2024,"10/02/2024","Lord Howe Marine Park","Elizabeth and Middleton","Josie","Elizabeth","Elizabeth 4","4","Crest",1,3.8,1.5,9,30,"10",100,"Elizabeth 4 Crest 1 2024",100,"yes",30,0.744444444444444,1.46816265826246,0.151002175507099
"2534",2024,"10/02/2024","Lord Howe Marine Park","Elizabeth and Middleton","Josie","Elizabeth","Elizabeth 4","4","Crest",2,4.2,1.5,19,20,"10",100,"Elizabeth 4 Crest 2 2024",100,"yes",20,0.675,1.23534681162806,0.121548164957664
"2535",2024,"10/02/2024","Lord Howe Marine Park","Elizabeth and Middleton","Josie","Elizabeth","Elizabeth 4","4","Crest",3,3.9,1.5,7,29,"10",100,"Elizabeth 4 Crest 3 2024",100,"yes",29,0.74910820451843,1.45084403628539,0.151106562681244
"2536",2024,"10/02/2024","Lord Howe Marine Park","Elizabeth and Middleton","Josie","Elizabeth","Elizabeth 5a","5a","Slope",1,2.5,2.5,6,48,"30",100,"Elizabeth 5a Slope 1 2024",100,"yes",48,0.699652777777778,1.47806723677266,0.115489957443251
"2537",2024,"10/02/2024","Lord Howe Marine Park","Elizabeth and Middleton","Josie","Elizabeth","Elizabeth 5a","5a","Slope",2,3,3,3,54,"20",100,"Elizabeth 5a Slope 2 2024",100,"yes",54,0.61042524005487,1.11422191855022,0.100796351921872
"2538",2024,"10/02/2024","Lord Howe Marine Park","Elizabeth and Middleton","Josie","Elizabeth","Elizabeth 5a","5a","Slope",3,2.5,2.5,2,50,"60",100,"Elizabeth 5a Slope 3 2024",100,"yes",50,0.5024,0.942033681591062,0.0859756977949227
"2539",2024,"10/02/2024","Lord Howe Marine Park","Elizabeth and Middleton","Josie","Elizabeth","Elizabeth 5a","5a","Crest",1,3.5,2,2,35,"10",100,"Elizabeth 5a Crest 1 2024",100,"yes",35,0.680816326530612,1.19114690212591,0.136586409759611
"2540",2024,"10/02/2024","Lord Howe Marine Park","Elizabeth and Middleton","Josie","Elizabeth","Elizabeth 5a","5a","Crest",2,3,2.5,1,48,"10",100,"Elizabeth 5a Crest 2 2024",100,"yes",48,0.727430555555556,1.47568587627624,0.108695362312936
"2541",2024,"10/02/2024","Lord Howe Marine Park","Elizabeth and Middleton","Josie","Elizabeth","Elizabeth 5a","5a","Crest",3,1.5,3,0,56,"40",100,"Elizabeth 5a Crest 3 2024",100,"yes",56,0.713647959183674,1.35329108679674,0.127830587250916
"2542",2024,"10/02/2024","Lord Howe Marine Park","Elizabeth and Middleton","Josie","Elizabeth","Elizabeth 3a","3a","Slope",1,3.3,2.5,23,8,"10",100,"Elizabeth 3a Slope 1 2024",100,"yes",8,0.53125,0.900256051268537,0.0935433015560715
"2543",2024,"10/02/2024","Lord Howe Marine Park","Elizabeth and Middleton","Josie","Elizabeth","Elizabeth 3a","3a","Slope",2,4.1,2,13,9,"0",100,"Elizabeth 3a Slope 2 2024",100,"yes",9,0.691358024691358,1.27302833658963,0.167773819971213
"2544",2024,"10/02/2024","Lord Howe Marine Park","Elizabeth and Middleton","Josie","Elizabeth","Elizabeth 3a","3a","Slope",3,6,1.5,2,12,"0",100,"Elizabeth 3a Slope 3 2024",100,"yes",12,0.5,0.867563228481461,0.109860243495295
"2545",2024,"11/02/2024","Lord Howe Marine Park","Elizabeth and Middleton","Josie","Elizabeth","Elizabeth 3","3","Slope",1,10,3,17,45,"30",65,"Elizabeth 3 Slope 1 2024",65,"yes",45,0.528395061728395,1.02089446251093,0.10231521666118
"2546",2024,"11/02/2024","Lord Howe Marine Park","Elizabeth and Middleton","Josie","Elizabeth","Elizabeth 3","3","Slope",2,9.8,2.5,11,58,"30",73,"Elizabeth 3 Slope 2 2024",73,"yes",58,0.611177170035672,1.06990500440237,0.138087330449046
"2547",2024,"11/02/2024","Lord Howe Marine Park","Elizabeth and Middleton","Josie","Elizabeth","Elizabeth 3","3","Slope",3,9.6,3,9,54,"40",65,"Elizabeth 3 Slope 3 2024",65,"yes",54,0.583676268861454,1.11301694313961,0.114046990118631
"2548",2024,"11/02/2024","Lord Howe Marine Park","Elizabeth and Middleton","Josie","Elizabeth","Elizabeth 2","2","Slope",1,9.1,2,3,62,"10",100,"Elizabeth 2 Slope 1 2024",100,"yes",62,0.734131113423517,1.50350901737789,0.161883891562025
"2549",2024,"11/02/2024","Lord Howe Marine Park","Elizabeth and Middleton","Josie","Elizabeth","Elizabeth 2","2","Slope",2,9.4,2,6,66,"10",100,"Elizabeth 2 Slope 2 2024",100,"yes",66,0.713039485766758,1.43288753197147,0.176837001122983
"2550",2024,"11/02/2024","Lord Howe Marine Park","Elizabeth and Middleton","Josie","Elizabeth","Elizabeth 2","2","Slope",3,9.8,2.5,5,78,"20",100,"Elizabeth 2 Slope 3 2024",100,"yes",78,0.687047994740302,1.36485120285925,0.163740927528288
"2551",2024,"12/02/2024","Lord Howe Marine Park","Elizabeth and Middleton","Josie","Middleton","Middleton 2","2","Slope",1,9.5,1.5,4,18,"10",100,"Middleton 2 Slope 1 2024",100,"yes",18,0.728395061728395,1.42644443385828,0.15435494254077
"2552",2024,"12/02/2024","Lord Howe Marine Park","Elizabeth and Middleton","Josie","Middleton","Middleton 2","2","Slope",2,9.7,2,0,18,"5",100,"Middleton 2 Slope 2 2024",100,"yes",18,0.746913580246914,1.46097074772182,0.138905884613452
"2553",2024,"12/02/2024","Lord Howe Marine Park","Elizabeth and Middleton","Josie","Middleton","Middleton 2","2","Slope",3,10.1,2,0,26,"5",100,"Middleton 2 Slope 3 2024",100,"yes",26,0.733727810650888,1.48576169584387,0.139940096819874
"2554",2024,"12/02/2024","Lord Howe Marine Park","Elizabeth and Middleton","Josie","Middleton","Middleton 2","2","Crest",1,3.4,2,35,22,"10",100,"Middleton 2 Crest 1 2024",100,"yes",22,0.086776859504132,0.184907399167776,0.0111593904326787
"2555",2024,"12/02/2024","Lord Howe Marine Park","Elizabeth and Middleton","Josie","Middleton","Middleton 2","2","Crest",2,3,1.5,33,30,"20",100,"Middleton 2 Crest 2 2024",100,"yes",30,0.184444444444444,0.38873439022093,0.0235430263829406
"2556",2024,"12/02/2024","Lord Howe Marine Park","Elizabeth and Middleton","Josie","Middleton","Middleton 2","2","Crest",3,3,1.5,43,21,"10",100,"Middleton 2 Crest 3 2024",100,"yes",21,0.17687074829932,0.380506218477596,0.0250904926549531
"2557",2024,"12/02/2024","Lord Howe Marine Park","Elizabeth and Middleton","Josie","Middleton","Middleton 1","1","Slope",1,5.9,1.5,13,4,"10",100,"Middleton 1 Slope 1 2024",100,"yes",4,0.625,1.03972077083992,0.114315016625678
"2558",2024,"12/02/2024","Lord Howe Marine Park","Elizabeth and Middleton","Josie","Middleton","Middleton 1","1","Slope",2,5.3,1.5,22,2,"20",100,"Middleton 1 Slope 2 2024",100,"yes",2,0.5,0.693147180559945,0.0431445439993494
"2559",2024,"12/02/2024","Lord Howe Marine Park","Elizabeth and Middleton","Josie","Middleton","Middleton 1","1","Slope",3,6,1.5,24,1,"10",100,"Middleton 1 Slope 3 2024",100,"yes",1,0,0,0
"2560",2024,"12/02/2024","Lord Howe Marine Park","Elizabeth and Middleton","Josie","Middleton","Middleton 1","1","Crest",1,1.9,2.5,55,10,"10",100,"Middleton 1 Crest 1 2024",100,"yes",10,0,0,0
"2561",2024,"12/02/2024","Lord Howe Marine Park","Elizabeth and Middleton","Josie","Middleton","Middleton 1","1","Crest",2,1.1,2.5,55,14,"10",100,"Middleton 1 Crest 2 2024",100,"yes",14,0.13265306122449,0.257318640543832,0.034070877150041
"2562",2024,"12/02/2024","Lord Howe Marine Park","Elizabeth and Middleton","Josie","Middleton","Middleton 1","1","Crest",3,1.2,2.5,52,13,"10",100,"Middleton 1 Crest 3 2024",100,"yes",13,0.260355029585799,0.429323021930616,0.064053989740482
"2563",2024,"13/02/2024","Lord Howe Marine Park","Elizabeth and Middleton","Josie","Middleton","Middleton 10","10","Slope",1,8,2,23,9,"45",100,"Middleton 10 Slope 1 2024",100,"yes",9,0.666666666666667,1.21488965394912,0.104294521184328
"2564",2024,"13/02/2024","Lord Howe Marine Park","Elizabeth and Middleton","Josie","Middleton","Middleton 10","10","Slope",2,7.2,2.5,19,4,"20",100,"Middleton 10 Slope 2 2024",100,"yes",4,0.625,1.03972077083992,0.0995628242522702
"2565",2024,"13/02/2024","Lord Howe Marine Park","Elizabeth and Middleton","Josie","Middleton","Middleton 10","10","Slope",3,6.7,1.5,27,4,"20",100,"Middleton 10 Slope 3 2024",100,"yes",4,0.625,1.03972077083992,0.122637164555737
"2566",2024,"13/02/2024","Lord Howe Marine Park","Elizabeth and Middleton","Josie","Middleton","Middleton 5a","5a","Slope",1,10,1.5,2,26,"20",100,"Middleton 5a Slope 1 2024",100,"yes",26,0.677514792899408,1.27360118016146,0.109220955381779
"2567",2024,"13/02/2024","Lord Howe Marine Park","Elizabeth and Middleton","Josie","Middleton","Middleton 5a","5a","Slope",2,8.8,1.5,1,26,"20",100,"Middleton 5a Slope 2 2024",100,"yes",26,0.715976331360947,1.50527112078278,0.157572595233151
"2568",2024,"13/02/2024","Lord Howe Marine Park","Elizabeth and Middleton","Josie","Middleton","Middleton 5a","5a","Slope",3,9,1.5,2,34,"15",100,"Middleton 5a Slope 3 2024",100,"yes",34,0.716262975778547,1.48500354026779,0.169992129486742
"2569",2024,"13/02/2024","Lord Howe Marine Park","Elizabeth and Middleton","Josie","Middleton","Middleton 5a","5a","Crest",1,1.9,2,3,33,"10",100,"Middleton 5a Crest 1 2024",100,"yes",33,0.631772268135904,1.21319359594358,0.0880483953498616
"2570",2024,"13/02/2024","Lord Howe Marine Park","Elizabeth and Middleton","Josie","Middleton","Middleton 5a","5a","Crest",2,2.8,2,1,43,"20",100,"Middleton 5a Crest 2 2024",100,"yes",43,0.522444564629529,1.00255069882353,0.0710981038258153
"2571",2024,"13/02/2024","Lord Howe Marine Park","Elizabeth and Middleton","Josie","Middleton","Middleton 5a","5a","Crest",3,2.8,2,4,50,"80",100,"Middleton 5a Crest 3 2024",100,"yes",50,0.4288,0.91206455475888,0.0395538763492526
"2572",2024,"13/02/2024","Lord Howe Marine Park","Elizabeth and Middleton","Josie","Middleton","Middleton 4","4","Slope",1,8.9,3.5,1,36,"45",100,"Middleton 4 Slope 1 2024",100,"yes",36,0.549382716049383,1.09471225923857,0.0793334507339876
"2573",2024,"13/02/2024","Lord Howe Marine Park","Elizabeth and Middleton","Josie","Middleton","Middleton 4","4","Slope",2,8.1,3,6,47,"30",100,"Middleton 4 Slope 2 2024",100,"yes",47,0.617473970122227,1.25917919929791,0.0749876308873193
"2574",2024,"13/02/2024","Lord Howe Marine Park","Elizabeth and Middleton","Josie","Middleton","Middleton 4","4","Slope",3,10,3.5,5,44,"45",100,"Middleton 4 Slope 3 2024",100,"yes",44,0.408057851239669,0.789218968145061,0.044937884744308
"2575",2024,"13/02/2024","Lord Howe Marine Park","Elizabeth and Middleton","Josie","Middleton","Middleton 4","4","Crest",1,2.8,2.5,1,52,"40",100,"Middleton 4 Crest 1 2024",100,"yes",52,0.69008875739645,1.31323122558518,0.097096413619008
"2576",2024,"13/02/2024","Lord Howe Marine Park","Elizabeth and Middleton","Josie","Middleton","Middleton 4","4","Crest",2,2,2.5,5,39,"50",100,"Middleton 4 Crest 2 2024",100,"yes",39,0.577251808021039,1.15297578722782,0.0761919481929119
"2577",2024,"13/02/2024","Lord Howe Marine Park","Elizabeth and Middleton","Josie","Middleton","Middleton 4","4","Crest",3,2.8,2.5,1,40,"40",100,"Middleton 4 Crest 3 2024",100,"yes",40,0.7375,1.36093990693406,0.115509639734522
"2578",2024,"14/02/2024","Lord Howe Marine Park","Elizabeth and Middleton","Josie","Middleton","Middleton 8","8","Slope",1,9.4,1.5,0,45,"5",100,"Middleton 8 Slope 1 2024",100,"yes",45,0.778271604938272,1.65079599756699,0.178377956198591
"2579",2024,"14/02/2024","Lord Howe Marine Park","Elizabeth and Middleton","Josie","Middleton","Middleton 8","8","Slope",2,9.2,2,5,29,"20",100,"Middleton 8 Slope 2 2024",100,"yes",29,0.772889417360285,1.5888624873179,0.170082815193335
"2580",2024,"14/02/2024","Lord Howe Marine Park","Elizabeth and Middleton","Josie","Middleton","Middleton 8","8","Slope",3,9.5,2.5,8,37,"20",100,"Middleton 8 Slope 3 2024",100,"yes",37,0.742147552958364,1.55976812254285,0.166000966075625
"2581",2024,"14/02/2024","Lord Howe Marine Park","Elizabeth and Middleton","Josie","Middleton","Middleton 8","8","Crest",1,3.3,1.5,4,32,"5",100,"Middleton 8 Crest 1 2024",100,"yes",32,0.40625,0.735621939758795,0.07092497654093
"2582",2024,"14/02/2024","Lord Howe Marine Park","Elizabeth and Middleton","Josie","Middleton","Middleton 8","8","Crest",2,3.3,1.5,1,22,"5",100,"Middleton 8 Crest 2 2024",100,"yes",22,0.628099173553719,1.22004671582964,0.116524820828069
"2583",2024,"14/02/2024","Lord Howe Marine Park","Elizabeth and Middleton","Josie","Middleton","Middleton 8","8","Crest",3,3.3,1.5,0,21,"5",100,"Middleton 8 Crest 3 2024",100,"yes",21,0.494331065759637,0.901951381686084,0.0527514294824192
"2584",2024,"14/02/2024","Lord Howe Marine Park","Elizabeth and Middleton","Josie","Middleton","Middleton 6","6","Slope",1,11.4,2.5,1,41,"10",100,"Middleton 6 Slope 1 2024",100,"yes",41,0.552052349791791,1.07369309149438,0.0947705440271482
"2585",2024,"14/02/2024","Lord Howe Marine Park","Elizabeth and Middleton","Josie","Middleton","Middleton 6","6","Slope",2,10.7,2.5,1,35,"0",100,"Middleton 6 Slope 2 2024",100,"yes",35,0.813061224489796,1.85080487180189,0.145661887083528
"2586",2024,"14/02/2024","Lord Howe Marine Park","Elizabeth and Middleton","Josie","Middleton","Middleton 6","6","Slope",3,9.7,2,0,46,"45",100,"Middleton 6 Slope 3 2024",100,"yes",46,0.793950850661626,1.71038364791746,0.132872553142702
"2587",2024,"17/02/2024","Coral Sea","Southern Coral Sea","Josie","Cato","Cato 3","3","Slope",1,9.2,3.5,0,33,"90",100,"Cato 3 Slope 1 2024",100,"yes",33,0.585858585858586,1.07863380376851,0.0537442835071405
"2588",2024,"17/02/2024","Coral Sea","Southern Coral Sea","Josie","Cato","Cato 3","3","Slope",2,8.7,3.5,0,29,"90",100,"Cato 3 Slope 2 2024",100,"yes",29,0.573127229488704,1.0435968477183,0.054822816630774
"2589",2024,"17/02/2024","Coral Sea","Southern Coral Sea","Josie","Cato","Cato 3","3","Slope",3,6.9,3.5,0,28,"80",100,"Cato 3 Slope 3 2024",100,"yes",28,0.573979591836735,1.12906978208364,0.0425222501010902
"2590",2024,"17/02/2024","Coral Sea","Southern Coral Sea","Josie","Cato","Cato 3","3","Crest",1,2.5,3,2,38,"90",100,"Cato 3 Crest 1 2024",100,"yes",38,0.739612188365651,1.59391283631927,0.0984524527712409
"2591",2024,"17/02/2024","Coral Sea","Southern Coral Sea","Josie","Cato","Cato 3","3","Crest",2,2.5,3,25,39,"90",100,"Cato 3 Crest 2 2024",100,"yes",39,0.500986193293886,1.13300636638718,0.058761249791563
"2592",2024,"17/02/2024","Coral Sea","Southern Coral Sea","Josie","Cato","Cato 3","3","Crest",3,2.2,3,30,27,"90",100,"Cato 3 Crest 3 2024",100,"yes",27,0.56241426611797,1.13317258746509,0.0493760564410279
"2593",2024,"17/02/2024","Coral Sea","Southern Coral Sea","Josie","Cato","Cato 1","1","Slope",1,5.9,2.5,0,12,"110",100,"Cato 1 Slope 1 2024",100,"yes",12,0.722222222222222,1.42412991734677,0.116055022196516
"2594",2024,"17/02/2024","Coral Sea","Southern Coral Sea","Josie","Cato","Cato 1","1","Slope",2,8.8,3,0,38,"80",100,"Cato 1 Slope 2 2024",100,"yes",38,0.731301939058172,1.39965488898198,0.107053838731131
"2595",2024,"17/02/2024","Coral Sea","Southern Coral Sea","Josie","Cato","Cato 1","1","Slope",3,8,3,0,15,"90",100,"Cato 1 Slope 3 2024",100,"yes",15,0.737777777777778,1.36244748519163,0.10106645439185
"2596",2024,"17/02/2024","Coral Sea","Southern Coral Sea","Josie","Cato","Cato 1","1","Crest",1,1.9,2,0,44,"110",100,"Cato 1 Crest 1 2024",100,"yes",44,0.698347107438017,1.43266183975748,0.0875101963461297
"2597",2024,"17/02/2024","Coral Sea","Southern Coral Sea","Josie","Cato","Cato 1","1","Crest",2,1.4,1.5,0,28,"110",100,"Cato 1 Crest 2 2024",100,"yes",28,0.637755102040816,1.1889556170724,0.0933065634402259
"2598",2024,"17/02/2024","Coral Sea","Southern Coral Sea","Josie","Cato","Cato 1","1","Crest",3,1.8,2.5,1,27,"110",100,"Cato 1 Crest 3 2024",100,"yes",27,0.622770919067215,1.16587549973812,0.0885531662050765
"2599",2024,"17/02/2024","Coral Sea","Southern Coral Sea","Josie","Cato","Cato 2","2","Slope",1,8.2,4,0,34,"60",100,"Cato 2 Slope 1 2024",100,"yes",34,0.759515570934256,1.59246758060081,0.165398973219787
"2600",2024,"17/02/2024","Coral Sea","Southern Coral Sea","Josie","Cato","Cato 2","2","Slope",2,8.4,4,0,49,"70",100,"Cato 2 Slope 2 2024",100,"yes",49,0.763015410245731,1.56573643768999,0.127311394211512
"2601",2024,"17/02/2024","Coral Sea","Southern Coral Sea","Josie","Cato","Cato 2","2","Slope",3,8.1,4,0,53,"70",100,"Cato 2 Slope 3 2024",100,"yes",53,0.702741189035244,1.42573324877544,0.135132153273222
"2602",2024,"17/02/2024","Coral Sea","Southern Coral Sea","Josie","Cato","Cato 2","2","Crest",1,2,2,0,41,"80",100,"Cato 2 Crest 1 2024",100,"yes",41,0.588935157644259,1.07343612878965,0.129768528899989
"2603",2024,"17/02/2024","Coral Sea","Southern Coral Sea","Josie","Cato","Cato 2","2","Crest",2,2.3,2.5,0,31,"80",100,"Cato 2 Crest 2 2024",100,"yes",31,0.468262226847034,0.921392218294955,0.0732960516729174
"2604",2024,"17/02/2024","Coral Sea","Southern Coral Sea","Josie","Cato","Cato 2","2","Crest",3,1.8,2,0,41,"70",100,"Cato 2 Crest 3 2024",100,"yes",41,0.691255205234979,1.3671870824963,0.0821280336677394
"2605",2024,"18/02/2024","Coral Sea","Southern Coral Sea","Josie","Wreck","Wreck 3","3","Slope",1,9.5,1,8,11,"70",100,"Wreck 3 Slope 1 2024",100,"yes",11,0.727272727272727,1.3421131789144,0.14644646734084
"2606",2024,"18/02/2024","Coral Sea","Southern Coral Sea","Josie","Wreck","Wreck 3","3","Slope",2,8.1,2,5,7,"60",100,"Wreck 3 Slope 2 2024",100,"yes",7,0.775510204081633,1.5498260458782,0.147466162223022
"2607",2024,"18/02/2024","Coral Sea","Southern Coral Sea","Josie","Wreck","Wreck 3","3","Slope",3,9.7,2,12,7,"30",100,"Wreck 3 Slope 3 2024",100,"yes",7,0.693877551020408,1.27703425946614,0.0993057104565317
"2608",2024,"18/02/2024","Coral Sea","Southern Coral Sea","Josie","Wreck","Wreck 3","3","Crest",1,1.4,2.5,4,33,"40",100,"Wreck 3 Crest 1 2024",100,"yes",33,0.659320477502296,1.41027501462577,0.113108484948278
"2609",2024,"18/02/2024","Coral Sea","Southern Coral Sea","Josie","Wreck","Wreck 3","3","Crest",2,1.4,2.5,2,19,"90",100,"Wreck 3 Crest 2 2024",100,"yes",19,0.742382271468144,1.58874307285721,0.102138219825236
"2610",2024,"18/02/2024","Coral Sea","Southern Coral Sea","Josie","Wreck","Wreck 3","3","Crest",3,1.3,2,1,26,"20",100,"Wreck 3 Crest 3 2024",100,"yes",26,0.701183431952663,1.3453140791151,0.107739540589573
"2611",2024,"18/02/2024","Coral Sea","Southern Coral Sea","Josie","Wreck","Wreck 2","2","Slope",1,9.2,3,10,6,"90",100,"Wreck 2 Slope 1 2024",100,"yes",6,0.444444444444444,0.636514168294813,0.109344689556984
"2612",2024,"18/02/2024","Coral Sea","Southern Coral Sea","Josie","Wreck","Wreck 2","2","Slope",2,8.4,3.5,8,8,"80",93,"Wreck 2 Slope 2 2024",93,"yes",8,0.625,1.03972077083992,0.104937854049214
"2613",2024,"18/02/2024","Coral Sea","Southern Coral Sea","Josie","Wreck","Wreck 2","2","Slope",3,9.3,3.5,2,8,"90",100,"Wreck 2 Slope 3 2024",100,"yes",8,0.40625,0.735621939758795,0.0485421235729715
"2614",2024,"18/02/2024","Coral Sea","Southern Coral Sea","Josie","Wreck","Wreck 2","2","Crest",1,1,2,1,22,"60",100,"Wreck 2 Crest 1 2024",100,"yes",22,0.541322314049587,1.00977804767207,0.102073254204887
"2615",2024,"18/02/2024","Coral Sea","Southern Coral Sea","Josie","Wreck","Wreck 2","2","Crest",2,1.6,2,0,21,"70",100,"Wreck 2 Crest 2 2024",100,"yes",21,0.603174603174603,1.07383132318584,0.102752399292666
"2616",2024,"18/02/2024","Coral Sea","Southern Coral Sea","Josie","Wreck","Wreck 2","2","Crest",3,1.2,2,4,23,"90",100,"Wreck 2 Crest 3 2024",100,"yes",23,0.737240075614367,1.43558475126351,0.138685287155382
"2617",2024,"18/02/2024","Coral Sea","Southern Coral Sea","Josie","Wreck","Wreck 1","1","Slope",1,8.5,3.5,21,1,"70",100,"Wreck 1 Slope 1 2024",100,"yes",1,0,0,0
"2618",2024,"18/02/2024","Coral Sea","Southern Coral Sea","Josie","Wreck","Wreck 1","1","Slope",2,7,3.5,6,6,"70",100,"Wreck 1 Slope 2 2024",100,"yes",6,0.666666666666667,1.242453324894,0.184746299751813
"2619",2024,"18/02/2024","Coral Sea","Southern Coral Sea","Josie","Wreck","Wreck 1","1","Slope",3,6.3,2.5,41,8,"110",100,"Wreck 1 Slope 3 2024",100,"yes",8,0.71875,1.32088834314932,0.178964380927725
"2620",2024,"18/02/2024","Coral Sea","Southern Coral Sea","Josie","Wreck","Wreck 1","1","Crest",1,1.3,2,8,31,"90",100,"Wreck 1 Crest 1 2024",100,"yes",31,0.759625390218522,1.50853314001351,0.135784119360874
"2621",2024,"18/02/2024","Coral Sea","Southern Coral Sea","Josie","Wreck","Wreck 1","1","Crest",2,2,2,2,30,"90",100,"Wreck 1 Crest 2 2024",100,"yes",30,0.717777777777778,1.38476225433943,0.141061506930646
"2622",2024,"18/02/2024","Coral Sea","Southern Coral Sea","Josie","Wreck","Wreck 1","1","Crest",3,2.5,2,8,24,"30",100,"Wreck 1 Crest 3 2024",100,"yes",24,0.288194444444444,0.544283732969439,0.0411798016843226
"2623",2024,"19/02/2024","Coral Sea","Southern Coral Sea","Josie","Wreck","Wreck 5","5","Slope",1,9.1,3.5,26,20,"60",100,"Wreck 5 Slope 1 2024",100,"yes",20,0.745,1.48779838000165,0.132746967821166
"2624",2024,"19/02/2024","Coral Sea","Southern Coral Sea","Josie","Wreck","Wreck 5","5","Slope",2,7.8,3,13,20,"60",100,"Wreck 5 Slope 2 2024",100,"yes",20,0.795,1.66958012698141,0.144395336368275
"2625",2024,"19/02/2024","Coral Sea","Southern Coral Sea","Josie","Wreck","Wreck 5","5","Slope",3,8.9,3,10,14,"80",100,"Wreck 5 Slope 3 2024",100,"yes",14,0.76530612244898,1.51245117846645,0.140839329837352
"2626",2024,"20/02/2024","Coral Sea","Southern Coral Sea","Josie","Kenn","Kenn 1","1","Slope",1,7,2.5,0,3,"60",100,"Kenn 1 Slope 1 2024",100,"yes",3,0.666666666666667,1.09861228866811,0.131923488128926
"2627",2024,"20/02/2024","Coral Sea","Southern Coral Sea","Josie","Kenn","Kenn 1","1","Slope",2,7.2,3,0,9,"80",100,"Kenn 1 Slope 2 2024",100,"yes",9,0.666666666666667,1.21488965394912,0.166002386482674
"2628",2024,"20/02/2024","Coral Sea","Southern Coral Sea","Josie","Kenn","Kenn 1","1","Slope",3,6.9,2.5,0,6,"70",100,"Kenn 1 Slope 3 2024",100,"yes",6,0.611111111111111,1.01140426470735,0.117811106143031
"2629",2024,"20/02/2024","Coral Sea","Southern Coral Sea","Josie","Kenn","Kenn 1","1","Crest",1,1.2,2,0,13,"10",100,"Kenn 1 Crest 1 2024",100,"yes",13,0.781065088757396,1.5649572502428,0.101466562999703
"2630",2024,"20/02/2024","Coral Sea","Southern Coral Sea","Josie","Kenn","Kenn 1","1","Crest",2,2.4,2,0,6,"10",100,"Kenn 1 Crest 2 2024",100,"yes",6,0.722222222222222,1.32966134885476,0.15235587213476
"2631",2024,"20/02/2024","Coral Sea","Southern Coral Sea","Josie","Kenn","Kenn 1","1","Crest",3,1.5,2,0,10,"10",100,"Kenn 1 Crest 3 2024",100,"yes",10,0.7,1.27985422583367,0.14272137967851
"2632",2024,"20/02/2024","Coral Sea","Southern Coral Sea","Josie","Kenn","Kenn 2","2","Slope",1,7,2,1,6,"110",23,"Kenn 2 Slope 1 2024",23,"yes",6,0.722222222222222,1.32966134885476,0.124244155653937
"2633",2024,"20/02/2024","Coral Sea","Southern Coral Sea","Josie","Kenn","Kenn 2","2","Slope",2,7.6,2,2,0,"110",34,"Kenn 2 Slope 2 2024",34,"yes",0,0,0,NA
"2634",2024,"20/02/2024","Coral Sea","Southern Coral Sea","Josie","Kenn","Kenn 2","2","Slope",3,8.2,2,0,8,"80",30,"Kenn 2 Slope 3 2024",30,"yes",8,0.53125,0.900256051268537,0.112719324995031
"2635",2024,"20/02/2024","Coral Sea","Southern Coral Sea","Josie","Kenn","Kenn 2","2","Crest",1,1.9,2,0,12,"",100,"Kenn 2 Crest 1 2024",100,"yes",12,0.763888888888889,1.51710639706103,0.131627625162411
"2636",2024,"20/02/2024","Coral Sea","Southern Coral Sea","Josie","Kenn","Kenn 2","2","Crest",2,1.9,2,0,18,"",100,"Kenn 2 Crest 2 2024",100,"yes",18,0.567901234567901,0.936888307539016,0.100026233814157
"2637",2024,"20/02/2024","Coral Sea","Southern Coral Sea","Josie","Kenn","Kenn 2","2","Crest",3,1.9,2,0,27,"",100,"Kenn 2 Crest 3 2024",100,"yes",27,0.705075445816187,1.35339744905947,0.108269667984042
"2638",2024,"20/02/2024","Coral Sea","Southern Coral Sea","Josie","Kenn","Kenn 4","4","Slope",1,5.9,2,6,15,"90",100,"Kenn 4 Slope 1 2024",100,"yes",15,0.631111111111111,1.15956979673905,0.124463730161217
"2639",2024,"20/02/2024","Coral Sea","Southern Coral Sea","Josie","Kenn","Kenn 4","4","Slope",2,6.8,2,3,15,"90",100,"Kenn 4 Slope 2 2024",100,"yes",15,0.808888888888889,1.71408754118701,0.125096256418607
"2640",2024,"20/02/2024","Coral Sea","Southern Coral Sea","Josie","Kenn","Kenn 4","4","Slope",3,6.9,2,5,16,"90",100,"Kenn 4 Slope 3 2024",100,"yes",16,0.71875,1.42263002620755,0.145961788403569
"2641",2024,"20/02/2024","Coral Sea","Southern Coral Sea","Josie","Kenn","Kenn 4","4","Crest",1,1.4,2,2,15,"70",100,"Kenn 4 Crest 1 2024",100,"yes",15,0.631111111111111,1.22933621590766,0.133005590387953
"2642",2024,"20/02/2024","Coral Sea","Southern Coral Sea","Josie","Kenn","Kenn 4","4","Crest",2,1.4,2,0,7,"70",100,"Kenn 4 Crest 2 2024",100,"yes",7,0,0,0
"2643",2024,"20/02/2024","Coral Sea","Southern Coral Sea","Josie","Kenn","Kenn 4","4","Crest",3,1,2,11,18,"90",100,"Kenn 4 Crest 3 2024",100,"yes",18,0.617283950617284,1.14905969697062,0.107197414941788
"2644",2024,"22/02/2024","Coral Sea","Central Coral Sea","Josie","Mellish","Mellish 5a","5a","Slope",1,8.5,3.5,23,34,"70",100,"Mellish 5a Slope 1 2024",100,"yes",34,0.759515570934256,1.58418300483749,0.147200376717903
"2645",2024,"22/02/2024","Coral Sea","Central Coral Sea","Josie","Mellish","Mellish 5a","5a","Slope",2,9,3,14,32,"50",100,"Mellish 5a Slope 2 2024",100,"yes",32,0.755859375,1.59488013472311,0.162545065960884
"2646",2024,"22/02/2024","Coral Sea","Central Coral Sea","Josie","Mellish","Mellish 5a","5a","Slope",3,9,3,22,30,"70",100,"Mellish 5a Slope 3 2024",100,"yes",30,0.791111111111111,1.66370014339849,0.144449179341029
"2647",2024,"22/02/2024","Coral Sea","Central Coral Sea","Josie","Mellish","Mellish 5a","5a","Crest",1,1.9,1.5,0,46,"30",100,"Mellish 5a Crest 1 2024",100,"yes",46,0.641776937618147,1.27080942248626,0.119412173443969
"2648",2024,"22/02/2024","Coral Sea","Central Coral Sea","Josie","Mellish","Mellish 5a","5a","Crest",2,2.8,2,0,46,"20",100,"Mellish 5a Crest 2 2024",100,"yes",46,0.766540642722117,1.65320833016456,0.12627796308288
"2649",2024,"22/02/2024","Coral Sea","Central Coral Sea","Josie","Mellish","Mellish 5a","5a","Crest",3,3.9,2,0,39,"30",100,"Mellish 5a Crest 3 2024",100,"yes",39,0.520710059171598,0.831524109152622,0.0889417818250797
"2650",2024,"22/02/2024","Coral Sea","Central Coral Sea","Josie","Mellish","Mellish 9","9","Slope",1,9,3,20,55,"70",100,"Mellish 9 Slope 1 2024",100,"yes",55,0.684297520661157,1.36019968117815,0.11300026038661
"2651",2024,"22/02/2024","Coral Sea","Central Coral Sea","Josie","Mellish","Mellish 9","9","Slope",2,9.3,3,39,32,"90",100,"Mellish 9 Slope 2 2024",100,"yes",32,0.734375,1.50607356624556,0.132938602885228
"2652",2024,"22/02/2024","Coral Sea","Central Coral Sea","Josie","Mellish","Mellish 9","9","Slope",3,8.3,3,28,39,"70",100,"Mellish 9 Slope 3 2024",100,"yes",39,0.692965154503616,1.34049858931693,0.13345592519523
"2653",2024,"22/02/2024","Coral Sea","Central Coral Sea","Josie","Mellish","Mellish 9","9","Crest",1,2,2,0,21,"20",100,"Mellish 9 Crest 1 2024",100,"yes",21,0.689342403628118,1.26085339881896,0.159806672514684
"2654",2024,"22/02/2024","Coral Sea","Central Coral Sea","Josie","Mellish","Mellish 9","9","Crest",2,2,2,0,32,"20",100,"Mellish 9 Crest 2 2024",100,"yes",32,0.603515625,1.10427984922434,0.115861660423868
"2655",2024,"22/02/2024","Coral Sea","Central Coral Sea","Josie","Mellish","Mellish 9","9","Crest",3,1.9,2,0,34,"20",100,"Mellish 9 Crest 3 2024",100,"yes",34,0.688581314878893,1.43252294288392,0.123793674493039
"2656",2024,"22/02/2024","Coral Sea","Central Coral Sea","Josie","Mellish","Mellish 2","2","Slope",1,8.3,3.5,0,33,"80",100,"Mellish 2 Slope 1 2024",100,"yes",33,0.609733700642792,1.00476547311912,0.0845263545042085
"2657",2024,"22/02/2024","Coral Sea","Central Coral Sea","Josie","Mellish","Mellish 2","2","Slope",2,8.4,3.5,0,46,"80",100,"Mellish 2 Slope 2 2024",100,"yes",46,0.592627599243856,1.0135880916516,0.106877358265189
"2658",2024,"22/02/2024","Coral Sea","Central Coral Sea","Josie","Mellish","Mellish 2","2","Slope",3,8.2,3.5,0,49,"80",100,"Mellish 2 Slope 3 2024",100,"yes",49,0.683881715951687,1.26858335656524,0.0877807359843761
"2659",2024,"22/02/2024","Coral Sea","Central Coral Sea","Josie","Mellish","Mellish 2","2","Crest",1,1,2,0,17,"10",100,"Mellish 2 Crest 1 2024",100,"yes",17,0.463667820069204,0.885288834440902,0.125383662772195
"2660",2024,"22/02/2024","Coral Sea","Central Coral Sea","Josie","Mellish","Mellish 2","2","Crest",2,1.4,2,0,15,"10",100,"Mellish 2 Crest 2 2024",100,"yes",15,0.337777777777778,0.62770525719715,0.0524676836844073
"2661",2024,"22/02/2024","Coral Sea","Central Coral Sea","Josie","Mellish","Mellish 2","2","Crest",3,5.2,3,0,47,"10",100,"Mellish 2 Crest 3 2024",100,"yes",47,0.161158895427795,0.409049623522331,0.0460656030917523
"2662",2024,"23/02/2024","Coral Sea","Central Coral Sea","Josie","Mellish","Mellish 1","1","Slope",1,8.3,3.5,0,4,"100",100,"Mellish 1 Slope 1 2024",100,"yes",4,0.5,0.693147180559945,0.0713616828075432
"2663",2024,"23/03/2024","Coral Sea","Central Coral Sea","Josie","Mellish","Mellish 1","1","Slope",2,8.4,3.5,0,4,"100",100,"Mellish 1 Slope 2 2024",100,"yes",4,0,0,0.0816524663562173
"2664",2024,"23/03/2024","Coral Sea","Central Coral Sea","Josie","Mellish","Mellish 1","1","Slope",3,8.2,3.5,0,2,"100",100,"Mellish 1 Slope 3 2024",100,"yes",2,0.5,0.693147180559945,0.105707709613045
"2665",2024,"23/03/2024","Coral Sea","Central Coral Sea","Josie","Mellish","Mellish 1","1","Crest",1,1,3,0,11,"90",100,"Mellish 1 Crest 1 2024",100,"yes",11,0.743801652892562,1.46813993901621,0.120029458453033
"2666",2024,"23/03/2024","Coral Sea","Central Coral Sea","Josie","Mellish","Mellish 1","1","Crest",2,1.4,2,1,17,"90",100,"Mellish 1 Crest 2 2024",100,"yes",17,0.816608996539792,1.80901028426687,0.149263875766904
"2667",2024,"23/03/2024","Coral Sea","Central Coral Sea","Josie","Mellish","Mellish 1","1","Crest",3,5.2,3,0,11,"90",100,"Mellish 1 Crest 3 2024",100,"yes",11,0.677685950413223,1.2406842919534,0.147125760216218
"2668",2024,"23/02/2024","Coral Sea","Central Coral Sea","Josie","Mellish","Mellish 6","6","Slope",1,8.4,2.5,10,11,"60",100,"Mellish 6 Slope 1 2024",100,"yes",11,0.314049586776859,0.600166073159646,0.0625124533102281
"2669",2024,"23/03/2024","Coral Sea","Central Coral Sea","Josie","Mellish","Mellish 6","6","Slope",2,8,2.5,11,7,"60",100,"Mellish 6 Slope 2 2024",100,"yes",7,0.571428571428571,0.955699891112534,0.125519251032984
"2670",2024,"23/03/2024","Coral Sea","Central Coral Sea","Josie","Mellish","Mellish 6","6","Slope",3,8,2.5,17,3,"90",100,"Mellish 6 Slope 3 2024",100,"yes",3,0.444444444444444,0.636514168294813,0.102372157620956
"2671",2024,"23/03/2024","Coral Sea","Central Coral Sea","Josie","Mellish","Mellish 6","6","Crest",1,1.5,3,1,15,"90",100,"Mellish 6 Crest 1 2024",100,"yes",15,0.622222222222222,1.136916591833,0.145932233988839
"2672",2024,"23/03/2024","Coral Sea","Central Coral Sea","Josie","Mellish","Mellish 6","6","Crest",2,2,3,7,6,"80",103,"Mellish 6 Crest 2 2024",103,"yes",6,0.666666666666667,1.09861228866811,0.115231449829443
"2673",2024,"23/03/2024","Coral Sea","Central Coral Sea","Josie","Mellish","Mellish 6","6","Crest",3,1.4,2.5,3,13,"10",109,"Mellish 6 Crest 3 2024",109,"yes",13,0.627218934911243,1.15698764434527,0.159380024286282
"2674",2024,"23/02/2024","Coral Sea","Central Coral Sea","Josie","Mellish","Mellish 7","7","Slope",1,9.2,3,40,13,"90",100,"Mellish 7 Slope 1 2024",100,"yes",13,0.662721893491124,1.20479330969478,0.18683459705987
"2675",2024,"23/03/2024","Coral Sea","Central Coral Sea","Josie","Mellish","Mellish 7","7","Slope",2,10,3,38,22,"90",100,"Mellish 7 Slope 2 2024",100,"yes",22,0.818181818181818,1.74479133236063,0.149366097180553
"2676",2024,"23/03/2024","Coral Sea","Central Coral Sea","Josie","Mellish","Mellish 7","7","Slope",3,9,3,23,34,"60",100,"Mellish 7 Slope 3 2024",100,"yes",34,0.735294117647059,1.4337654364424,0.164948892338011
"2677",2024,"23/03/2024","Coral Sea","Central Coral Sea","Josie","Mellish","Mellish 7","7","Crest",1,2.5,2,1,22,"20",100,"Mellish 7 Crest 1 2024",100,"yes",22,0.706611570247934,1.40279399516036,0.136528982313438
"2678",2024,"23/03/2024","Coral Sea","Central Coral Sea","Josie","Mellish","Mellish 7","7","Crest",2,1,1.5,1,26,"0",100,"Mellish 7 Crest 2 2024",100,"yes",26,0.390532544378698,0.793730055158425,0.0974205379421168
"2679",2024,"23/03/2024","Coral Sea","Central Coral Sea","Josie","Mellish","Mellish 7","7","Crest",3,1.2,1.5,5,12,"10",100,"Mellish 7 Crest 3 2024",100,"yes",12,0.722222222222222,1.42412991734677,0.166885894391532
"2680",2024,"24/03/2024","Coral Sea","Central Coral Sea","Josie","Mellish","Mellish 10","10","Slope",1,8.9,2.5,15,32,"70",100,"Mellish 10 Slope 1 2024",100,"yes",32,0.779296875,1.55168517065939,0.149429968198906
"2681",2024,"24/03/2024","Coral Sea","Central Coral Sea","Josie","Mellish","Mellish 10","10","Slope",2,8.8,2.5,23,44,"70",100,"Mellish 10 Slope 2 2024",100,"yes",44,0.715909090909091,1.44207459050693,0.170389047526965
"2682",2024,"24/03/2024","Coral Sea","Central Coral Sea","Josie","Mellish","Mellish 10","10","Slope",3,8.4,2.5,16,40,"70",110,"Mellish 10 Slope 3 2024",110,"yes",40,0.71125,1.37678441351884,0.174151630492708
"2683",2024,"24/03/2024","Coral Sea","Central Coral Sea","Josie","Mellish","Mellish 10","10","Crest",1,1.7,2.5,1,29,"30",100,"Mellish 10 Crest 1 2024",100,"yes",29,0.673008323424495,1.40227139048913,0.13852494492303
"2684",2024,"24/03/2024","Coral Sea","Central Coral Sea","Josie","Mellish","Mellish 10","10","Crest",2,2,2,0,27,"10",100,"Mellish 10 Crest 2 2024",100,"yes",27,0.69684499314129,1.33349710061617,0.149913097142347
"2685",2024,"24/03/2024","Coral Sea","Central Coral Sea","Josie","Mellish","Mellish 10","10","Crest",3,2,2,0,25,"20",100,"Mellish 10 Crest 3 2024",100,"yes",25,0.5728,0.971046712938678,0.0976294095785505
"2686",2024,"25/03/2024","Coral Sea","Central Coral Sea","Josie","Mellish","Mellish 8","8","Slope",1,9.2,3,9,39,"45",100,"Mellish 8 Slope 1 2024",100,"yes",39,0.539119000657462,1.0891189584079,0.115507250554135
"2687",2024,"25/03/2024","Coral Sea","Central Coral Sea","Josie","Mellish","Mellish 8","8","Slope",2,9.5,3,11,30,"55",100,"Mellish 8 Slope 2 2024",100,"yes",30,0.453333333333333,0.81598597380952,0.0952429257377169
"2688",2024,"25/03/2024","Coral Sea","Central Coral Sea","Josie","Mellish","Mellish 8","8","Slope",3,9.2,3,10,37,"45",100,"Mellish 8 Slope 3 2024",100,"yes",37,0.406135865595325,0.812835886792617,0.109134417173645
"2689",2024,"25/03/2024","Coral Sea","Central Coral Sea","Josie","Mellish","Mellish 8","8","Crest",1,3.7,2,0,22,"15",100,"Mellish 8 Crest 1 2024",100,"yes",22,0.702479338842975,1.3377348363781,0.169524866950524
"2690",2024,"25/03/2024","Coral Sea","Central Coral Sea","Josie","Mellish","Mellish 8","8","Crest",2,3.2,2,0,8,"10",100,"Mellish 8 Crest 2 2024",100,"yes",8,0.53125,0.900256051268537,0.17810685814156
"2691",2024,"25/03/2024","Coral Sea","Central Coral Sea","Josie","Mellish","Mellish 8","8","Crest",3,4.6,2,0,26,"5",100,"Mellish 8 Crest 3 2024",100,"yes",26,0.718934911242604,1.40356731859419,0.130934904451159
"2692",2024,"27/02/2024","Coral Sea","Central Coral Sea","Josie","Marion","Marion 14","14","Slope",1,8.8,3,2,8,"30",100,"Marion 14 Slope 1 2024",100,"yes",8,0.375,0.562335144618808,0.134636256062655
"2693",2024,"27/02/2024","Coral Sea","Central Coral Sea","Josie","Marion","Marion 14","14","Slope",2,8.7,3.5,1,8,"40",100,"Marion 14 Slope 2 2024",100,"yes",8,0.40625,0.735621939758795,0.0780118933517242
"2694",2024,"27/02/2024","Coral Sea","Central Coral Sea","Josie","Marion","Marion 14","14","Slope",3,9,2.5,1,1,"30",100,"Marion 14 Slope 3 2024",100,"yes",1,0,0,0
"2695",2024,"27/02/2024","Coral Sea","Central Coral Sea","Josie","Marion","Marion 14","14","Crest",1,4.5,2,2,7,"70",100,"Marion 14 Crest 1 2024",100,"yes",7,0.244897959183674,0.410116318288409,0.0444573777367483
"2696",2024,"27/02/2024","Coral Sea","Central Coral Sea","Josie","Marion","Marion 14","14","Crest",2,4.3,2.5,0,17,"70",100,"Marion 14 Crest 2 2024",100,"yes",17,0.463667820069204,0.885288834440902,0.0655123170752817
"2697",2024,"27/02/2024","Coral Sea","Central Coral Sea","Josie","Marion","Marion 14","14","Crest",3,4,2.5,0,7,"75",100,"Marion 14 Crest 3 2024",100,"yes",7,0.571428571428571,0.955699891112534,0.0787558408056136
"2698",2024,"27/02/2024","Coral Sea","Central Coral Sea","Josie","Marion","Marion 10","10","Slope",1,9.3,1,8,1,"90",100,"Marion 10 Slope 1 2024",100,"yes",1,0,0,0
"2699",2024,"27/02/2024","Coral Sea","Central Coral Sea","Josie","Marion","Marion 10","10","Slope",2,9.5,1,10,2,"90",100,"Marion 10 Slope 2 2024",100,"yes",2,0.5,0.693147180559945,0.176201935079985
"2700",2024,"27/02/2024","Coral Sea","Central Coral Sea","Josie","Marion","Marion 10","10","Slope",3,9,1,7,2,"90",100,"Marion 10 Slope 3 2024",100,"yes",2,0,0,0
"2701",2024,"27/02/2024","Coral Sea","Central Coral Sea","Josie","Marion","Marion 10","10","Crest",1,2.7,1,13,6,"40",100,"Marion 10 Crest 1 2024",100,"yes",6,0.722222222222222,1.32966134885476,0.153350858020424
"2702",2024,"27/02/2024","Coral Sea","Central Coral Sea","Josie","Marion","Marion 10","10","Crest",2,2,1,8,7,"40",100,"Marion 10 Crest 2 2024",100,"yes",7,0.448979591836735,0.796311640173813,0.110784601070546
"2703",2024,"27/02/2024","Coral Sea","Central Coral Sea","Josie","Marion","Marion 10","10","Crest",3,2,1,11,7,"40",100,"Marion 10 Crest 3 2024",100,"yes",7,0.571428571428571,0.955699891112534,0.0846327543295847
"2704",2024,"27/02/2024","Coral Sea","Central Coral Sea","Josie","Marion","Marion 12","12","Slope",1,8.5,1.5,7,5,"30",100,"Marion 12 Slope 1 2024",100,"yes",5,0.8,1.6094379124341,0.177735410513201
"2705",2024,"27/02/2024","Coral Sea","Central Coral Sea","Josie","Marion","Marion 12","12","Slope",2,8.8,1,10,3,"30",100,"Marion 12 Slope 2 2024",100,"yes",3,0.444444444444444,0.636514168294813,0.123518999533911
"2706",2024,"27/02/2024","Coral Sea","Central Coral Sea","Josie","Marion","Marion 12","12","Slope",3,8.8,1.5,15,4,"40",100,"Marion 12 Slope 3 2024",100,"yes",4,0,0,0.0400024038990873
"2707",2024,"27/02/2024","Coral Sea","Central Coral Sea","Josie","Marion","Marion 12","12","Crest",1,3.3,1,2,13,"30",100,"Marion 12 Crest 1 2024",100,"yes",13,0.674556213017751,1.23093162304792,0.135161818236726
"2708",2024,"27/02/2024","Coral Sea","Central Coral Sea","Josie","Marion","Marion 12","12","Crest",2,4.4,1,0,14,"30",100,"Marion 12 Crest 2 2024",100,"yes",14,0.540816326530612,0.876005765643174,0.0948333446378801
"2709",2024,"27/02/2024","Coral Sea","Central Coral Sea","Josie","Marion","Marion 12","12","Crest",3,4.1,1,10,7,"30",100,"Marion 12 Crest 3 2024",100,"yes",7,0.775510204081633,1.5498260458782,0.112366580773849
"2710",2024,"28/02/2024","Coral Sea","Central Coral Sea","Josie","Marion","Marion 9","9","Slope",1,10,1,1,10,"70",100,"Marion 9 Slope 1 2024",100,"yes",10,0.68,1.35923670066501,0.183583061758852
"2711",2024,"28/02/2024","Coral Sea","Central Coral Sea","Josie","Marion","Marion 9","9","Slope",2,9.4,1,1,8,"50",100,"Marion 9 Slope 2 2024",100,"yes",8,0.46875,0.661563238157982,0.110150144768978
"2712",2024,"28/02/2024","Coral Sea","Central Coral Sea","Josie","Marion","Marion 9","9","Slope",3,9.1,1,2,10,"50",100,"Marion 9 Slope 3 2024",100,"yes",10,0.46,0.801818552543337,0.12656688078752
"2713",2024,"28/02/2024","Coral Sea","Central Coral Sea","Josie","Marion","Marion 9","9","Crest",1,4.6,1,10,5,"20",100,"Marion 9 Crest 1 2024",100,"yes",5,0.72,1.33217904021012,0.178076975238153
"2714",2024,"28/02/2024","Coral Sea","Central Coral Sea","Josie","Marion","Marion 9","9","Crest",2,4,1,11,4,"30",100,"Marion 9 Crest 2 2024",100,"yes",4,0.375,0.562335144618808,0.11265958352806
"2715",2024,"28/02/2024","Coral Sea","Central Coral Sea","Josie","Marion","Marion 9","9","Crest",3,3.5,1,7,3,"20",100,"Marion 9 Crest 3 2024",100,"yes",3,0.666666666666667,1.09861228866811,0.108029630754309
"2716",2024,"28/02/2024","Coral Sea","Central Coral Sea","Josie","Marion","Marion 7","7","Slope",1,8.7,1,0,7,"40",100,"Marion 7 Slope 1 2024",100,"yes",7,0.693877551020408,1.27703425946614,0.136076756167523
"2717",2024,"28/02/2024","Coral Sea","Central Coral Sea","Josie","Marion","Marion 7","7","Slope",2,8.5,1,0,7,"30",100,"Marion 7 Slope 2 2024",100,"yes",7,0.408163265306122,0.598269588585257,0.0702816778633218
"2718",2024,"28/02/2024","Coral Sea","Central Coral Sea","Josie","Marion","Marion 7","7","Slope",3,8.5,1,0,3,"30",100,"Marion 7 Slope 3 2024",100,"yes",3,0.444444444444444,0.636514168294813,0.159291130342838
"2719",2024,"28/02/2024","Coral Sea","Central Coral Sea","Josie","Marion","Marion 7","7","Crest",1,4,1,0,3,"30",100,"Marion 7 Crest 1 2024",100,"yes",3,0.666666666666667,1.09861228866811,0.153171064863308
"2720",2024,"28/02/2024","Coral Sea","Central Coral Sea","Josie","Marion","Marion 7","7","Crest",2,2.5,1,5,6,"50",100,"Marion 7 Crest 2 2024",100,"yes",6,0.722222222222222,1.32966134885476,0.0894084005096202
"2721",2024,"28/02/2024","Coral Sea","Central Coral Sea","Josie","Marion","Marion 7","7","Crest",3,1.6,1,1,7,"50",100,"Marion 7 Crest 3 2024",100,"yes",7,0.612244897959184,1.00424247305408,0.149850325663447
"2722",2024,"29/02/2024","Coral Sea","Central Coral Sea","Josie","Marion","Marion 8b","8b","Slope",1,8.8,1,3,2,"20",100,"Marion 8b Slope 1 2024",100,"yes",2,0.5,0.693147180559945,0.134615460762203
"2723",2024,"29/02/2024","Coral Sea","Central Coral Sea","Josie","Marion","Marion 8b","8b","Slope",2,8.8,1,4,3,"30",100,"Marion 8b Slope 2 2024",100,"yes",3,0.666666666666667,1.09861228866811,0.107154904226799
"2724",2024,"29/02/2024","Coral Sea","Central Coral Sea","Josie","Marion","Marion 8b","8b","Slope",3,9,1,11,3,"30",100,"Marion 8b Slope 3 2024",100,"yes",3,0.666666666666667,1.09861228866811,0.172128575359697
"2725",2024,"29/02/2024","Coral Sea","Central Coral Sea","Josie","Marion","Marion 8b","8b","Crest",1,4,1,5,4,"10",100,"Marion 8b Crest 1 2024",100,"yes",4,0.375,0.562335144618808,0.102628602361049
"2726",2024,"29/02/2024","Coral Sea","Central Coral Sea","Josie","Marion","Marion 8b","8b","Crest",2,4,1.5,3,2,"40",100,"Marion 8b Crest 2 2024",100,"yes",2,0.5,0.693147180559945,0.0907671462125278
"2727",2024,"29/02/2024","Coral Sea","Central Coral Sea","Josie","Marion","Marion 8b","8b","Crest",3,3.5,2.5,8,5,"60",100,"Marion 8b Crest 3 2024",100,"yes",5,0.64,1.05492016798614,0.132873240708862
"2728",2024,"1/03/2024","Coral Sea","Southern Coral Sea","Josie","Frederick","Frederick 4","4","Slope",1,7.5,2,4,2,"50",100,"Frederick 4 Slope 1 2024",100,"yes",2,0,0,0
"2729",2024,"1/03/2024","Coral Sea","Southern Coral Sea","Josie","Frederick","Frederick 4","4","Slope",2,8.2,2,10,1,"40",100,"Frederick 4 Slope 2 2024",100,"yes",1,0,0,0
"2730",2024,"1/03/2024","Coral Sea","Southern Coral Sea","Josie","Frederick","Frederick 4","4","Slope",3,8.9,2.5,16,3,"50",100,"Frederick 4 Slope 3 2024",100,"yes",3,0,0,0
"2731",2024,"01/03/2024","Coral Sea","Southern Coral Sea","Josie","Frederick","Frederick 4","4","Crest",1,3,1,15,4,"20",100,"Frederick 4 Crest 1 2024",100,"yes",4,0.75,1.38629436111989,0.118405753024772
"2732",2024,"01/03/2024","Coral Sea","Southern Coral Sea","Josie","Frederick","Frederick 4","4","Crest",2,1.6,1,10,3,"20",100,"Frederick 4 Crest 2 2024",100,"yes",3,0.444444444444444,0.636514168294813,0.033882903113459
"2733",2024,"01/03/2024","Coral Sea","Southern Coral Sea","Josie","Frederick","Frederick 4","4","Crest",3,1.5,1,11,1,"20",100,"Frederick 4 Crest 3 2024",100,"yes",1,0,0,0
"2734",2024,"1/03/2024","Coral Sea","Southern Coral Sea","Josie","Frederick","Frederick 2","2","Slope",1,8.5,2,1,7,"20",100,"Frederick 2 Slope 1 2024",100,"yes",7,0.244897959183674,0.410116318288409,0.0888237454105769
"2735",2024,"1/03/2024","Coral Sea","Southern Coral Sea","Josie","Frederick","Frederick 2","2","Slope",2,9.4,2,2,6,"70",100,"Frederick 2 Slope 2 2024",100,"yes",6,0.722222222222222,1.32966134885476,0.143354875180327
"2736",2024,"1/03/2024","Coral Sea","Southern Coral Sea","Josie","Frederick","Frederick 2","2","Slope",3,8.6,1.5,2,7,"50",100,"Frederick 2 Slope 3 2024",100,"yes",7,0.448979591836735,0.796311640173813,0.0933114180751866
"2737",2024,"01/03/2024","Coral Sea","Southern Coral Sea","Josie","Frederick","Frederick 2","2","Crest",1,3.2,1,1,4,"20",100,"Frederick 2 Crest 1 2024",100,"yes",4,0.375,0.562335144618808,0.0482245086555043
"2738",2024,"01/03/2024","Coral Sea","Southern Coral Sea","Josie","Frederick","Frederick 2","2","Crest",2,1.8,1,4,9,"20",100,"Frederick 2 Crest 2 2024",100,"yes",9,0.765432098765432,1.52295506753132,0.147940588249987
"2739",2024,"01/03/2024","Coral Sea","Southern Coral Sea","Josie","Frederick","Frederick 2","2","Crest",3,2,1,4,7,"20",100,"Frederick 2 Crest 3 2024",100,"yes",7,0.408163265306122,0.598269588585257,0.0801043710559341
"2740",2024,"1/03/2024","Coral Sea","Southern Coral Sea","Josie","Frederick","Frederick 1","1","Slope",1,8.4,1.5,1,3,"30",100,"Frederick 1 Slope 1 2024",100,"yes",3,0.444444444444444,0.636514168294813,0.0526977362954564
"2741",2024,"1/03/2024","Coral Sea","Southern Coral Sea","Josie","Frederick","Frederick 1","1","Slope",2,9.3,2.5,2,2,"30",100,"Frederick 1 Slope 2 2024",100,"yes",2,0.5,0.693147180559945,0.105707709613045
"2742",2024,"1/03/2024","Coral Sea","Southern Coral Sea","Josie","Frederick","Frederick 1","1","Slope",3,9.5,2,4,3,"40",100,"Frederick 1 Slope 3 2024",100,"yes",3,0.444444444444444,0.636514168294813,0.089619935300898
"2743",2024,"01/03/2024","Coral Sea","Southern Coral Sea","Josie","Frederick","Frederick 1","1","Crest",1,2.4,1.5,4,3,"40",100,"Frederick 1 Crest 1 2024",100,"yes",3,0,0,0.0355576923547442
"2744",2024,"01/03/2024","Coral Sea","Southern Coral Sea","Josie","Frederick","Frederick 1","1","Crest",2,2.1,1.5,16,5,"30",100,"Frederick 1 Crest 2 2024",100,"yes",5,0.48,0.673011667009257,0.175612484366037
"2745",2024,"01/03/2024","Coral Sea","Southern Coral Sea","Josie","Frederick","Frederick 1","1","Crest",3,1.4,1,10,2,"30",100,"Frederick 1 Crest 3 2024",100,"yes",2,0.5,0.693147180559945,0.105406445377744
"2746",2024,"2/03/2024","Coral Sea","Southern Coral Sea","Josie","Saumarez","Saumarez 5","5","Slope",1,8.4,1.5,25,8,"70.0",100,"Saumarez 5 Slope 1 2024",100,"yes",8,0.65625,1.2130075659799,0.156403763607731
"2747",2024,"2/03/2024","Coral Sea","Southern Coral Sea","Josie","Saumarez","Saumarez 5","5","Slope",2,9,1.5,24,14,"70.0",100,"Saumarez 5 Slope 2 2024",100,"yes",14,0.459183673469388,0.895332665968091,0.0556352775133472
"2748",2024,"2/03/2024","Coral Sea","Southern Coral Sea","Josie","Saumarez","Saumarez 5","5","Slope",3,8.5,1.5,21,12,"80.0",100,"Saumarez 5 Slope 3 2024",100,"yes",12,0.291666666666667,0.566085738959629,0.0445009787643645
"2749",2024,"02/03/2024","Coral Sea","Southern Coral Sea","Josie","Saumarez","Saumarez 5","5","Crest",1,2.6,1,28,1,"10.0",100,"Saumarez 5 Crest 1 2024",100,"yes",1,0,0,0
"2750",2024,"02/03/2024","Coral Sea","Southern Coral Sea","Josie","Saumarez","Saumarez 5","5","Crest",2,2,1,13,5,"10.0",100,"Saumarez 5 Crest 2 2024",100,"yes",5,0.48,0.673011667009257,0.09661448109553
"2751",2024,"02/03/2024","Coral Sea","Southern Coral Sea","Josie","Saumarez","Saumarez 5","5","Crest",3,1.5,1,15,3,"10.0",100,"Saumarez 5 Crest 3 2024",100,"yes",3,0,0,0
"2752",2024,"2/03/2024","Coral Sea","Southern Coral Sea","Josie","Saumarez","Saumarez 3","3","Slope",1,8,1.5,18,8,"40.0",100,"Saumarez 3 Slope 1 2024",100,"yes",8,0.71875,1.32088834314932,0.146712159346501
"2753",2024,"2/03/2024","Coral Sea","Southern Coral Sea","Josie","Saumarez","Saumarez 3","3","Slope",2,6.2,1.5,21,6,"40.0",100,"Saumarez 3 Slope 2 2024",100,"yes",6,0.722222222222222,1.32966134885476,0.129844599995942
"2754",2024,"2/03/2024","Coral Sea","Southern Coral Sea","Josie","Saumarez","Saumarez 3","3","Slope",3,8.6,1.5,20,8,"40.0",100,"Saumarez 3 Slope 3 2024",100,"yes",8,0.46875,0.661563238157982,0.106331007898728
"2755",2024,"02/03/2024","Coral Sea","Southern Coral Sea","Josie","Saumarez","Saumarez 3","3","Crest",1,2.9,1.5,3,33,"65.0",100,"Saumarez 3 Crest 1 2024",100,"yes",33,0.560146923783287,1.14929190298769,0.0821835861673174
"2756",2024,"02/03/2024","Coral Sea","Southern Coral Sea","Josie","Saumarez","Saumarez 3","3","Crest",2,1.5,1.5,10,42,"60.0",100,"Saumarez 3 Crest 2 2024",100,"yes",42,0.492063492063492,0.996425509829353,0.0794792883792737
"2757",2024,"02/03/2024","Coral Sea","Southern Coral Sea","Josie","Saumarez","Saumarez 3","3","Crest",3,1.6,2,6,28,"60.0",100,"Saumarez 3 Crest 3 2024",100,"yes",28,0.737244897959184,1.5488581149226,0.0931890447050178
"2758",2024,"3/03/2024","Coral Sea","Southern Coral Sea","Josie","Saumarez","Saumarez 7","7","Slope",1,9.8,2,0,13,"30",100,"Saumarez 7 Slope 1 2024",100,"yes",13,0.710059171597633,1.30610660908539,0.135013544938956
"2759",2024,"3/03/2024","Coral Sea","Southern Coral Sea","Josie","Saumarez","Saumarez 7","7","Slope",2,9.3,2,11,10,"40",100,"Saumarez 7 Slope 2 2024",100,"yes",10,0.78,1.64341771979318,0.14126348807976
"2760",2024,"3/03/2024","Coral Sea","Southern Coral Sea","Josie","Saumarez","Saumarez 7","7","Slope",3,6.1,1.5,15,4,"30",100,"Saumarez 7 Slope 3 2024",100,"yes",4,0.375,0.562335144618808,0.100058914574928
"2761",2024,"03/03/2024","Coral Sea","Southern Coral Sea","Josie","Saumarez","Saumarez 7","7","Crest",1,2.5,1,21,10,"10",100,"Saumarez 7 Crest 1 2024",100,"yes",10,0.7,1.27985422583367,0.132237055444681
"2762",2024,"03/03/2024","Coral Sea","Southern Coral Sea","Josie","Saumarez","Saumarez 7","7","Crest",2,2,1,43,17,"10",100,"Saumarez 7 Crest 2 2024",100,"yes",17,0.71280276816609,1.3180238017106,0.125497947067091
"2763",2024,"03/03/2024","Coral Sea","Southern Coral Sea","Josie","Saumarez","Saumarez 7","7","Crest",3,2,1,30,12,"10",100,"Saumarez 7 Crest 3 2024",100,"yes",12,0.763888888888889,1.51710639706103,0.1146139376683
"2764",2024,"14/07/24","Coral Sea","Central Coral Sea","Cece","Chilcot","Chilcott 2","2","Crest",1,NA,NA,26,20,"",100,"Chilcott 2 Crest 1 2024",100,"yes",20,0.535,1.02509391179179,0.118362081825356
"2765",2024,"14/07/24","Coral Sea","Central Coral Sea","Cece","Chilcot","Chilcott 2","2","Crest",2,NA,NA,19,16,"",100,"Chilcott 2 Crest 2 2024",100,"yes",16,0.5859375,0.984086503082915,0.109177276398103
"2766",2024,"14/07/24","Coral Sea","Central Coral Sea","Cece","Chilcot","Chilcott 2","2","Crest",3,NA,NA,16,11,"",100,"Chilcott 2 Crest 3 2024",100,"yes",11,0.611570247933884,1.12095039267358,0.146095752440013
"2767",2024,"14/07/24","Coral Sea","Central Coral Sea","Cece","Chilcot","Chilcott 2","2","Slope",1,NA,NA,28,21,"",100,"Chilcott 2 Slope 1 2024",100,"yes",21,0.17687074829932,0.380506218477596,0.0472695395742036
"2768",2024,"14/07/24","Coral Sea","Central Coral Sea","Cece","Chilcot","Chilcott 2","2","Slope",2,NA,NA,24,28,"",100,"Chilcott 2 Slope 2 2024",100,"yes",28,0.196428571428571,0.408697725074314,0.0575427567563114
"2769",2024,"14/07/24","Coral Sea","Central Coral Sea","Cece","Chilcot","Chilcott 2","2","Slope",3,NA,NA,31,16,"",100,"Chilcott 2 Slope 3 2024",100,"yes",16,0.3203125,0.601923971732289,0.096539723833335
"2770",2024,"12/07/24","Coral Sea","Central Coral Sea","Cece","Diamond","Diamond 2","2","Crest",1,NA,NA,35,3,"",100,"Diamond 2 Crest 1 2024",100,"yes",3,0.444444444444444,0.636514168294813,0
"2771",2024,"12/07/24","Coral Sea","Central Coral Sea","Cece","Diamond","Diamond 2","2","Crest",2,NA,NA,29,8,"",100,"Diamond 2 Crest 2 2024",100,"yes",8,0.625,1.03972077083992,0.167024007973369
"2772",2024,"12/07/24","Coral Sea","Central Coral Sea","Cece","Diamond","Diamond 2","2","Crest",3,NA,NA,46,4,"",100,"Diamond 2 Crest 3 2024",100,"yes",4,0.625,1.03972077083992,0.121710163451441
"2773",2024,"12/07/24","Coral Sea","Central Coral Sea","Cece","Diamond","Diamond 2","2","Slope",1,NA,NA,45,9,"",100,"Diamond 2 Slope 1 2024",100,"yes",9,0.592592592592593,0.964962923007428,0.12400012779681
"2774",2024,"12/07/24","Coral Sea","Central Coral Sea","Cece","Diamond","Diamond 2","2","Slope",2,NA,NA,28,9,"",100,"Diamond 2 Slope 2 2024",100,"yes",9,0.814814814814815,1.73512645696292,0.150423972679231
"2775",2024,"12/07/24","Coral Sea","Central Coral Sea","Cece","Diamond","Diamond 2","2","Slope",3,NA,NA,37,17,"",100,"Diamond 2 Slope 3 2024",100,"yes",17,0.588235294117647,1.03759110809185,0.123797333761432
"2776",2024,"16/07/24","Coral Sea","Central Coral Sea","Cece","Herald","Herald 1","1","Crest",1,NA,NA,30,20,"",100,"Herald 1 Crest 1 2024",100,"yes",20,0.66,1.19354960409813,0.16615632605925
"2777",2024,"16/07/24","Coral Sea","Central Coral Sea","Cece","Herald","Herald 1","1","Crest",2,NA,NA,39,16,"",100,"Herald 1 Crest 2 2024",100,"yes",16,0.6484375,1.16269983349757,0.173606228944106
"2778",2024,"16/07/24","Coral Sea","Central Coral Sea","Cece","Herald","Herald 1","1","Crest",3,NA,NA,23,3,"",100,"Herald 1 Crest 3 2024",100,"yes",3,0.444444444444444,0.636514168294813,0.16575554010123
"2779",2024,"16/07/24","Coral Sea","Central Coral Sea","Cece","Herald","Herald 1","1","Slope",1,NA,NA,47,10,"",100,"Herald 1 Slope 1 2024",100,"yes",10,0.74,1.3661588475692,0.133889526153644
"2780",2024,"16/07/24","Coral Sea","Central Coral Sea","Cece","Herald","Herald 1","1","Slope",2,NA,NA,35,13,"",100,"Herald 1 Slope 2 2024",100,"yes",13,0.674556213017751,1.23093162304792,0.109343098908406
"2781",2024,"16/07/24","Coral Sea","Central Coral Sea","Cece","Herald","Herald 1","1","Slope",3,NA,NA,58,12,"",100,"Herald 1 Slope 3 2024",100,"yes",12,0.763888888888889,1.51710639706103,0.144204548915223
"2782",2024,"16/07/24","Coral Sea","Central Coral Sea","Cece","Herald","Herald 6","6","Crest",1,NA,NA,23,2,"",100,"Herald 6 Crest 1 2024",100,"yes",2,0.5,0.693147180559945,0.094209926691272
"2783",2024,"16/07/24","Coral Sea","Central Coral Sea","Cece","Herald","Herald 6","6","Crest",2,NA,NA,23,13,"",100,"Herald 6 Crest 2 2024",100,"yes",13,0.662721893491124,1.20479330969478,0.168412054372161
"2784",2024,"16/07/24","Coral Sea","Central Coral Sea","Cece","Herald","Herald 6","6","Crest",3,NA,NA,8,15,"",100,"Herald 6 Crest 3 2024",100,"yes",15,0.622222222222222,1.136916591833,0.147618945458434
"2785",2024,"16/07/24","Coral Sea","Central Coral Sea","Cece","Herald","Herald 6","6","Slope",1,NA,NA,46,2,"",100,"Herald 6 Slope 1 2024",100,"yes",2,0,0,0
"2786",2024,"16/07/24","Coral Sea","Central Coral Sea","Cece","Herald","Herald 6","6","Slope",2,NA,NA,15,15,"",100,"Herald 6 Slope 2 2024",100,"yes",15,0.577777777777778,1.0775733728922,0.0870970944139047
"2787",2024,"16/07/24","Coral Sea","Central Coral Sea","Cece","Herald","Herald 6","6","Slope",3,NA,NA,24,9,"",100,"Herald 6 Slope 3 2024",100,"yes",9,0.197530864197531,0.348832095843032,0.0392555285603497
"2788",2024,"12/07/24","Coral Sea","Central Coral Sea","Cece","Lihou","Lihou 2","2","Crest",1,NA,NA,11,19,"",100,"Lihou 2 Crest 1 2024",100,"yes",19,0.670360110803324,1.23368413783377,0.144812097095296
"2789",2024,"12/07/24","Coral Sea","Central Coral Sea","Cece","Lihou","Lihou 2","2","Crest",2,NA,NA,19,14,"",100,"Lihou 2 Crest 2 2024",100,"yes",14,0.714285714285714,1.39043779493948,0.0883923856151938
"2790",2024,"12/07/24","Coral Sea","Central Coral Sea","Cece","Lihou","Lihou 2","2","Crest",3,NA,NA,31,1,"",100,"Lihou 2 Crest 3 2024",100,"yes",1,0,0,0
"2791",2024,"12/07/24","Coral Sea","Central Coral Sea","Cece","Lihou","Lihou 2","2","Slope",1,NA,NA,45,11,"",100,"Lihou 2 Slope 1 2024",100,"yes",11,0.809917355371901,1.72019345921983,0.141100947097432
"2792",2024,"12/07/24","Coral Sea","Central Coral Sea","Cece","Lihou","Lihou 2","2","Slope",2,NA,NA,51,9,"",100,"Lihou 2 Slope 2 2024",100,"yes",9,0.71604938271605,1.42706104338072,0.161669375339152
"2793",2024,"12/07/24","Coral Sea","Central Coral Sea","Cece","Lihou","Lihou 2","2","Slope",3,NA,NA,53,11,"",100,"Lihou 2 Slope 3 2024",100,"yes",11,0.760330578512397,1.51570795208571,0.1275992711561
"2794",2024,"12/07/24","Coral Sea","Central Coral Sea","Cece","Lihou","Lihou 1","1","Slope",1,NA,NA,11,7,"",100,"Lihou 1 Slope 1 2024",100,"yes",7,0.448979591836735,0.796311640173813,0.0975024005446703
"2795",2024,"12/07/24","Coral Sea","Central Coral Sea","Cece","Lihou","Lihou 1","1","Slope",2,NA,NA,17,8,"",100,"Lihou 1 Slope 2 2024",100,"yes",8,0.40625,0.735621939758795,0.147614337858393
"2796",2024,"12/07/24","Coral Sea","Central Coral Sea","Cece","Lihou","Lihou 1","1","Slope",3,NA,NA,6,8,"",100,"Lihou 1 Slope 3 2024",100,"yes",8,0.625,1.03972077083992,0.161452182749437
"2797",2024,"10/07/24","Coral Sea","Central Coral Sea","Cece","Willis","Willis 2","2","Crest",1,3.7,NA,13,14,"",100,"Willis 2 Crest 1 2024",100,"yes",14,0.622448979591837,1.25276296849537,0.150220531969458
"2798",2024,"10/07/24","Coral Sea","Central Coral Sea","Cece","Willis","Willis 2","2","Crest",2,3.4,NA,17,9,"",100,"Willis 2 Crest 2 2024",100,"yes",9,0.197530864197531,0.348832095843032,0.0841881606697149
"2799",2024,"10/07/24","Coral Sea","Central Coral Sea","Cece","Willis","Willis 2","2","Crest",3,3.3,NA,24,4,"",100,"Willis 2 Crest 3 2024",100,"yes",4,0.625,1.03972077083992,0.199258751079286
"2800",2024,"10/07/24","Coral Sea","Central Coral Sea","Cece","Willis","Willis 2","2","Slope",1,NA,NA,44,24,"",100,"Willis 2 Slope 1 2024",100,"yes",24,0.690972222222222,1.3422673044417,0.181022170459787
"2801",2024,"10/07/24","Coral Sea","Central Coral Sea","Cece","Willis","Willis 2","2","Slope",2,NA,NA,33,29,"",100,"Willis 2 Slope 2 2024",100,"yes",29,0.67538644470868,1.30404718838405,0.158034008278094
"2802",2024,"10/07/24","Coral Sea","Central Coral Sea","Cece","Willis","Willis 2","2","Slope",3,NA,NA,45,14,"",100,"Willis 2 Slope 3 2024",100,"yes",14,0.724489795918367,1.33373602720281,0.150924168763178
"2803",2024,"15/07/24","Coral Sea","Central Coral Sea","Cece","Willis","Willis 4","4","Crest",1,NA,NA,3,19,"",100,"Willis 4 Crest 1 2024",100,"yes",19,0.0997229916897509,0.206192050633232,0.0351427682153986
"2804",2024,"15/07/24","Coral Sea","Central Coral Sea","Cece","Willis","Willis 4","4","Crest",2,NA,NA,9,13,"",100,"Willis 4 Crest 2 2024",100,"yes",13,0,0,0
"2805",2024,"15/07/24","Coral Sea","Central Coral Sea","Cece","Willis","Willis 4","4","Crest",3,NA,NA,10,6,"",100,"Willis 4 Crest 3 2024",100,"yes",6,0.5,0.867563228481461,0.120524316487132
"2806",2024,"15/07/24","Coral Sea","Central Coral Sea","Cece","Willis","Willis 4","4","Slope",1,NA,NA,32,4,"",100,"Willis 4 Slope 1 2024",100,"yes",4,0.625,1.03972077083992,0.093229625146223
"2807",2024,"15/07/24","Coral Sea","Central Coral Sea","Cece","Willis","Willis 4","4","Slope",2,NA,NA,44,8,"",100,"Willis 4 Slope 2 2024",100,"yes",8,0.625,1.03972077083992,0.180295149495864
"2808",2024,"15/07/24","Coral Sea","Central Coral Sea","Cece","Willis","Willis 4","4","Slope",3,NA,NA,16,7,"",100,"Willis 4 Slope 3 2024",100,"yes",7,0.448979591836735,0.796311640173813,0.0978899639333249
