"","Year","Date","Marine.Park","SectorRegion","Name","Reef","Site","Site_notes","Zone","Transect","Depth","Complexity","Total.Macroalgae","Total.HARD.CORAL","Gradient","Total","id","variable","n","group","morph","acro","dim1","dim2","dim3","dim4","t","type","simpDx","morph8"
"1327",2020,"18/03/20","GBR","Northern Great Barrier Reef","Morgan","Escape","Escape 2","","Slope",1,7.5,2,0,38,"0",100,"Escape 2 Slope 1 2020","Acropora...Tabular",0,"HC","Acropora tabular-bushy","yes",0.240328415385067,0.134035421382788,-0.0482618021729126,-0.113169850355026,"ii","high D",0.836565096952909,"Acr. tabular"
"4135",2020,"18/03/20","GBR","Northern Great Barrier Reef","Morgan","Escape","Escape 2","","Slope",1,7.5,2,0,38,"0",100,"Escape 2 Slope 1 2020","Acropora...Staghorn",5,"HC","Acropora branching","yes",0.281922521102274,-0.0635149911254278,0.0204441380642461,0.000409788797686724,"ii","high D",0.836565096952909,"Acr. branching"
"6943",2020,"18/03/20","GBR","Northern Great Barrier Reef","Morgan","Escape","Escape 2","","Slope",1,7.5,2,0,38,"0",100,"Escape 2 Slope 1 2020","Acropora...other",9,"HC","Acropora tabular-bushy","yes",0.139240828086872,0.0128591462882639,-0.0410847341926154,0.0242494399320568,"ii","high D",0.836565096952909,"Acr. Bushy"
"9751",2020,"18/03/20","GBR","Northern Great Barrier Reef","Morgan","Escape","Escape 2","","Slope",1,7.5,2,0,38,"0",100,"Escape 2 Slope 1 2020","Astreopora",1,"HC","Encrusting-submassive","no",-0.100672656808791,0.0249293811191919,0.0437230821454867,0.018986140277716,"ii","high D",0.836565096952909,"Encrusting"
"12559",2020,"18/03/20","GBR","Northern Great Barrier Reef","Morgan","Escape","Escape 2","","Slope",1,7.5,2,0,38,"0",100,"Escape 2 Slope 1 2020","Isopora",1,"HC","Branching (other)","no",0.083912073823699,0.0150709500173525,0.0422969758631734,-0.01667727145447,"ii","high D",0.836565096952909,"Columnar"
"15367",2020,"18/03/20","GBR","Northern Great Barrier Reef","Morgan","Escape","Escape 2","","Slope",1,7.5,2,0,38,"0",100,"Escape 2 Slope 1 2020","Montipora",0,"HC","Encrusting-foliose","no",0.000126234233786947,0.0620124407750369,0.0320823937551572,0.0127030367419577,"ii","high D",0.836565096952909,"Foliose"
"18175",2020,"18/03/20","GBR","Northern Great Barrier Reef","Morgan","Escape","Escape 2","","Slope",1,7.5,2,0,38,"0",100,"Escape 2 Slope 1 2020","Alveopora",0,"HC","Encrusting-submassive","no",-0.0526371368009176,-0.0615944403508045,0.0424184668426243,-0.0317201338697867,"ii","high D",0.836565096952909,"Encrusting"
"20983",2020,"18/03/20","GBR","Northern Great Barrier Reef","Morgan","Escape","Escape 2","","Slope",1,7.5,2,0,38,"0",100,"Escape 2 Slope 1 2020","Pocillopora",2,"HC","Bushy-corymbose (other)","no",0.166418425440558,-0.0150962312552074,0.136213247732585,-0.00967291656217472,"ii","high D",0.836565096952909,"Bushy (other)"
"23791",2020,"18/03/20","GBR","Northern Great Barrier Reef","Morgan","Escape","Escape 2","","Slope",1,7.5,2,0,38,"0",100,"Escape 2 Slope 1 2020","Seriatopora",0,"HC","Bushy-corymbose (other)","no",0.110977725548282,-0.0142253686589396,0.118794405836673,0.0252534379018654,"ii","high D",0.836565096952909,"Bushy (other)"
"26599",2020,"18/03/20","GBR","Northern Great Barrier Reef","Morgan","Escape","Escape 2","","Slope",1,7.5,2,0,38,"0",100,"Escape 2 Slope 1 2020","Stylophora",0,"HC","Bushy-corymbose (other)","no",0.097557848276538,-0.0231199531043404,0.0962806786798844,0.0122126255584989,"ii","high D",0.836565096952909,"Bushy (other)"
"29407",2020,"18/03/20","GBR","Northern Great Barrier Reef","Morgan","Escape","Escape 2","","Slope",1,7.5,2,0,38,"0",100,"Escape 2 Slope 1 2020","Stylocoeniella",0,"HC","Encrusting-submassive","no",-0.155347422346786,0.154422260937258,0.0769372077205655,-0.00783639259123267,"ii","high D",0.836565096952909,"Encrusting"
"32215",2020,"18/03/20","GBR","Northern Great Barrier Reef","Morgan","Escape","Escape 2","","Slope",1,7.5,2,0,38,"0",100,"Escape 2 Slope 1 2020","Porites...Massive",2,"HC","Massive-columnar","no",-0.109183471440086,-0.0863591294127497,-0.0715213942646123,0.0102314522263045,"ii","high D",0.836565096952909,"Massive"
"35023",2020,"18/03/20","GBR","Northern Great Barrier Reef","Morgan","Escape","Escape 2","","Slope",1,7.5,2,0,38,"0",100,"Escape 2 Slope 1 2020","Porites...Branching",4,"HC","Branching (other)","no",0.123056243261964,-0.00484182963326615,-0.0491427758661038,0.0268718400335514,"ii","high D",0.836565096952909,"Branching (other)"
"37831",2020,"18/03/20","GBR","Northern Great Barrier Reef","Morgan","Escape","Escape 2","","Slope",1,7.5,2,0,38,"0",100,"Escape 2 Slope 1 2020","Goniopora",0,"HC","Encrusting-submassive","no",-0.0659013787947221,-0.0813098156213875,-0.0365218300275952,-0.0702797668670932,"ii","high D",0.836565096952909,"Encrusting"
"40639",2020,"18/03/20","GBR","Northern Great Barrier Reef","Morgan","Escape","Escape 2","","Slope",1,7.5,2,0,38,"0",100,"Escape 2 Slope 1 2020","Astrea",0,"HC","Encrusting-submassive","no",-0.200139248881424,-0.0135253955263369,-0.0111714389728248,-0.000347983699355049,"ii","high D",0.836565096952909,"Encrusting"
"43447",2020,"18/03/20","GBR","Northern Great Barrier Reef","Morgan","Escape","Escape 2","","Slope",1,7.5,2,0,38,"0",100,"Escape 2 Slope 1 2020","Cyphastrea",0,"HC","Encrusting-submassive","no",-0.0740270081466874,-0.0976935567247429,-0.0676415376952733,0.00670265600665732,"ii","high D",0.836565096952909,"Encrusting"
"46255",2020,"18/03/20","GBR","Northern Great Barrier Reef","Morgan","Escape","Escape 2","","Slope",1,7.5,2,0,38,"0",100,"Escape 2 Slope 1 2020","Dipsastrea",0,"HC","Massive-columnar","no",-0.170585006194142,-0.0889734366549273,0.0125263195542029,0.0267296895356074,"ii","high D",0.836565096952909,"Massive"
"49063",2020,"18/03/20","GBR","Northern Great Barrier Reef","Morgan","Escape","Escape 2","","Slope",1,7.5,2,0,38,"0",100,"Escape 2 Slope 1 2020","Echinopora",2,"HC","Encrusting-foliose","no",-0.0398533446993827,0.12300727886765,0.0135827578734912,0.0367439036181558,"ii","high D",0.836565096952909,"Foliose"
"51871",2020,"18/03/20","GBR","Northern Great Barrier Reef","Morgan","Escape","Escape 2","","Slope",1,7.5,2,0,38,"0",100,"Escape 2 Slope 1 2020","Favites",1,"HC","Massive-columnar","no",-0.171471606389521,-0.0730282403869843,-0.0106400303078346,0.0218043139061569,"ii","high D",0.836565096952909,"Massive"
"54679",2020,"18/03/20","GBR","Northern Great Barrier Reef","Morgan","Escape","Escape 2","","Slope",1,7.5,2,0,38,"0",100,"Escape 2 Slope 1 2020","Goniastrea",1,"HC","Massive-columnar","no",-0.129567164119885,-0.0573984710048977,-0.0344209724758839,0.0123135211180992,"ii","high D",0.836565096952909,"Massive"
"57487",2020,"18/03/20","GBR","Northern Great Barrier Reef","Morgan","Escape","Escape 2","","Slope",1,7.5,2,0,38,"0",100,"Escape 2 Slope 1 2020","Hydnophora",0,"HC","Encrusting-foliose","no",-0.0220693239268366,-0.0690869121023572,-0.00698765165961518,0.00027039997412355,"ii","high D",0.836565096952909,"Branching (other)"
"60295",2020,"18/03/20","GBR","Northern Great Barrier Reef","Morgan","Escape","Escape 2","","Slope",1,7.5,2,0,38,"0",100,"Escape 2 Slope 1 2020","Leptoria",0,"HC","Massive-columnar","no",-0.170515240925304,-0.00528658882649215,-0.0155198400903626,0.0105260594867268,"ii","high D",0.836565096952909,"Massive"
"63103",2020,"18/03/20","GBR","Northern Great Barrier Reef","Morgan","Escape","Escape 2","","Slope",1,7.5,2,0,38,"0",100,"Escape 2 Slope 1 2020","Merulina",1,"HC","Encrusting-foliose","no",0.0425014257098473,0.0887031191550727,0.0240933120895385,0.0417819724197133,"ii","high D",0.836565096952909,"Foliose"
"65911",2020,"18/03/20","GBR","Northern Great Barrier Reef","Morgan","Escape","Escape 2","","Slope",1,7.5,2,0,38,"0",100,"Escape 2 Slope 1 2020","Platygyra",1,"HC","Massive-columnar","no",-0.127067093111153,-0.110448752671918,-0.0332040623252233,0.0197123259951778,"ii","high D",0.836565096952909,"Massive"
"68719",2020,"18/03/20","GBR","Northern Great Barrier Reef","Morgan","Escape","Escape 2","","Slope",1,7.5,2,0,38,"0",100,"Escape 2 Slope 1 2020","Other.Merulinidae",0,"HC","Massive-columnar","no",-0.0976220474435125,-0.103840087396198,0.00561589762183675,0.0427155327482793,"ii","high D",0.836565096952909,"Massive"
"71527",2020,"18/03/20","GBR","Northern Great Barrier Reef","Morgan","Escape","Escape 2","","Slope",1,7.5,2,0,38,"0",100,"Escape 2 Slope 1 2020","Acanthastrea",0,"HC","Encrusting-submassive","no",NA,NA,NA,NA,"ii","high D",0.836565096952909,"Encrusting"
"74335",2020,"18/03/20","GBR","Northern Great Barrier Reef","Morgan","Escape","Escape 2","","Slope",1,7.5,2,0,38,"0",100,"Escape 2 Slope 1 2020","Echinophyllia",0,"HC","Encrusting-submassive","no",NA,NA,NA,NA,"ii","high D",0.836565096952909,"Encrusting"
"77143",2020,"18/03/20","GBR","Northern Great Barrier Reef","Morgan","Escape","Escape 2","","Slope",1,7.5,2,0,38,"0",100,"Escape 2 Slope 1 2020","Lobophyllia",0,"HC","Massive-columnar","no",NA,NA,NA,NA,"ii","high D",0.836565096952909,"Massive"
"79951",2020,"18/03/20","GBR","Northern Great Barrier Reef","Morgan","Escape","Escape 2","","Slope",1,7.5,2,0,38,"0",100,"Escape 2 Slope 1 2020","Other.Lobophyllidae",0,"HC","Massive-columnar","no",-0.197435081881674,-0.0120328476022908,-0.01673138203562,0.0090115527065433,"ii","high D",0.836565096952909,"Massive"
"82759",2020,"18/03/20","GBR","Northern Great Barrier Reef","Morgan","Escape","Escape 2","","Slope",1,7.5,2,0,38,"0",100,"Escape 2 Slope 1 2020","Coelastrea",0,"HC","Encrusting-submassive","no",-0.191006559312044,-0.122046732964091,0.0156786666717618,0.047344831016019,"ii","high D",0.836565096952909,"Encrusting"
"85567",2020,"18/03/20","GBR","Northern Great Barrier Reef","Morgan","Escape","Escape 2","","Slope",1,7.5,2,0,38,"0",100,"Escape 2 Slope 1 2020","Coeloseris",0,"HC","Encrusting-submassive","no",-0.172704024646529,-0.103426931540477,0.0224755320795815,0.0218105521132626,"ii","high D",0.836565096952909,"Encrusting"
"88375",2020,"18/03/20","GBR","Northern Great Barrier Reef","Morgan","Escape","Escape 2","","Slope",1,7.5,2,0,38,"0",100,"Escape 2 Slope 1 2020","Halomitra",0,"HC","Encrusting-submassive","no",-0.167100178348715,-0.0994352737223055,0.0232958170520704,0.0105711378650488,"ii","high D",0.836565096952909,"Encrusting"
"91183",2020,"18/03/20","GBR","Northern Great Barrier Reef","Morgan","Escape","Escape 2","","Slope",1,7.5,2,0,38,"0",100,"Escape 2 Slope 1 2020","Fungiidae",5,"HC","Encrusting-submassive","no",-0.288910750106923,0.0125049653252868,-0.0013897587730078,-0.0492791056077181,"ii","high D",0.836565096952909,"Encrusting"
"93991",2020,"18/03/20","GBR","Northern Great Barrier Reef","Morgan","Escape","Escape 2","","Slope",1,7.5,2,0,38,"0",100,"Escape 2 Slope 1 2020","Leptastrea",0,"HC","Encrusting-submassive","no",-0.214521734582303,0.0628648419368869,-0.0383011946183843,-0.034818791956,"ii","high D",0.836565096952909,"Encrusting"
"96799",2020,"18/03/20","GBR","Northern Great Barrier Reef","Morgan","Escape","Escape 2","","Slope",1,7.5,2,0,38,"0",100,"Escape 2 Slope 1 2020","Pleisiastrea",0,"HC","Encrusting-submassive","no",-0.155445837745099,-0.108499993195654,0.0140781216756101,0.0555392579872258,"ii","high D",0.836565096952909,"Encrusting"
"99607",2020,"18/03/20","GBR","Northern Great Barrier Reef","Morgan","Escape","Escape 2","","Slope",1,7.5,2,0,38,"0",100,"Escape 2 Slope 1 2020","Diploastrea",0,"HC","Massive-columnar","no",-0.216778905149941,-0.105325535024696,0.110063397271714,0.133818892205185,"ii","high D",0.836565096952909,"Massive"
"102415",2020,"18/03/20","GBR","Northern Great Barrier Reef","Morgan","Escape","Escape 2","","Slope",1,7.5,2,0,38,"0",100,"Escape 2 Slope 1 2020","Galaxea",0,"HC","Massive-columnar","no",NA,NA,NA,NA,"ii","high D",0.836565096952909,"Massive"
"105223",2020,"18/03/20","GBR","Northern Great Barrier Reef","Morgan","Escape","Escape 2","","Slope",1,7.5,2,0,38,"0",100,"Escape 2 Slope 1 2020","Pavona",0,"HC","Massive-columnar","no",-0.0654443393924778,0.0198479615350563,0.0221971014315002,0.00194744347960258,"ii","high D",0.836565096952909,"Columnar"
"108031",2020,"18/03/20","GBR","Northern Great Barrier Reef","Morgan","Escape","Escape 2","","Slope",1,7.5,2,0,38,"0",100,"Escape 2 Slope 1 2020","Coscinarea",0,"HC","Massive-columnar","no",NA,NA,NA,NA,"ii","high D",0.836565096952909,"Columnar"
"110839",2020,"18/03/20","GBR","Northern Great Barrier Reef","Morgan","Escape","Escape 2","","Slope",1,7.5,2,0,38,"0",100,"Escape 2 Slope 1 2020","Psammocora",0,"HC","Massive-columnar","no",-0.0600891759544262,-0.0719212142509173,0.175306192059123,-0.063179821215691,"ii","high D",0.836565096952909,"Columnar"
"113647",2020,"18/03/20","GBR","Northern Great Barrier Reef","Morgan","Escape","Escape 2","","Slope",1,7.5,2,0,38,"0",100,"Escape 2 Slope 1 2020","Pachyseris",0,"HC","Encrusting-foliose","no",NA,NA,NA,NA,"ii","high D",0.836565096952909,"Foliose"
"116455",2020,"18/03/20","GBR","Northern Great Barrier Reef","Morgan","Escape","Escape 2","","Slope",1,7.5,2,0,38,"0",100,"Escape 2 Slope 1 2020","Turbinaria",1,"HC","Encrusting-foliose","no",-0.00292058014456572,0.0975100417830366,-0.106730622255791,0.0111431296279639,"ii","high D",0.836565096952909,"Foliose"
"119263",2020,"18/03/20","GBR","Northern Great Barrier Reef","Morgan","Escape","Escape 2","","Slope",1,7.5,2,0,38,"0",100,"Escape 2 Slope 1 2020","Euphyllia",0,"HC","Encrusting-submassive","no",NA,NA,NA,NA,"ii","high D",0.836565096952909,"Encrusting"
"122071",2020,"18/03/20","GBR","Northern Great Barrier Reef","Morgan","Escape","Escape 2","","Slope",1,7.5,2,0,38,"0",100,"Escape 2 Slope 1 2020","Physogyra",1,"HC","Encrusting-submassive","no",-0.180173889787317,-0.109520721193129,0.0147571930085642,0.04001649075012,"ii","high D",0.836565096952909,"Encrusting"
"124879",2020,"18/03/20","GBR","Northern Great Barrier Reef","Morgan","Escape","Escape 2","","Slope",1,7.5,2,0,38,"0",100,"Escape 2 Slope 1 2020","Oulophyllia",0,"HC","Encrusting-submassive","no",-0.132842657941001,-0.153276401502432,-0.0977986435840669,0.0531246771872431,"ii","high D",0.836565096952909,"Encrusting"
"127687",2020,"18/03/20","GBR","Northern Great Barrier Reef","Morgan","Escape","Escape 2","","Slope",1,7.5,2,0,38,"0",100,"Escape 2 Slope 1 2020","Mycedium",0,"HC","Encrusting-submassive","no",-0.0240667153975248,0.176838301127354,0.0480601262723803,0.0328882948010575,"ii","high D",0.836565096952909,"Encrusting"
"130495",2020,"18/03/20","GBR","Northern Great Barrier Reef","Morgan","Escape","Escape 2","","Slope",1,7.5,2,0,38,"0",100,"Escape 2 Slope 1 2020","Cynarina",0,"HC","Encrusting-submassive","no",NA,NA,NA,NA,"ii","high D",0.836565096952909,"Encrusting"
"133303",2020,"18/03/20","GBR","Northern Great Barrier Reef","Morgan","Escape","Escape 2","","Slope",1,7.5,2,0,38,"0",100,"Escape 2 Slope 1 2020","Gardinoseris",0,"HC","Encrusting-submassive","no",-0.140359849533919,-0.0922340986024226,0.0252378267861654,0.0236217710367828,"ii","high D",0.836565096952909,"Encrusting"
"136111",2020,"18/03/20","GBR","Northern Great Barrier Reef","Morgan","Escape","Escape 2","","Slope",1,7.5,2,0,38,"0",100,"Escape 2 Slope 1 2020","Leptoseris",0,"HC","Encrusting-foliose","no",-0.113176808041431,0.175498836497856,0.06293299577905,0.0173592087938436,"ii","high D",0.836565096952909,"Foliose"
"138919",2020,"18/03/20","GBR","Northern Great Barrier Reef","Morgan","Escape","Escape 2","","Slope",1,7.5,2,0,38,"0",100,"Escape 2 Slope 1 2020","Oxypora",0,"HC","Encrusting-submassive","no",NA,NA,NA,NA,"ii","high D",0.836565096952909,"Encrusting"
"141727",2020,"18/03/20","GBR","Northern Great Barrier Reef","Morgan","Escape","Escape 2","","Slope",1,7.5,2,0,38,"0",100,"Escape 2 Slope 1 2020","Scapophyllia",0,"HC","Encrusting-submassive","no",0.0481781615794045,-0.193096592599396,0.0971301774795498,-0.10679088278928,"ii","high D",0.836565096952909,"Encrusting"
"144535",2020,"18/03/20","GBR","Northern Great Barrier Reef","Morgan","Escape","Escape 2","","Slope",1,7.5,2,0,38,"0",100,"Escape 2 Slope 1 2020","Pectinia",0,"HC","Encrusting-foliose","no",0.0194150178906054,0.0499762641006908,0.00536152825216163,0.0422710623011345,"ii","high D",0.836565096952909,"Foliose"
"147343",2020,"18/03/20","GBR","Northern Great Barrier Reef","Morgan","Escape","Escape 2","","Slope",1,7.5,2,0,38,"0",100,"Escape 2 Slope 1 2020","Bernardpora",0,"HC","Encrusting-submassive","no",-0.199811883259408,0.0882839692151224,-0.0429146808591924,-0.0456104914730866,"ii","high D",0.836565096952909,"Encrusting"
"150151",2020,"18/03/20","GBR","Northern Great Barrier Reef","Morgan","Escape","Escape 2","","Slope",1,7.5,2,0,38,"0",100,"Escape 2 Slope 1 2020","Podabacia",0,"HC","Encrusting-submassive","no",-0.226730189710759,0.125257951054428,0.0358318279843551,-0.0138452856305281,"ii","high D",0.836565096952909,"Encrusting"
"152959",2020,"18/03/20","GBR","Northern Great Barrier Reef","Morgan","Escape","Escape 2","","Slope",1,7.5,2,0,38,"0",100,"Escape 2 Slope 1 2020","Tubastrea",0,"HC","Encrusting-submassive","no",NA,NA,NA,NA,"ii","high D",0.836565096952909,"Encrusting"
"155767",2020,"18/03/20","GBR","Northern Great Barrier Reef","Morgan","Escape","Escape 2","","Slope",1,7.5,2,0,38,"0",100,"Escape 2 Slope 1 2020","Paramontastrea",0,"HC","Encrusting-submassive","no",-0.114144587797251,-0.116915343487126,-0.0686247810581562,0.00929682681947961,"ii","high D",0.836565096952909,"Encrusting"
"158575",2020,"18/03/20","GBR","Northern Great Barrier Reef","Morgan","Escape","Escape 2","","Slope",1,7.5,2,0,38,"0",100,"Escape 2 Slope 1 2020","Paragoniastrea",0,"HC","Encrusting-submassive","no",-0.191967916813352,-0.0306993831342351,-0.02473163933448,0.0116447556061084,"ii","high D",0.836565096952909,"Encrusting"
"161383",2020,"18/03/20","GBR","Northern Great Barrier Reef","Morgan","Escape","Escape 2","","Slope",1,7.5,2,0,38,"0",100,"Escape 2 Slope 1 2020","Homophyllia",0,"HC","Encrusting-submassive","no",NA,NA,NA,NA,"ii","high D",0.836565096952909,"Encrusting"
"164191",2020,"18/03/20","GBR","Northern Great Barrier Reef","Morgan","Escape","Escape 2","","Slope",1,7.5,2,0,38,"0",100,"Escape 2 Slope 1 2020","Plerogyra",0,"HC","Encrusting-submassive","no",-0.105316075822891,-0.0998453875118921,0.0298845828432979,0.0359379942601894,"ii","high D",0.836565096952909,"Encrusting"
"166999",2020,"18/03/20","GBR","Northern Great Barrier Reef","Morgan","Escape","Escape 2","","Slope",1,7.5,2,0,38,"0",100,"Escape 2 Slope 1 2020","Australogyra",1,"HC","Massive-columnar","no",0.13065872570089,-0.0786784170899101,-0.0231514150570016,0.0367130452636839,"ii","high D",0.836565096952909,"Columnar"
"169807",2020,"18/03/20","GBR","Northern Great Barrier Reef","Morgan","Escape","Escape 2","","Slope",1,7.5,2,0,38,"0",100,"Escape 2 Slope 1 2020","Millepora",0,"Other","none","no",NA,NA,NA,NA,"ii","high D",0.836565096952909,"none"
"172615",2020,"18/03/20","GBR","Northern Great Barrier Reef","Morgan","Escape","Escape 2","","Slope",1,7.5,2,0,38,"0",100,"Escape 2 Slope 1 2020","Lobophytum",0,"SoC","none","no",NA,NA,NA,NA,"ii","high D",0.836565096952909,"none"
"175423",2020,"18/03/20","GBR","Northern Great Barrier Reef","Morgan","Escape","Escape 2","","Slope",1,7.5,2,0,38,"0",100,"Escape 2 Slope 1 2020","Sarcophyton",0,"SoC","none","no",NA,NA,NA,NA,"ii","high D",0.836565096952909,"none"
"178231",2020,"18/03/20","GBR","Northern Great Barrier Reef","Morgan","Escape","Escape 2","","Slope",1,7.5,2,0,38,"0",100,"Escape 2 Slope 1 2020","Sinularia",0,"SoC","none","no",NA,NA,NA,NA,"ii","high D",0.836565096952909,"none"
"181039",2020,"18/03/20","GBR","Northern Great Barrier Reef","Morgan","Escape","Escape 2","","Slope",1,7.5,2,0,38,"0",100,"Escape 2 Slope 1 2020","Palythoa",0,"SoC","none","no",NA,NA,NA,NA,"ii","high D",0.836565096952909,"none"
"183847",2020,"18/03/20","GBR","Northern Great Barrier Reef","Morgan","Escape","Escape 2","","Slope",1,7.5,2,0,38,"0",100,"Escape 2 Slope 1 2020","Rhytisma",0,"SoC","none","no",NA,NA,NA,NA,"ii","high D",0.836565096952909,"none"
"186655",2020,"18/03/20","GBR","Northern Great Barrier Reef","Morgan","Escape","Escape 2","","Slope",1,7.5,2,0,38,"0",100,"Escape 2 Slope 1 2020","Xenia",0,"SoC","none","no",NA,NA,NA,NA,"ii","high D",0.836565096952909,"none"
"189463",2020,"18/03/20","GBR","Northern Great Barrier Reef","Morgan","Escape","Escape 2","","Slope",1,7.5,2,0,38,"0",100,"Escape 2 Slope 1 2020","Heliopora",0,"SoC","none","no",NA,NA,NA,NA,"ii","high D",0.836565096952909,"none"
"192271",2020,"18/03/20","GBR","Northern Great Barrier Reef","Morgan","Escape","Escape 2","","Slope",1,7.5,2,0,38,"0",100,"Escape 2 Slope 1 2020","Tubipora",0,"SoC","none","no",NA,NA,NA,NA,"ii","high D",0.836565096952909,"none"
"195079",2020,"18/03/20","GBR","Northern Great Barrier Reef","Morgan","Escape","Escape 2","","Slope",1,7.5,2,0,38,"0",100,"Escape 2 Slope 1 2020","Distichopora",0,"SoC","none","no",NA,NA,NA,NA,"ii","high D",0.836565096952909,"none"
"197887",2020,"18/03/20","GBR","Northern Great Barrier Reef","Morgan","Escape","Escape 2","","Slope",1,7.5,2,0,38,"0",100,"Escape 2 Slope 1 2020","Nepthea",0,"SoC","none","no",NA,NA,NA,NA,"ii","high D",0.836565096952909,"none"
"200695",2020,"18/03/20","GBR","Northern Great Barrier Reef","Morgan","Escape","Escape 2","","Slope",1,7.5,2,0,38,"0",100,"Escape 2 Slope 1 2020","Dendronephthea",0,"SoC","none","no",NA,NA,NA,NA,"ii","high D",0.836565096952909,"none"
"203503",2020,"18/03/20","GBR","Northern Great Barrier Reef","Morgan","Escape","Escape 2","","Slope",1,7.5,2,0,38,"0",100,"Escape 2 Slope 1 2020","Other.soft.coral",0,"SoC","none","no",NA,NA,NA,NA,"ii","high D",0.836565096952909,"none"
"206311",2020,"18/03/20","GBR","Northern Great Barrier Reef","Morgan","Escape","Escape 2","","Slope",1,7.5,2,0,38,"0",100,"Escape 2 Slope 1 2020","Caleurpa",0,"MA","none","no",NA,NA,NA,NA,"ii","high D",0.836565096952909,"none"
"209119",2020,"18/03/20","GBR","Northern Great Barrier Reef","Morgan","Escape","Escape 2","","Slope",1,7.5,2,0,38,"0",100,"Escape 2 Slope 1 2020","Gracilaria",0,"MA","none","no",NA,NA,NA,NA,"ii","high D",0.836565096952909,"none"
"211927",2020,"18/03/20","GBR","Northern Great Barrier Reef","Morgan","Escape","Escape 2","","Slope",1,7.5,2,0,38,"0",100,"Escape 2 Slope 1 2020","Halimeda",0,"MA","none","no",NA,NA,NA,NA,"ii","high D",0.836565096952909,"none"
"214735",2020,"18/03/20","GBR","Northern Great Barrier Reef","Morgan","Escape","Escape 2","","Slope",1,7.5,2,0,38,"0",100,"Escape 2 Slope 1 2020","Galaxaura",0,"MA","none","no",NA,NA,NA,NA,"ii","high D",0.836565096952909,"none"
"217543",2020,"18/03/20","GBR","Northern Great Barrier Reef","Morgan","Escape","Escape 2","","Slope",1,7.5,2,0,38,"0",100,"Escape 2 Slope 1 2020","Laurencia",0,"MA","none","no",NA,NA,NA,NA,"ii","high D",0.836565096952909,"none"
"220351",2020,"18/03/20","GBR","Northern Great Barrier Reef","Morgan","Escape","Escape 2","","Slope",1,7.5,2,0,38,"0",100,"Escape 2 Slope 1 2020","Chlorodesmis",0,"MA","none","no",NA,NA,NA,NA,"ii","high D",0.836565096952909,"none"
"223159",2020,"18/03/20","GBR","Northern Great Barrier Reef","Morgan","Escape","Escape 2","","Slope",1,7.5,2,0,38,"0",100,"Escape 2 Slope 1 2020","Halymenia",0,"MA","none","no",NA,NA,NA,NA,"ii","high D",0.836565096952909,"none"
"225967",2020,"18/03/20","GBR","Northern Great Barrier Reef","Morgan","Escape","Escape 2","","Slope",1,7.5,2,0,38,"0",100,"Escape 2 Slope 1 2020","Blue.green.algae",0,"MA","none","no",NA,NA,NA,NA,"ii","high D",0.836565096952909,"none"
"228775",2020,"18/03/20","GBR","Northern Great Barrier Reef","Morgan","Escape","Escape 2","","Slope",1,7.5,2,0,38,"0",100,"Escape 2 Slope 1 2020","Shaggy.carpet",0,"MA","none","no",NA,NA,NA,NA,"ii","high D",0.836565096952909,"none"
"231583",2020,"18/03/20","GBR","Northern Great Barrier Reef","Morgan","Escape","Escape 2","","Slope",1,7.5,2,0,38,"0",100,"Escape 2 Slope 1 2020","Turbinaria..Algae.",0,"MA","none","no",NA,NA,NA,NA,"ii","high D",0.836565096952909,"none"
"234391",2020,"18/03/20","GBR","Northern Great Barrier Reef","Morgan","Escape","Escape 2","","Slope",1,7.5,2,0,38,"0",100,"Escape 2 Slope 1 2020","Udeota",0,"MA","none","no",NA,NA,NA,NA,"ii","high D",0.836565096952909,"none"
"237199",2020,"18/03/20","GBR","Northern Great Barrier Reef","Morgan","Escape","Escape 2","","Slope",1,7.5,2,0,38,"0",100,"Escape 2 Slope 1 2020","Amphiroa",0,"MA","none","no",NA,NA,NA,NA,"ii","high D",0.836565096952909,"none"
"240007",2020,"18/03/20","GBR","Northern Great Barrier Reef","Morgan","Escape","Escape 2","","Slope",1,7.5,2,0,38,"0",100,"Escape 2 Slope 1 2020","Dictyosphaeria",0,"MA","none","no",NA,NA,NA,NA,"ii","high D",0.836565096952909,"none"
"242815",2020,"18/03/20","GBR","Northern Great Barrier Reef","Morgan","Escape","Escape 2","","Slope",1,7.5,2,0,38,"0",100,"Escape 2 Slope 1 2020","Rhipiliopsis.",0,"MA","none","no",NA,NA,NA,NA,"ii","high D",0.836565096952909,"none"
"245623",2020,"18/03/20","GBR","Northern Great Barrier Reef","Morgan","Escape","Escape 2","","Slope",1,7.5,2,0,38,"0",100,"Escape 2 Slope 1 2020","Codium",0,"MA","none","no",NA,NA,NA,NA,"ii","high D",0.836565096952909,"none"
"248431",2020,"18/03/20","GBR","Northern Great Barrier Reef","Morgan","Escape","Escape 2","","Slope",1,7.5,2,0,38,"0",100,"Escape 2 Slope 1 2020","Other.algae",0,"MA","none","no",NA,NA,NA,NA,"ii","high D",0.836565096952909,"none"
"251239",2020,"18/03/20","GBR","Northern Great Barrier Reef","Morgan","Escape","Escape 2","","Slope",1,7.5,2,0,38,"0",100,"Escape 2 Slope 1 2020","Gorgonians.incl.Isis.",0,"SoC","none","no",NA,NA,NA,NA,"ii","high D",0.836565096952909,"none"
"254047",2020,"18/03/20","GBR","Northern Great Barrier Reef","Morgan","Escape","Escape 2","","Slope",1,7.5,2,0,38,"0",100,"Escape 2 Slope 1 2020","Hydroid",0,"Other","none","no",NA,NA,NA,NA,"ii","high D",0.836565096952909,"none"
"256855",2020,"18/03/20","GBR","Northern Great Barrier Reef","Morgan","Escape","Escape 2","","Slope",1,7.5,2,0,38,"0",100,"Escape 2 Slope 1 2020","Sponges",0,"Other","none","no",NA,NA,NA,NA,"ii","high D",0.836565096952909,"none"
"259663",2020,"18/03/20","GBR","Northern Great Barrier Reef","Morgan","Escape","Escape 2","","Slope",1,7.5,2,0,38,"0",100,"Escape 2 Slope 1 2020","Anemone",0,"Other","none","no",NA,NA,NA,NA,"ii","high D",0.836565096952909,"none"
"262471",2020,"18/03/20","GBR","Northern Great Barrier Reef","Morgan","Escape","Escape 2","","Slope",1,7.5,2,0,38,"0",100,"Escape 2 Slope 1 2020","Zooanthid",0,"Other","none","no",NA,NA,NA,NA,"ii","high D",0.836565096952909,"none"
"265279",2020,"18/03/20","GBR","Northern Great Barrier Reef","Morgan","Escape","Escape 2","","Slope",1,7.5,2,0,38,"0",100,"Escape 2 Slope 1 2020","Other.benthic.organism",0,"Other","none","no",NA,NA,NA,NA,"ii","high D",0.836565096952909,"none"
"268087",2020,"18/03/20","GBR","Northern Great Barrier Reef","Morgan","Escape","Escape 2","","Slope",1,7.5,2,0,38,"0",100,"Escape 2 Slope 1 2020","Sand.Rubble",6,"Sand","none","no",NA,NA,NA,NA,"ii","high D",0.836565096952909,"none"
"270895",2020,"18/03/20","GBR","Northern Great Barrier Reef","Morgan","Escape","Escape 2","","Slope",1,7.5,2,0,38,"0",100,"Escape 2 Slope 1 2020","CCA.Pavement",17,"CCA","none","no",NA,NA,NA,NA,"ii","high D",0.836565096952909,"none"
"273703",2020,"18/03/20","GBR","Northern Great Barrier Reef","Morgan","Escape","Escape 2","","Slope",1,7.5,2,0,38,"0",100,"Escape 2 Slope 1 2020","Turf.Pavement",39,"Turf","none","no",NA,NA,NA,NA,"ii","high D",0.836565096952909,"none"
"2425",2023,"25/02/2023","Coral Sea","Northern Coral Sea","Josie","Boot","Boot 5","5","Slope",1,9.2,3.5,16,16,"35",100,"Boot 5 Slope 1 2023","Acropora...Tabular",2,"HC","Acropora tabular-bushy","yes",0.240328415385067,0.134035421382788,-0.0482618021729126,-0.113169850355026,"i","high D",0.8359375,"Acr. tabular"
"5233",2023,"25/02/2023","Coral Sea","Northern Coral Sea","Josie","Boot","Boot 5","5","Slope",1,9.2,3.5,16,16,"35",100,"Boot 5 Slope 1 2023","Acropora...Staghorn",2,"HC","Acropora branching","yes",0.281922521102274,-0.0635149911254278,0.0204441380642461,0.000409788797686724,"i","high D",0.8359375,"Acr. branching"
"8041",2023,"25/02/2023","Coral Sea","Northern Coral Sea","Josie","Boot","Boot 5","5","Slope",1,9.2,3.5,16,16,"35",100,"Boot 5 Slope 1 2023","Acropora...other",0,"HC","Acropora tabular-bushy","yes",0.139240828086872,0.0128591462882639,-0.0410847341926154,0.0242494399320568,"i","high D",0.8359375,"Acr. Bushy"
"10849",2023,"25/02/2023","Coral Sea","Northern Coral Sea","Josie","Boot","Boot 5","5","Slope",1,9.2,3.5,16,16,"35",100,"Boot 5 Slope 1 2023","Astreopora",1,"HC","Encrusting-submassive","no",-0.100672656808791,0.0249293811191919,0.0437230821454867,0.018986140277716,"i","high D",0.8359375,"Encrusting"
"13657",2023,"25/02/2023","Coral Sea","Northern Coral Sea","Josie","Boot","Boot 5","5","Slope",1,9.2,3.5,16,16,"35",100,"Boot 5 Slope 1 2023","Isopora",2,"HC","Branching (other)","no",0.083912073823699,0.0150709500173525,0.0422969758631734,-0.01667727145447,"i","high D",0.8359375,"Columnar"
"16465",2023,"25/02/2023","Coral Sea","Northern Coral Sea","Josie","Boot","Boot 5","5","Slope",1,9.2,3.5,16,16,"35",100,"Boot 5 Slope 1 2023","Montipora",0,"HC","Encrusting-foliose","no",0.000126234233786947,0.0620124407750369,0.0320823937551572,0.0127030367419577,"i","high D",0.8359375,"Foliose"
"19273",2023,"25/02/2023","Coral Sea","Northern Coral Sea","Josie","Boot","Boot 5","5","Slope",1,9.2,3.5,16,16,"35",100,"Boot 5 Slope 1 2023","Alveopora",0,"HC","Encrusting-submassive","no",-0.0526371368009176,-0.0615944403508045,0.0424184668426243,-0.0317201338697867,"i","high D",0.8359375,"Encrusting"
"22081",2023,"25/02/2023","Coral Sea","Northern Coral Sea","Josie","Boot","Boot 5","5","Slope",1,9.2,3.5,16,16,"35",100,"Boot 5 Slope 1 2023","Pocillopora",4,"HC","Bushy-corymbose (other)","no",0.166418425440558,-0.0150962312552074,0.136213247732585,-0.00967291656217472,"i","high D",0.8359375,"Bushy (other)"
"24889",2023,"25/02/2023","Coral Sea","Northern Coral Sea","Josie","Boot","Boot 5","5","Slope",1,9.2,3.5,16,16,"35",100,"Boot 5 Slope 1 2023","Seriatopora",0,"HC","Bushy-corymbose (other)","no",0.110977725548282,-0.0142253686589396,0.118794405836673,0.0252534379018654,"i","high D",0.8359375,"Bushy (other)"
"27697",2023,"25/02/2023","Coral Sea","Northern Coral Sea","Josie","Boot","Boot 5","5","Slope",1,9.2,3.5,16,16,"35",100,"Boot 5 Slope 1 2023","Stylophora",0,"HC","Bushy-corymbose (other)","no",0.097557848276538,-0.0231199531043404,0.0962806786798844,0.0122126255584989,"i","high D",0.8359375,"Bushy (other)"
"30505",2023,"25/02/2023","Coral Sea","Northern Coral Sea","Josie","Boot","Boot 5","5","Slope",1,9.2,3.5,16,16,"35",100,"Boot 5 Slope 1 2023","Stylocoeniella",0,"HC","Encrusting-submassive","no",-0.155347422346786,0.154422260937258,0.0769372077205655,-0.00783639259123267,"i","high D",0.8359375,"Encrusting"
"33313",2023,"25/02/2023","Coral Sea","Northern Coral Sea","Josie","Boot","Boot 5","5","Slope",1,9.2,3.5,16,16,"35",100,"Boot 5 Slope 1 2023","Porites...Massive",0,"HC","Massive-columnar","no",-0.109183471440086,-0.0863591294127497,-0.0715213942646123,0.0102314522263045,"i","high D",0.8359375,"Massive"
"36121",2023,"25/02/2023","Coral Sea","Northern Coral Sea","Josie","Boot","Boot 5","5","Slope",1,9.2,3.5,16,16,"35",100,"Boot 5 Slope 1 2023","Porites...Branching",0,"HC","Branching (other)","no",0.123056243261964,-0.00484182963326615,-0.0491427758661038,0.0268718400335514,"i","high D",0.8359375,"Branching (other)"
"38929",2023,"25/02/2023","Coral Sea","Northern Coral Sea","Josie","Boot","Boot 5","5","Slope",1,9.2,3.5,16,16,"35",100,"Boot 5 Slope 1 2023","Goniopora",0,"HC","Encrusting-submassive","no",-0.0659013787947221,-0.0813098156213875,-0.0365218300275952,-0.0702797668670932,"i","high D",0.8359375,"Encrusting"
"41737",2023,"25/02/2023","Coral Sea","Northern Coral Sea","Josie","Boot","Boot 5","5","Slope",1,9.2,3.5,16,16,"35",100,"Boot 5 Slope 1 2023","Astrea",0,"HC","Encrusting-submassive","no",-0.200139248881424,-0.0135253955263369,-0.0111714389728248,-0.000347983699355049,"i","high D",0.8359375,"Encrusting"
"44545",2023,"25/02/2023","Coral Sea","Northern Coral Sea","Josie","Boot","Boot 5","5","Slope",1,9.2,3.5,16,16,"35",100,"Boot 5 Slope 1 2023","Cyphastrea",1,"HC","Encrusting-submassive","no",-0.0740270081466874,-0.0976935567247429,-0.0676415376952733,0.00670265600665732,"i","high D",0.8359375,"Encrusting"
"47353",2023,"25/02/2023","Coral Sea","Northern Coral Sea","Josie","Boot","Boot 5","5","Slope",1,9.2,3.5,16,16,"35",100,"Boot 5 Slope 1 2023","Dipsastrea",0,"HC","Massive-columnar","no",-0.170585006194142,-0.0889734366549273,0.0125263195542029,0.0267296895356074,"i","high D",0.8359375,"Massive"
"50161",2023,"25/02/2023","Coral Sea","Northern Coral Sea","Josie","Boot","Boot 5","5","Slope",1,9.2,3.5,16,16,"35",100,"Boot 5 Slope 1 2023","Echinopora",0,"HC","Encrusting-foliose","no",-0.0398533446993827,0.12300727886765,0.0135827578734912,0.0367439036181558,"i","high D",0.8359375,"Foliose"
"52969",2023,"25/02/2023","Coral Sea","Northern Coral Sea","Josie","Boot","Boot 5","5","Slope",1,9.2,3.5,16,16,"35",100,"Boot 5 Slope 1 2023","Favites",0,"HC","Massive-columnar","no",-0.171471606389521,-0.0730282403869843,-0.0106400303078346,0.0218043139061569,"i","high D",0.8359375,"Massive"
"55777",2023,"25/02/2023","Coral Sea","Northern Coral Sea","Josie","Boot","Boot 5","5","Slope",1,9.2,3.5,16,16,"35",100,"Boot 5 Slope 1 2023","Goniastrea",1,"HC","Massive-columnar","no",-0.129567164119885,-0.0573984710048977,-0.0344209724758839,0.0123135211180992,"i","high D",0.8359375,"Massive"
"58585",2023,"25/02/2023","Coral Sea","Northern Coral Sea","Josie","Boot","Boot 5","5","Slope",1,9.2,3.5,16,16,"35",100,"Boot 5 Slope 1 2023","Hydnophora",1,"HC","Encrusting-foliose","no",-0.0220693239268366,-0.0690869121023572,-0.00698765165961518,0.00027039997412355,"i","high D",0.8359375,"Branching (other)"
"61393",2023,"25/02/2023","Coral Sea","Northern Coral Sea","Josie","Boot","Boot 5","5","Slope",1,9.2,3.5,16,16,"35",100,"Boot 5 Slope 1 2023","Leptoria",0,"HC","Massive-columnar","no",-0.170515240925304,-0.00528658882649215,-0.0155198400903626,0.0105260594867268,"i","high D",0.8359375,"Massive"
"64201",2023,"25/02/2023","Coral Sea","Northern Coral Sea","Josie","Boot","Boot 5","5","Slope",1,9.2,3.5,16,16,"35",100,"Boot 5 Slope 1 2023","Merulina",0,"HC","Encrusting-foliose","no",0.0425014257098473,0.0887031191550727,0.0240933120895385,0.0417819724197133,"i","high D",0.8359375,"Foliose"
"67009",2023,"25/02/2023","Coral Sea","Northern Coral Sea","Josie","Boot","Boot 5","5","Slope",1,9.2,3.5,16,16,"35",100,"Boot 5 Slope 1 2023","Platygyra",0,"HC","Massive-columnar","no",-0.127067093111153,-0.110448752671918,-0.0332040623252233,0.0197123259951778,"i","high D",0.8359375,"Massive"
"69817",2023,"25/02/2023","Coral Sea","Northern Coral Sea","Josie","Boot","Boot 5","5","Slope",1,9.2,3.5,16,16,"35",100,"Boot 5 Slope 1 2023","Other.Merulinidae",0,"HC","Massive-columnar","no",-0.0976220474435125,-0.103840087396198,0.00561589762183675,0.0427155327482793,"i","high D",0.8359375,"Massive"
"72625",2023,"25/02/2023","Coral Sea","Northern Coral Sea","Josie","Boot","Boot 5","5","Slope",1,9.2,3.5,16,16,"35",100,"Boot 5 Slope 1 2023","Acanthastrea",0,"HC","Encrusting-submassive","no",NA,NA,NA,NA,"i","high D",0.8359375,"Encrusting"
"75433",2023,"25/02/2023","Coral Sea","Northern Coral Sea","Josie","Boot","Boot 5","5","Slope",1,9.2,3.5,16,16,"35",100,"Boot 5 Slope 1 2023","Echinophyllia",0,"HC","Encrusting-submassive","no",NA,NA,NA,NA,"i","high D",0.8359375,"Encrusting"
"78241",2023,"25/02/2023","Coral Sea","Northern Coral Sea","Josie","Boot","Boot 5","5","Slope",1,9.2,3.5,16,16,"35",100,"Boot 5 Slope 1 2023","Lobophyllia",0,"HC","Massive-columnar","no",NA,NA,NA,NA,"i","high D",0.8359375,"Massive"
"81049",2023,"25/02/2023","Coral Sea","Northern Coral Sea","Josie","Boot","Boot 5","5","Slope",1,9.2,3.5,16,16,"35",100,"Boot 5 Slope 1 2023","Other.Lobophyllidae",0,"HC","Massive-columnar","no",-0.197435081881674,-0.0120328476022908,-0.01673138203562,0.0090115527065433,"i","high D",0.8359375,"Massive"
"83857",2023,"25/02/2023","Coral Sea","Northern Coral Sea","Josie","Boot","Boot 5","5","Slope",1,9.2,3.5,16,16,"35",100,"Boot 5 Slope 1 2023","Coelastrea",0,"HC","Encrusting-submassive","no",-0.191006559312044,-0.122046732964091,0.0156786666717618,0.047344831016019,"i","high D",0.8359375,"Encrusting"
"86665",2023,"25/02/2023","Coral Sea","Northern Coral Sea","Josie","Boot","Boot 5","5","Slope",1,9.2,3.5,16,16,"35",100,"Boot 5 Slope 1 2023","Coeloseris",0,"HC","Encrusting-submassive","no",-0.172704024646529,-0.103426931540477,0.0224755320795815,0.0218105521132626,"i","high D",0.8359375,"Encrusting"
"89473",2023,"25/02/2023","Coral Sea","Northern Coral Sea","Josie","Boot","Boot 5","5","Slope",1,9.2,3.5,16,16,"35",100,"Boot 5 Slope 1 2023","Halomitra",0,"HC","Encrusting-submassive","no",-0.167100178348715,-0.0994352737223055,0.0232958170520704,0.0105711378650488,"i","high D",0.8359375,"Encrusting"
"92281",2023,"25/02/2023","Coral Sea","Northern Coral Sea","Josie","Boot","Boot 5","5","Slope",1,9.2,3.5,16,16,"35",100,"Boot 5 Slope 1 2023","Fungiidae",1,"HC","Encrusting-submassive","no",-0.288910750106923,0.0125049653252868,-0.0013897587730078,-0.0492791056077181,"i","high D",0.8359375,"Encrusting"
"95089",2023,"25/02/2023","Coral Sea","Northern Coral Sea","Josie","Boot","Boot 5","5","Slope",1,9.2,3.5,16,16,"35",100,"Boot 5 Slope 1 2023","Leptastrea",0,"HC","Encrusting-submassive","no",-0.214521734582303,0.0628648419368869,-0.0383011946183843,-0.034818791956,"i","high D",0.8359375,"Encrusting"
"97897",2023,"25/02/2023","Coral Sea","Northern Coral Sea","Josie","Boot","Boot 5","5","Slope",1,9.2,3.5,16,16,"35",100,"Boot 5 Slope 1 2023","Pleisiastrea",0,"HC","Encrusting-submassive","no",-0.155445837745099,-0.108499993195654,0.0140781216756101,0.0555392579872258,"i","high D",0.8359375,"Encrusting"
"100705",2023,"25/02/2023","Coral Sea","Northern Coral Sea","Josie","Boot","Boot 5","5","Slope",1,9.2,3.5,16,16,"35",100,"Boot 5 Slope 1 2023","Diploastrea",0,"HC","Massive-columnar","no",-0.216778905149941,-0.105325535024696,0.110063397271714,0.133818892205185,"i","high D",0.8359375,"Massive"
"103513",2023,"25/02/2023","Coral Sea","Northern Coral Sea","Josie","Boot","Boot 5","5","Slope",1,9.2,3.5,16,16,"35",100,"Boot 5 Slope 1 2023","Galaxea",0,"HC","Massive-columnar","no",NA,NA,NA,NA,"i","high D",0.8359375,"Massive"
"106321",2023,"25/02/2023","Coral Sea","Northern Coral Sea","Josie","Boot","Boot 5","5","Slope",1,9.2,3.5,16,16,"35",100,"Boot 5 Slope 1 2023","Pavona",0,"HC","Massive-columnar","no",-0.0654443393924778,0.0198479615350563,0.0221971014315002,0.00194744347960258,"i","high D",0.8359375,"Columnar"
"109129",2023,"25/02/2023","Coral Sea","Northern Coral Sea","Josie","Boot","Boot 5","5","Slope",1,9.2,3.5,16,16,"35",100,"Boot 5 Slope 1 2023","Coscinarea",0,"HC","Massive-columnar","no",NA,NA,NA,NA,"i","high D",0.8359375,"Columnar"
"111937",2023,"25/02/2023","Coral Sea","Northern Coral Sea","Josie","Boot","Boot 5","5","Slope",1,9.2,3.5,16,16,"35",100,"Boot 5 Slope 1 2023","Psammocora",1,"HC","Massive-columnar","no",-0.0600891759544262,-0.0719212142509173,0.175306192059123,-0.063179821215691,"i","high D",0.8359375,"Columnar"
"114745",2023,"25/02/2023","Coral Sea","Northern Coral Sea","Josie","Boot","Boot 5","5","Slope",1,9.2,3.5,16,16,"35",100,"Boot 5 Slope 1 2023","Pachyseris",0,"HC","Encrusting-foliose","no",NA,NA,NA,NA,"i","high D",0.8359375,"Foliose"
"117553",2023,"25/02/2023","Coral Sea","Northern Coral Sea","Josie","Boot","Boot 5","5","Slope",1,9.2,3.5,16,16,"35",100,"Boot 5 Slope 1 2023","Turbinaria",0,"HC","Encrusting-foliose","no",-0.00292058014456572,0.0975100417830366,-0.106730622255791,0.0111431296279639,"i","high D",0.8359375,"Foliose"
"120361",2023,"25/02/2023","Coral Sea","Northern Coral Sea","Josie","Boot","Boot 5","5","Slope",1,9.2,3.5,16,16,"35",100,"Boot 5 Slope 1 2023","Euphyllia",0,"HC","Encrusting-submassive","no",NA,NA,NA,NA,"i","high D",0.8359375,"Encrusting"
"123169",2023,"25/02/2023","Coral Sea","Northern Coral Sea","Josie","Boot","Boot 5","5","Slope",1,9.2,3.5,16,16,"35",100,"Boot 5 Slope 1 2023","Physogyra",0,"HC","Encrusting-submassive","no",-0.180173889787317,-0.109520721193129,0.0147571930085642,0.04001649075012,"i","high D",0.8359375,"Encrusting"
"125977",2023,"25/02/2023","Coral Sea","Northern Coral Sea","Josie","Boot","Boot 5","5","Slope",1,9.2,3.5,16,16,"35",100,"Boot 5 Slope 1 2023","Oulophyllia",0,"HC","Encrusting-submassive","no",-0.132842657941001,-0.153276401502432,-0.0977986435840669,0.0531246771872431,"i","high D",0.8359375,"Encrusting"
"128785",2023,"25/02/2023","Coral Sea","Northern Coral Sea","Josie","Boot","Boot 5","5","Slope",1,9.2,3.5,16,16,"35",100,"Boot 5 Slope 1 2023","Mycedium",0,"HC","Encrusting-submassive","no",-0.0240667153975248,0.176838301127354,0.0480601262723803,0.0328882948010575,"i","high D",0.8359375,"Encrusting"
"131593",2023,"25/02/2023","Coral Sea","Northern Coral Sea","Josie","Boot","Boot 5","5","Slope",1,9.2,3.5,16,16,"35",100,"Boot 5 Slope 1 2023","Cynarina",0,"HC","Encrusting-submassive","no",NA,NA,NA,NA,"i","high D",0.8359375,"Encrusting"
"134401",2023,"25/02/2023","Coral Sea","Northern Coral Sea","Josie","Boot","Boot 5","5","Slope",1,9.2,3.5,16,16,"35",100,"Boot 5 Slope 1 2023","Gardinoseris",0,"HC","Encrusting-submassive","no",-0.140359849533919,-0.0922340986024226,0.0252378267861654,0.0236217710367828,"i","high D",0.8359375,"Encrusting"
"137209",2023,"25/02/2023","Coral Sea","Northern Coral Sea","Josie","Boot","Boot 5","5","Slope",1,9.2,3.5,16,16,"35",100,"Boot 5 Slope 1 2023","Leptoseris",0,"HC","Encrusting-foliose","no",-0.113176808041431,0.175498836497856,0.06293299577905,0.0173592087938436,"i","high D",0.8359375,"Foliose"
"140017",2023,"25/02/2023","Coral Sea","Northern Coral Sea","Josie","Boot","Boot 5","5","Slope",1,9.2,3.5,16,16,"35",100,"Boot 5 Slope 1 2023","Oxypora",0,"HC","Encrusting-submassive","no",NA,NA,NA,NA,"i","high D",0.8359375,"Encrusting"
"142825",2023,"25/02/2023","Coral Sea","Northern Coral Sea","Josie","Boot","Boot 5","5","Slope",1,9.2,3.5,16,16,"35",100,"Boot 5 Slope 1 2023","Scapophyllia",0,"HC","Encrusting-submassive","no",0.0481781615794045,-0.193096592599396,0.0971301774795498,-0.10679088278928,"i","high D",0.8359375,"Encrusting"
"145633",2023,"25/02/2023","Coral Sea","Northern Coral Sea","Josie","Boot","Boot 5","5","Slope",1,9.2,3.5,16,16,"35",100,"Boot 5 Slope 1 2023","Pectinia",0,"HC","Encrusting-foliose","no",0.0194150178906054,0.0499762641006908,0.00536152825216163,0.0422710623011345,"i","high D",0.8359375,"Foliose"
"148441",2023,"25/02/2023","Coral Sea","Northern Coral Sea","Josie","Boot","Boot 5","5","Slope",1,9.2,3.5,16,16,"35",100,"Boot 5 Slope 1 2023","Bernardpora",0,"HC","Encrusting-submassive","no",-0.199811883259408,0.0882839692151224,-0.0429146808591924,-0.0456104914730866,"i","high D",0.8359375,"Encrusting"
"151249",2023,"25/02/2023","Coral Sea","Northern Coral Sea","Josie","Boot","Boot 5","5","Slope",1,9.2,3.5,16,16,"35",100,"Boot 5 Slope 1 2023","Podabacia",0,"HC","Encrusting-submassive","no",-0.226730189710759,0.125257951054428,0.0358318279843551,-0.0138452856305281,"i","high D",0.8359375,"Encrusting"
"154057",2023,"25/02/2023","Coral Sea","Northern Coral Sea","Josie","Boot","Boot 5","5","Slope",1,9.2,3.5,16,16,"35",100,"Boot 5 Slope 1 2023","Tubastrea",0,"HC","Encrusting-submassive","no",NA,NA,NA,NA,"i","high D",0.8359375,"Encrusting"
"156865",2023,"25/02/2023","Coral Sea","Northern Coral Sea","Josie","Boot","Boot 5","5","Slope",1,9.2,3.5,16,16,"35",100,"Boot 5 Slope 1 2023","Paramontastrea",0,"HC","Encrusting-submassive","no",-0.114144587797251,-0.116915343487126,-0.0686247810581562,0.00929682681947961,"i","high D",0.8359375,"Encrusting"
"159673",2023,"25/02/2023","Coral Sea","Northern Coral Sea","Josie","Boot","Boot 5","5","Slope",1,9.2,3.5,16,16,"35",100,"Boot 5 Slope 1 2023","Paragoniastrea",0,"HC","Encrusting-submassive","no",-0.191967916813352,-0.0306993831342351,-0.02473163933448,0.0116447556061084,"i","high D",0.8359375,"Encrusting"
"162481",2023,"25/02/2023","Coral Sea","Northern Coral Sea","Josie","Boot","Boot 5","5","Slope",1,9.2,3.5,16,16,"35",100,"Boot 5 Slope 1 2023","Homophyllia",0,"HC","Encrusting-submassive","no",NA,NA,NA,NA,"i","high D",0.8359375,"Encrusting"
"165289",2023,"25/02/2023","Coral Sea","Northern Coral Sea","Josie","Boot","Boot 5","5","Slope",1,9.2,3.5,16,16,"35",100,"Boot 5 Slope 1 2023","Plerogyra",0,"HC","Encrusting-submassive","no",-0.105316075822891,-0.0998453875118921,0.0298845828432979,0.0359379942601894,"i","high D",0.8359375,"Encrusting"
"168097",2023,"25/02/2023","Coral Sea","Northern Coral Sea","Josie","Boot","Boot 5","5","Slope",1,9.2,3.5,16,16,"35",100,"Boot 5 Slope 1 2023","Australogyra",0,"HC","Massive-columnar","no",0.13065872570089,-0.0786784170899101,-0.0231514150570016,0.0367130452636839,"i","high D",0.8359375,"Columnar"
"170905",2023,"25/02/2023","Coral Sea","Northern Coral Sea","Josie","Boot","Boot 5","5","Slope",1,9.2,3.5,16,16,"35",100,"Boot 5 Slope 1 2023","Millepora",1,"Other","none","no",NA,NA,NA,NA,"i","high D",0.8359375,"none"
"173713",2023,"25/02/2023","Coral Sea","Northern Coral Sea","Josie","Boot","Boot 5","5","Slope",1,9.2,3.5,16,16,"35",100,"Boot 5 Slope 1 2023","Lobophytum",2,"SoC","none","no",NA,NA,NA,NA,"i","high D",0.8359375,"none"
"176521",2023,"25/02/2023","Coral Sea","Northern Coral Sea","Josie","Boot","Boot 5","5","Slope",1,9.2,3.5,16,16,"35",100,"Boot 5 Slope 1 2023","Sarcophyton",0,"SoC","none","no",NA,NA,NA,NA,"i","high D",0.8359375,"none"
"179329",2023,"25/02/2023","Coral Sea","Northern Coral Sea","Josie","Boot","Boot 5","5","Slope",1,9.2,3.5,16,16,"35",100,"Boot 5 Slope 1 2023","Sinularia",0,"SoC","none","no",NA,NA,NA,NA,"i","high D",0.8359375,"none"
"182137",2023,"25/02/2023","Coral Sea","Northern Coral Sea","Josie","Boot","Boot 5","5","Slope",1,9.2,3.5,16,16,"35",100,"Boot 5 Slope 1 2023","Palythoa",0,"SoC","none","no",NA,NA,NA,NA,"i","high D",0.8359375,"none"
"184945",2023,"25/02/2023","Coral Sea","Northern Coral Sea","Josie","Boot","Boot 5","5","Slope",1,9.2,3.5,16,16,"35",100,"Boot 5 Slope 1 2023","Rhytisma",0,"SoC","none","no",NA,NA,NA,NA,"i","high D",0.8359375,"none"
"187753",2023,"25/02/2023","Coral Sea","Northern Coral Sea","Josie","Boot","Boot 5","5","Slope",1,9.2,3.5,16,16,"35",100,"Boot 5 Slope 1 2023","Xenia",0,"SoC","none","no",NA,NA,NA,NA,"i","high D",0.8359375,"none"
"190561",2023,"25/02/2023","Coral Sea","Northern Coral Sea","Josie","Boot","Boot 5","5","Slope",1,9.2,3.5,16,16,"35",100,"Boot 5 Slope 1 2023","Heliopora",0,"SoC","none","no",NA,NA,NA,NA,"i","high D",0.8359375,"none"
"193369",2023,"25/02/2023","Coral Sea","Northern Coral Sea","Josie","Boot","Boot 5","5","Slope",1,9.2,3.5,16,16,"35",100,"Boot 5 Slope 1 2023","Tubipora",0,"SoC","none","no",NA,NA,NA,NA,"i","high D",0.8359375,"none"
"196177",2023,"25/02/2023","Coral Sea","Northern Coral Sea","Josie","Boot","Boot 5","5","Slope",1,9.2,3.5,16,16,"35",100,"Boot 5 Slope 1 2023","Distichopora",0,"SoC","none","no",NA,NA,NA,NA,"i","high D",0.8359375,"none"
"198985",2023,"25/02/2023","Coral Sea","Northern Coral Sea","Josie","Boot","Boot 5","5","Slope",1,9.2,3.5,16,16,"35",100,"Boot 5 Slope 1 2023","Nepthea",0,"SoC","none","no",NA,NA,NA,NA,"i","high D",0.8359375,"none"
"201793",2023,"25/02/2023","Coral Sea","Northern Coral Sea","Josie","Boot","Boot 5","5","Slope",1,9.2,3.5,16,16,"35",100,"Boot 5 Slope 1 2023","Dendronephthea",0,"SoC","none","no",NA,NA,NA,NA,"i","high D",0.8359375,"none"
"204601",2023,"25/02/2023","Coral Sea","Northern Coral Sea","Josie","Boot","Boot 5","5","Slope",1,9.2,3.5,16,16,"35",100,"Boot 5 Slope 1 2023","Other.soft.coral",0,"SoC","none","no",NA,NA,NA,NA,"i","high D",0.8359375,"none"
"207409",2023,"25/02/2023","Coral Sea","Northern Coral Sea","Josie","Boot","Boot 5","5","Slope",1,9.2,3.5,16,16,"35",100,"Boot 5 Slope 1 2023","Caleurpa",0,"MA","none","no",NA,NA,NA,NA,"i","high D",0.8359375,"none"
"210217",2023,"25/02/2023","Coral Sea","Northern Coral Sea","Josie","Boot","Boot 5","5","Slope",1,9.2,3.5,16,16,"35",100,"Boot 5 Slope 1 2023","Gracilaria",0,"MA","none","no",NA,NA,NA,NA,"i","high D",0.8359375,"none"
"213025",2023,"25/02/2023","Coral Sea","Northern Coral Sea","Josie","Boot","Boot 5","5","Slope",1,9.2,3.5,16,16,"35",100,"Boot 5 Slope 1 2023","Halimeda",16,"MA","none","no",NA,NA,NA,NA,"i","high D",0.8359375,"none"
"215833",2023,"25/02/2023","Coral Sea","Northern Coral Sea","Josie","Boot","Boot 5","5","Slope",1,9.2,3.5,16,16,"35",100,"Boot 5 Slope 1 2023","Galaxaura",0,"MA","none","no",NA,NA,NA,NA,"i","high D",0.8359375,"none"
"218641",2023,"25/02/2023","Coral Sea","Northern Coral Sea","Josie","Boot","Boot 5","5","Slope",1,9.2,3.5,16,16,"35",100,"Boot 5 Slope 1 2023","Laurencia",0,"MA","none","no",NA,NA,NA,NA,"i","high D",0.8359375,"none"
"221449",2023,"25/02/2023","Coral Sea","Northern Coral Sea","Josie","Boot","Boot 5","5","Slope",1,9.2,3.5,16,16,"35",100,"Boot 5 Slope 1 2023","Chlorodesmis",0,"MA","none","no",NA,NA,NA,NA,"i","high D",0.8359375,"none"
"224257",2023,"25/02/2023","Coral Sea","Northern Coral Sea","Josie","Boot","Boot 5","5","Slope",1,9.2,3.5,16,16,"35",100,"Boot 5 Slope 1 2023","Halymenia",0,"MA","none","no",NA,NA,NA,NA,"i","high D",0.8359375,"none"
"227065",2023,"25/02/2023","Coral Sea","Northern Coral Sea","Josie","Boot","Boot 5","5","Slope",1,9.2,3.5,16,16,"35",100,"Boot 5 Slope 1 2023","Blue.green.algae",0,"MA","none","no",NA,NA,NA,NA,"i","high D",0.8359375,"none"
"229873",2023,"25/02/2023","Coral Sea","Northern Coral Sea","Josie","Boot","Boot 5","5","Slope",1,9.2,3.5,16,16,"35",100,"Boot 5 Slope 1 2023","Shaggy.carpet",0,"MA","none","no",NA,NA,NA,NA,"i","high D",0.8359375,"none"
"232681",2023,"25/02/2023","Coral Sea","Northern Coral Sea","Josie","Boot","Boot 5","5","Slope",1,9.2,3.5,16,16,"35",100,"Boot 5 Slope 1 2023","Turbinaria..Algae.",0,"MA","none","no",NA,NA,NA,NA,"i","high D",0.8359375,"none"
"235489",2023,"25/02/2023","Coral Sea","Northern Coral Sea","Josie","Boot","Boot 5","5","Slope",1,9.2,3.5,16,16,"35",100,"Boot 5 Slope 1 2023","Udeota",0,"MA","none","no",NA,NA,NA,NA,"i","high D",0.8359375,"none"
"238297",2023,"25/02/2023","Coral Sea","Northern Coral Sea","Josie","Boot","Boot 5","5","Slope",1,9.2,3.5,16,16,"35",100,"Boot 5 Slope 1 2023","Amphiroa",0,"MA","none","no",NA,NA,NA,NA,"i","high D",0.8359375,"none"
"241105",2023,"25/02/2023","Coral Sea","Northern Coral Sea","Josie","Boot","Boot 5","5","Slope",1,9.2,3.5,16,16,"35",100,"Boot 5 Slope 1 2023","Dictyosphaeria",0,"MA","none","no",NA,NA,NA,NA,"i","high D",0.8359375,"none"
"243913",2023,"25/02/2023","Coral Sea","Northern Coral Sea","Josie","Boot","Boot 5","5","Slope",1,9.2,3.5,16,16,"35",100,"Boot 5 Slope 1 2023","Rhipiliopsis.",0,"MA","none","no",NA,NA,NA,NA,"i","high D",0.8359375,"none"
"246721",2023,"25/02/2023","Coral Sea","Northern Coral Sea","Josie","Boot","Boot 5","5","Slope",1,9.2,3.5,16,16,"35",100,"Boot 5 Slope 1 2023","Codium",0,"MA","none","no",NA,NA,NA,NA,"i","high D",0.8359375,"none"
"249529",2023,"25/02/2023","Coral Sea","Northern Coral Sea","Josie","Boot","Boot 5","5","Slope",1,9.2,3.5,16,16,"35",100,"Boot 5 Slope 1 2023","Other.algae",0,"MA","none","no",NA,NA,NA,NA,"i","high D",0.8359375,"none"
"252337",2023,"25/02/2023","Coral Sea","Northern Coral Sea","Josie","Boot","Boot 5","5","Slope",1,9.2,3.5,16,16,"35",100,"Boot 5 Slope 1 2023","Gorgonians.incl.Isis.",0,"SoC","none","no",NA,NA,NA,NA,"i","high D",0.8359375,"none"
"255145",2023,"25/02/2023","Coral Sea","Northern Coral Sea","Josie","Boot","Boot 5","5","Slope",1,9.2,3.5,16,16,"35",100,"Boot 5 Slope 1 2023","Hydroid",0,"Other","none","no",NA,NA,NA,NA,"i","high D",0.8359375,"none"
"257953",2023,"25/02/2023","Coral Sea","Northern Coral Sea","Josie","Boot","Boot 5","5","Slope",1,9.2,3.5,16,16,"35",100,"Boot 5 Slope 1 2023","Sponges",0,"Other","none","no",NA,NA,NA,NA,"i","high D",0.8359375,"none"
"260761",2023,"25/02/2023","Coral Sea","Northern Coral Sea","Josie","Boot","Boot 5","5","Slope",1,9.2,3.5,16,16,"35",100,"Boot 5 Slope 1 2023","Anemone",0,"Other","none","no",NA,NA,NA,NA,"i","high D",0.8359375,"none"
"263569",2023,"25/02/2023","Coral Sea","Northern Coral Sea","Josie","Boot","Boot 5","5","Slope",1,9.2,3.5,16,16,"35",100,"Boot 5 Slope 1 2023","Zooanthid",0,"Other","none","no",NA,NA,NA,NA,"i","high D",0.8359375,"none"
"266377",2023,"25/02/2023","Coral Sea","Northern Coral Sea","Josie","Boot","Boot 5","5","Slope",1,9.2,3.5,16,16,"35",100,"Boot 5 Slope 1 2023","Other.benthic.organism",0,"Other","none","no",NA,NA,NA,NA,"i","high D",0.8359375,"none"
"269185",2023,"25/02/2023","Coral Sea","Northern Coral Sea","Josie","Boot","Boot 5","5","Slope",1,9.2,3.5,16,16,"35",100,"Boot 5 Slope 1 2023","Sand.Rubble",0,"Sand","none","no",NA,NA,NA,NA,"i","high D",0.8359375,"none"
"271993",2023,"25/02/2023","Coral Sea","Northern Coral Sea","Josie","Boot","Boot 5","5","Slope",1,9.2,3.5,16,16,"35",100,"Boot 5 Slope 1 2023","CCA.Pavement",13,"CCA","none","no",NA,NA,NA,NA,"i","high D",0.8359375,"none"
"274801",2023,"25/02/2023","Coral Sea","Northern Coral Sea","Josie","Boot","Boot 5","5","Slope",1,9.2,3.5,16,16,"35",100,"Boot 5 Slope 1 2023","Turf.Pavement",40,"Turf","none","no",NA,NA,NA,NA,"i","high D",0.8359375,"none"
"1189",2020,"10/03/20","Coral Sea","Northern Coral Sea","Ed","Bougainville","Bougainville 1","","Slope",1,8.5,3.5,0,68,"5",100,"Bougainville 1 Slope 1 2020","Acropora...Tabular",0,"HC","Acropora tabular-bushy","yes",0.240328415385067,0.134035421382788,-0.0482618021729126,-0.113169850355026,"iii","high D",0.779844290657439,"Acr. tabular"
"3997",2020,"10/03/20","Coral Sea","Northern Coral Sea","Ed","Bougainville","Bougainville 1","","Slope",1,8.5,3.5,0,68,"5",100,"Bougainville 1 Slope 1 2020","Acropora...Staghorn",0,"HC","Acropora branching","yes",0.281922521102274,-0.0635149911254278,0.0204441380642461,0.000409788797686724,"iii","high D",0.779844290657439,"Acr. branching"
"6805",2020,"10/03/20","Coral Sea","Northern Coral Sea","Ed","Bougainville","Bougainville 1","","Slope",1,8.5,3.5,0,68,"5",100,"Bougainville 1 Slope 1 2020","Acropora...other",0,"HC","Acropora tabular-bushy","yes",0.139240828086872,0.0128591462882639,-0.0410847341926154,0.0242494399320568,"iii","high D",0.779844290657439,"Acr. Bushy"
"9613",2020,"10/03/20","Coral Sea","Northern Coral Sea","Ed","Bougainville","Bougainville 1","","Slope",1,8.5,3.5,0,68,"5",100,"Bougainville 1 Slope 1 2020","Astreopora",0,"HC","Encrusting-submassive","no",-0.100672656808791,0.0249293811191919,0.0437230821454867,0.018986140277716,"iii","high D",0.779844290657439,"Encrusting"
"12421",2020,"10/03/20","Coral Sea","Northern Coral Sea","Ed","Bougainville","Bougainville 1","","Slope",1,8.5,3.5,0,68,"5",100,"Bougainville 1 Slope 1 2020","Isopora",0,"HC","Branching (other)","no",0.083912073823699,0.0150709500173525,0.0422969758631734,-0.01667727145447,"iii","high D",0.779844290657439,"Columnar"
"15229",2020,"10/03/20","Coral Sea","Northern Coral Sea","Ed","Bougainville","Bougainville 1","","Slope",1,8.5,3.5,0,68,"5",100,"Bougainville 1 Slope 1 2020","Montipora",14,"HC","Encrusting-foliose","no",0.000126234233786947,0.0620124407750369,0.0320823937551572,0.0127030367419577,"iii","high D",0.779844290657439,"Foliose"
"18037",2020,"10/03/20","Coral Sea","Northern Coral Sea","Ed","Bougainville","Bougainville 1","","Slope",1,8.5,3.5,0,68,"5",100,"Bougainville 1 Slope 1 2020","Alveopora",0,"HC","Encrusting-submassive","no",-0.0526371368009176,-0.0615944403508045,0.0424184668426243,-0.0317201338697867,"iii","high D",0.779844290657439,"Encrusting"
"20845",2020,"10/03/20","Coral Sea","Northern Coral Sea","Ed","Bougainville","Bougainville 1","","Slope",1,8.5,3.5,0,68,"5",100,"Bougainville 1 Slope 1 2020","Pocillopora",16,"HC","Bushy-corymbose (other)","no",0.166418425440558,-0.0150962312552074,0.136213247732585,-0.00967291656217472,"iii","high D",0.779844290657439,"Bushy (other)"
"23653",2020,"10/03/20","Coral Sea","Northern Coral Sea","Ed","Bougainville","Bougainville 1","","Slope",1,8.5,3.5,0,68,"5",100,"Bougainville 1 Slope 1 2020","Seriatopora",0,"HC","Bushy-corymbose (other)","no",0.110977725548282,-0.0142253686589396,0.118794405836673,0.0252534379018654,"iii","high D",0.779844290657439,"Bushy (other)"
"26461",2020,"10/03/20","Coral Sea","Northern Coral Sea","Ed","Bougainville","Bougainville 1","","Slope",1,8.5,3.5,0,68,"5",100,"Bougainville 1 Slope 1 2020","Stylophora",0,"HC","Bushy-corymbose (other)","no",0.097557848276538,-0.0231199531043404,0.0962806786798844,0.0122126255584989,"iii","high D",0.779844290657439,"Bushy (other)"
"29269",2020,"10/03/20","Coral Sea","Northern Coral Sea","Ed","Bougainville","Bougainville 1","","Slope",1,8.5,3.5,0,68,"5",100,"Bougainville 1 Slope 1 2020","Stylocoeniella",0,"HC","Encrusting-submassive","no",-0.155347422346786,0.154422260937258,0.0769372077205655,-0.00783639259123267,"iii","high D",0.779844290657439,"Encrusting"
"32077",2020,"10/03/20","Coral Sea","Northern Coral Sea","Ed","Bougainville","Bougainville 1","","Slope",1,8.5,3.5,0,68,"5",100,"Bougainville 1 Slope 1 2020","Porites...Massive",0,"HC","Massive-columnar","no",-0.109183471440086,-0.0863591294127497,-0.0715213942646123,0.0102314522263045,"iii","high D",0.779844290657439,"Massive"
"34885",2020,"10/03/20","Coral Sea","Northern Coral Sea","Ed","Bougainville","Bougainville 1","","Slope",1,8.5,3.5,0,68,"5",100,"Bougainville 1 Slope 1 2020","Porites...Branching",16,"HC","Branching (other)","no",0.123056243261964,-0.00484182963326615,-0.0491427758661038,0.0268718400335514,"iii","high D",0.779844290657439,"Branching (other)"
"37693",2020,"10/03/20","Coral Sea","Northern Coral Sea","Ed","Bougainville","Bougainville 1","","Slope",1,8.5,3.5,0,68,"5",100,"Bougainville 1 Slope 1 2020","Goniopora",0,"HC","Encrusting-submassive","no",-0.0659013787947221,-0.0813098156213875,-0.0365218300275952,-0.0702797668670932,"iii","high D",0.779844290657439,"Encrusting"
"40501",2020,"10/03/20","Coral Sea","Northern Coral Sea","Ed","Bougainville","Bougainville 1","","Slope",1,8.5,3.5,0,68,"5",100,"Bougainville 1 Slope 1 2020","Astrea",0,"HC","Encrusting-submassive","no",-0.200139248881424,-0.0135253955263369,-0.0111714389728248,-0.000347983699355049,"iii","high D",0.779844290657439,"Encrusting"
"43309",2020,"10/03/20","Coral Sea","Northern Coral Sea","Ed","Bougainville","Bougainville 1","","Slope",1,8.5,3.5,0,68,"5",100,"Bougainville 1 Slope 1 2020","Cyphastrea",1,"HC","Encrusting-submassive","no",-0.0740270081466874,-0.0976935567247429,-0.0676415376952733,0.00670265600665732,"iii","high D",0.779844290657439,"Encrusting"
"46117",2020,"10/03/20","Coral Sea","Northern Coral Sea","Ed","Bougainville","Bougainville 1","","Slope",1,8.5,3.5,0,68,"5",100,"Bougainville 1 Slope 1 2020","Dipsastrea",0,"HC","Massive-columnar","no",-0.170585006194142,-0.0889734366549273,0.0125263195542029,0.0267296895356074,"iii","high D",0.779844290657439,"Massive"
"48925",2020,"10/03/20","Coral Sea","Northern Coral Sea","Ed","Bougainville","Bougainville 1","","Slope",1,8.5,3.5,0,68,"5",100,"Bougainville 1 Slope 1 2020","Echinopora",0,"HC","Encrusting-foliose","no",-0.0398533446993827,0.12300727886765,0.0135827578734912,0.0367439036181558,"iii","high D",0.779844290657439,"Foliose"
"51733",2020,"10/03/20","Coral Sea","Northern Coral Sea","Ed","Bougainville","Bougainville 1","","Slope",1,8.5,3.5,0,68,"5",100,"Bougainville 1 Slope 1 2020","Favites",2,"HC","Massive-columnar","no",-0.171471606389521,-0.0730282403869843,-0.0106400303078346,0.0218043139061569,"iii","high D",0.779844290657439,"Massive"
"54541",2020,"10/03/20","Coral Sea","Northern Coral Sea","Ed","Bougainville","Bougainville 1","","Slope",1,8.5,3.5,0,68,"5",100,"Bougainville 1 Slope 1 2020","Goniastrea",0,"HC","Massive-columnar","no",-0.129567164119885,-0.0573984710048977,-0.0344209724758839,0.0123135211180992,"iii","high D",0.779844290657439,"Massive"
"57349",2020,"10/03/20","Coral Sea","Northern Coral Sea","Ed","Bougainville","Bougainville 1","","Slope",1,8.5,3.5,0,68,"5",100,"Bougainville 1 Slope 1 2020","Hydnophora",0,"HC","Encrusting-foliose","no",-0.0220693239268366,-0.0690869121023572,-0.00698765165961518,0.00027039997412355,"iii","high D",0.779844290657439,"Branching (other)"
"60157",2020,"10/03/20","Coral Sea","Northern Coral Sea","Ed","Bougainville","Bougainville 1","","Slope",1,8.5,3.5,0,68,"5",100,"Bougainville 1 Slope 1 2020","Leptoria",0,"HC","Massive-columnar","no",-0.170515240925304,-0.00528658882649215,-0.0155198400903626,0.0105260594867268,"iii","high D",0.779844290657439,"Massive"
"62965",2020,"10/03/20","Coral Sea","Northern Coral Sea","Ed","Bougainville","Bougainville 1","","Slope",1,8.5,3.5,0,68,"5",100,"Bougainville 1 Slope 1 2020","Merulina",1,"HC","Encrusting-foliose","no",0.0425014257098473,0.0887031191550727,0.0240933120895385,0.0417819724197133,"iii","high D",0.779844290657439,"Foliose"
"65773",2020,"10/03/20","Coral Sea","Northern Coral Sea","Ed","Bougainville","Bougainville 1","","Slope",1,8.5,3.5,0,68,"5",100,"Bougainville 1 Slope 1 2020","Platygyra",0,"HC","Massive-columnar","no",-0.127067093111153,-0.110448752671918,-0.0332040623252233,0.0197123259951778,"iii","high D",0.779844290657439,"Massive"
"68581",2020,"10/03/20","Coral Sea","Northern Coral Sea","Ed","Bougainville","Bougainville 1","","Slope",1,8.5,3.5,0,68,"5",100,"Bougainville 1 Slope 1 2020","Other.Merulinidae",0,"HC","Massive-columnar","no",-0.0976220474435125,-0.103840087396198,0.00561589762183675,0.0427155327482793,"iii","high D",0.779844290657439,"Massive"
"71389",2020,"10/03/20","Coral Sea","Northern Coral Sea","Ed","Bougainville","Bougainville 1","","Slope",1,8.5,3.5,0,68,"5",100,"Bougainville 1 Slope 1 2020","Acanthastrea",0,"HC","Encrusting-submassive","no",NA,NA,NA,NA,"iii","high D",0.779844290657439,"Encrusting"
"74197",2020,"10/03/20","Coral Sea","Northern Coral Sea","Ed","Bougainville","Bougainville 1","","Slope",1,8.5,3.5,0,68,"5",100,"Bougainville 1 Slope 1 2020","Echinophyllia",0,"HC","Encrusting-submassive","no",NA,NA,NA,NA,"iii","high D",0.779844290657439,"Encrusting"
"77005",2020,"10/03/20","Coral Sea","Northern Coral Sea","Ed","Bougainville","Bougainville 1","","Slope",1,8.5,3.5,0,68,"5",100,"Bougainville 1 Slope 1 2020","Lobophyllia",0,"HC","Massive-columnar","no",NA,NA,NA,NA,"iii","high D",0.779844290657439,"Massive"
"79813",2020,"10/03/20","Coral Sea","Northern Coral Sea","Ed","Bougainville","Bougainville 1","","Slope",1,8.5,3.5,0,68,"5",100,"Bougainville 1 Slope 1 2020","Other.Lobophyllidae",0,"HC","Massive-columnar","no",-0.197435081881674,-0.0120328476022908,-0.01673138203562,0.0090115527065433,"iii","high D",0.779844290657439,"Massive"
"82621",2020,"10/03/20","Coral Sea","Northern Coral Sea","Ed","Bougainville","Bougainville 1","","Slope",1,8.5,3.5,0,68,"5",100,"Bougainville 1 Slope 1 2020","Coelastrea",0,"HC","Encrusting-submassive","no",-0.191006559312044,-0.122046732964091,0.0156786666717618,0.047344831016019,"iii","high D",0.779844290657439,"Encrusting"
"85429",2020,"10/03/20","Coral Sea","Northern Coral Sea","Ed","Bougainville","Bougainville 1","","Slope",1,8.5,3.5,0,68,"5",100,"Bougainville 1 Slope 1 2020","Coeloseris",0,"HC","Encrusting-submassive","no",-0.172704024646529,-0.103426931540477,0.0224755320795815,0.0218105521132626,"iii","high D",0.779844290657439,"Encrusting"
"88237",2020,"10/03/20","Coral Sea","Northern Coral Sea","Ed","Bougainville","Bougainville 1","","Slope",1,8.5,3.5,0,68,"5",100,"Bougainville 1 Slope 1 2020","Halomitra",0,"HC","Encrusting-submassive","no",-0.167100178348715,-0.0994352737223055,0.0232958170520704,0.0105711378650488,"iii","high D",0.779844290657439,"Encrusting"
"91045",2020,"10/03/20","Coral Sea","Northern Coral Sea","Ed","Bougainville","Bougainville 1","","Slope",1,8.5,3.5,0,68,"5",100,"Bougainville 1 Slope 1 2020","Fungiidae",0,"HC","Encrusting-submassive","no",-0.288910750106923,0.0125049653252868,-0.0013897587730078,-0.0492791056077181,"iii","high D",0.779844290657439,"Encrusting"
"93853",2020,"10/03/20","Coral Sea","Northern Coral Sea","Ed","Bougainville","Bougainville 1","","Slope",1,8.5,3.5,0,68,"5",100,"Bougainville 1 Slope 1 2020","Leptastrea",2,"HC","Encrusting-submassive","no",-0.214521734582303,0.0628648419368869,-0.0383011946183843,-0.034818791956,"iii","high D",0.779844290657439,"Encrusting"
"96661",2020,"10/03/20","Coral Sea","Northern Coral Sea","Ed","Bougainville","Bougainville 1","","Slope",1,8.5,3.5,0,68,"5",100,"Bougainville 1 Slope 1 2020","Pleisiastrea",0,"HC","Encrusting-submassive","no",-0.155445837745099,-0.108499993195654,0.0140781216756101,0.0555392579872258,"iii","high D",0.779844290657439,"Encrusting"
"99469",2020,"10/03/20","Coral Sea","Northern Coral Sea","Ed","Bougainville","Bougainville 1","","Slope",1,8.5,3.5,0,68,"5",100,"Bougainville 1 Slope 1 2020","Diploastrea",0,"HC","Massive-columnar","no",-0.216778905149941,-0.105325535024696,0.110063397271714,0.133818892205185,"iii","high D",0.779844290657439,"Massive"
"102277",2020,"10/03/20","Coral Sea","Northern Coral Sea","Ed","Bougainville","Bougainville 1","","Slope",1,8.5,3.5,0,68,"5",100,"Bougainville 1 Slope 1 2020","Galaxea",0,"HC","Massive-columnar","no",NA,NA,NA,NA,"iii","high D",0.779844290657439,"Massive"
"105085",2020,"10/03/20","Coral Sea","Northern Coral Sea","Ed","Bougainville","Bougainville 1","","Slope",1,8.5,3.5,0,68,"5",100,"Bougainville 1 Slope 1 2020","Pavona",14,"HC","Massive-columnar","no",-0.0654443393924778,0.0198479615350563,0.0221971014315002,0.00194744347960258,"iii","high D",0.779844290657439,"Columnar"
"107893",2020,"10/03/20","Coral Sea","Northern Coral Sea","Ed","Bougainville","Bougainville 1","","Slope",1,8.5,3.5,0,68,"5",100,"Bougainville 1 Slope 1 2020","Coscinarea",0,"HC","Massive-columnar","no",NA,NA,NA,NA,"iii","high D",0.779844290657439,"Columnar"
"110701",2020,"10/03/20","Coral Sea","Northern Coral Sea","Ed","Bougainville","Bougainville 1","","Slope",1,8.5,3.5,0,68,"5",100,"Bougainville 1 Slope 1 2020","Psammocora",0,"HC","Massive-columnar","no",-0.0600891759544262,-0.0719212142509173,0.175306192059123,-0.063179821215691,"iii","high D",0.779844290657439,"Columnar"
"113509",2020,"10/03/20","Coral Sea","Northern Coral Sea","Ed","Bougainville","Bougainville 1","","Slope",1,8.5,3.5,0,68,"5",100,"Bougainville 1 Slope 1 2020","Pachyseris",0,"HC","Encrusting-foliose","no",NA,NA,NA,NA,"iii","high D",0.779844290657439,"Foliose"
"116317",2020,"10/03/20","Coral Sea","Northern Coral Sea","Ed","Bougainville","Bougainville 1","","Slope",1,8.5,3.5,0,68,"5",100,"Bougainville 1 Slope 1 2020","Turbinaria",0,"HC","Encrusting-foliose","no",-0.00292058014456572,0.0975100417830366,-0.106730622255791,0.0111431296279639,"iii","high D",0.779844290657439,"Foliose"
"119125",2020,"10/03/20","Coral Sea","Northern Coral Sea","Ed","Bougainville","Bougainville 1","","Slope",1,8.5,3.5,0,68,"5",100,"Bougainville 1 Slope 1 2020","Euphyllia",0,"HC","Encrusting-submassive","no",NA,NA,NA,NA,"iii","high D",0.779844290657439,"Encrusting"
"121933",2020,"10/03/20","Coral Sea","Northern Coral Sea","Ed","Bougainville","Bougainville 1","","Slope",1,8.5,3.5,0,68,"5",100,"Bougainville 1 Slope 1 2020","Physogyra",0,"HC","Encrusting-submassive","no",-0.180173889787317,-0.109520721193129,0.0147571930085642,0.04001649075012,"iii","high D",0.779844290657439,"Encrusting"
"124741",2020,"10/03/20","Coral Sea","Northern Coral Sea","Ed","Bougainville","Bougainville 1","","Slope",1,8.5,3.5,0,68,"5",100,"Bougainville 1 Slope 1 2020","Oulophyllia",0,"HC","Encrusting-submassive","no",-0.132842657941001,-0.153276401502432,-0.0977986435840669,0.0531246771872431,"iii","high D",0.779844290657439,"Encrusting"
"127549",2020,"10/03/20","Coral Sea","Northern Coral Sea","Ed","Bougainville","Bougainville 1","","Slope",1,8.5,3.5,0,68,"5",100,"Bougainville 1 Slope 1 2020","Mycedium",0,"HC","Encrusting-submassive","no",-0.0240667153975248,0.176838301127354,0.0480601262723803,0.0328882948010575,"iii","high D",0.779844290657439,"Encrusting"
"130357",2020,"10/03/20","Coral Sea","Northern Coral Sea","Ed","Bougainville","Bougainville 1","","Slope",1,8.5,3.5,0,68,"5",100,"Bougainville 1 Slope 1 2020","Cynarina",0,"HC","Encrusting-submassive","no",NA,NA,NA,NA,"iii","high D",0.779844290657439,"Encrusting"
"133165",2020,"10/03/20","Coral Sea","Northern Coral Sea","Ed","Bougainville","Bougainville 1","","Slope",1,8.5,3.5,0,68,"5",100,"Bougainville 1 Slope 1 2020","Gardinoseris",0,"HC","Encrusting-submassive","no",-0.140359849533919,-0.0922340986024226,0.0252378267861654,0.0236217710367828,"iii","high D",0.779844290657439,"Encrusting"
"135973",2020,"10/03/20","Coral Sea","Northern Coral Sea","Ed","Bougainville","Bougainville 1","","Slope",1,8.5,3.5,0,68,"5",100,"Bougainville 1 Slope 1 2020","Leptoseris",0,"HC","Encrusting-foliose","no",-0.113176808041431,0.175498836497856,0.06293299577905,0.0173592087938436,"iii","high D",0.779844290657439,"Foliose"
"138781",2020,"10/03/20","Coral Sea","Northern Coral Sea","Ed","Bougainville","Bougainville 1","","Slope",1,8.5,3.5,0,68,"5",100,"Bougainville 1 Slope 1 2020","Oxypora",0,"HC","Encrusting-submassive","no",NA,NA,NA,NA,"iii","high D",0.779844290657439,"Encrusting"
"141589",2020,"10/03/20","Coral Sea","Northern Coral Sea","Ed","Bougainville","Bougainville 1","","Slope",1,8.5,3.5,0,68,"5",100,"Bougainville 1 Slope 1 2020","Scapophyllia",0,"HC","Encrusting-submassive","no",0.0481781615794045,-0.193096592599396,0.0971301774795498,-0.10679088278928,"iii","high D",0.779844290657439,"Encrusting"
"144397",2020,"10/03/20","Coral Sea","Northern Coral Sea","Ed","Bougainville","Bougainville 1","","Slope",1,8.5,3.5,0,68,"5",100,"Bougainville 1 Slope 1 2020","Pectinia",0,"HC","Encrusting-foliose","no",0.0194150178906054,0.0499762641006908,0.00536152825216163,0.0422710623011345,"iii","high D",0.779844290657439,"Foliose"
"147205",2020,"10/03/20","Coral Sea","Northern Coral Sea","Ed","Bougainville","Bougainville 1","","Slope",1,8.5,3.5,0,68,"5",100,"Bougainville 1 Slope 1 2020","Bernardpora",0,"HC","Encrusting-submassive","no",-0.199811883259408,0.0882839692151224,-0.0429146808591924,-0.0456104914730866,"iii","high D",0.779844290657439,"Encrusting"
"150013",2020,"10/03/20","Coral Sea","Northern Coral Sea","Ed","Bougainville","Bougainville 1","","Slope",1,8.5,3.5,0,68,"5",100,"Bougainville 1 Slope 1 2020","Podabacia",1,"HC","Encrusting-submassive","no",-0.226730189710759,0.125257951054428,0.0358318279843551,-0.0138452856305281,"iii","high D",0.779844290657439,"Encrusting"
"152821",2020,"10/03/20","Coral Sea","Northern Coral Sea","Ed","Bougainville","Bougainville 1","","Slope",1,8.5,3.5,0,68,"5",100,"Bougainville 1 Slope 1 2020","Tubastrea",0,"HC","Encrusting-submassive","no",NA,NA,NA,NA,"iii","high D",0.779844290657439,"Encrusting"
"155629",2020,"10/03/20","Coral Sea","Northern Coral Sea","Ed","Bougainville","Bougainville 1","","Slope",1,8.5,3.5,0,68,"5",100,"Bougainville 1 Slope 1 2020","Paramontastrea",0,"HC","Encrusting-submassive","no",-0.114144587797251,-0.116915343487126,-0.0686247810581562,0.00929682681947961,"iii","high D",0.779844290657439,"Encrusting"
"158437",2020,"10/03/20","Coral Sea","Northern Coral Sea","Ed","Bougainville","Bougainville 1","","Slope",1,8.5,3.5,0,68,"5",100,"Bougainville 1 Slope 1 2020","Paragoniastrea",0,"HC","Encrusting-submassive","no",-0.191967916813352,-0.0306993831342351,-0.02473163933448,0.0116447556061084,"iii","high D",0.779844290657439,"Encrusting"
"161245",2020,"10/03/20","Coral Sea","Northern Coral Sea","Ed","Bougainville","Bougainville 1","","Slope",1,8.5,3.5,0,68,"5",100,"Bougainville 1 Slope 1 2020","Homophyllia",0,"HC","Encrusting-submassive","no",NA,NA,NA,NA,"iii","high D",0.779844290657439,"Encrusting"
"164053",2020,"10/03/20","Coral Sea","Northern Coral Sea","Ed","Bougainville","Bougainville 1","","Slope",1,8.5,3.5,0,68,"5",100,"Bougainville 1 Slope 1 2020","Plerogyra",1,"HC","Encrusting-submassive","no",-0.105316075822891,-0.0998453875118921,0.0298845828432979,0.0359379942601894,"iii","high D",0.779844290657439,"Encrusting"
"166861",2020,"10/03/20","Coral Sea","Northern Coral Sea","Ed","Bougainville","Bougainville 1","","Slope",1,8.5,3.5,0,68,"5",100,"Bougainville 1 Slope 1 2020","Australogyra",0,"HC","Massive-columnar","no",0.13065872570089,-0.0786784170899101,-0.0231514150570016,0.0367130452636839,"iii","high D",0.779844290657439,"Columnar"
"169669",2020,"10/03/20","Coral Sea","Northern Coral Sea","Ed","Bougainville","Bougainville 1","","Slope",1,8.5,3.5,0,68,"5",100,"Bougainville 1 Slope 1 2020","Millepora",5,"Other","none","no",NA,NA,NA,NA,"iii","high D",0.779844290657439,"none"
"172477",2020,"10/03/20","Coral Sea","Northern Coral Sea","Ed","Bougainville","Bougainville 1","","Slope",1,8.5,3.5,0,68,"5",100,"Bougainville 1 Slope 1 2020","Lobophytum",0,"SoC","none","no",NA,NA,NA,NA,"iii","high D",0.779844290657439,"none"
"175285",2020,"10/03/20","Coral Sea","Northern Coral Sea","Ed","Bougainville","Bougainville 1","","Slope",1,8.5,3.5,0,68,"5",100,"Bougainville 1 Slope 1 2020","Sarcophyton",0,"SoC","none","no",NA,NA,NA,NA,"iii","high D",0.779844290657439,"none"
"178093",2020,"10/03/20","Coral Sea","Northern Coral Sea","Ed","Bougainville","Bougainville 1","","Slope",1,8.5,3.5,0,68,"5",100,"Bougainville 1 Slope 1 2020","Sinularia",0,"SoC","none","no",NA,NA,NA,NA,"iii","high D",0.779844290657439,"none"
"180901",2020,"10/03/20","Coral Sea","Northern Coral Sea","Ed","Bougainville","Bougainville 1","","Slope",1,8.5,3.5,0,68,"5",100,"Bougainville 1 Slope 1 2020","Palythoa",0,"SoC","none","no",NA,NA,NA,NA,"iii","high D",0.779844290657439,"none"
"183709",2020,"10/03/20","Coral Sea","Northern Coral Sea","Ed","Bougainville","Bougainville 1","","Slope",1,8.5,3.5,0,68,"5",100,"Bougainville 1 Slope 1 2020","Rhytisma",0,"SoC","none","no",NA,NA,NA,NA,"iii","high D",0.779844290657439,"none"
"186517",2020,"10/03/20","Coral Sea","Northern Coral Sea","Ed","Bougainville","Bougainville 1","","Slope",1,8.5,3.5,0,68,"5",100,"Bougainville 1 Slope 1 2020","Xenia",0,"SoC","none","no",NA,NA,NA,NA,"iii","high D",0.779844290657439,"none"
"189325",2020,"10/03/20","Coral Sea","Northern Coral Sea","Ed","Bougainville","Bougainville 1","","Slope",1,8.5,3.5,0,68,"5",100,"Bougainville 1 Slope 1 2020","Heliopora",0,"SoC","none","no",NA,NA,NA,NA,"iii","high D",0.779844290657439,"none"
"192133",2020,"10/03/20","Coral Sea","Northern Coral Sea","Ed","Bougainville","Bougainville 1","","Slope",1,8.5,3.5,0,68,"5",100,"Bougainville 1 Slope 1 2020","Tubipora",0,"SoC","none","no",NA,NA,NA,NA,"iii","high D",0.779844290657439,"none"
"194941",2020,"10/03/20","Coral Sea","Northern Coral Sea","Ed","Bougainville","Bougainville 1","","Slope",1,8.5,3.5,0,68,"5",100,"Bougainville 1 Slope 1 2020","Distichopora",0,"SoC","none","no",NA,NA,NA,NA,"iii","high D",0.779844290657439,"none"
"197749",2020,"10/03/20","Coral Sea","Northern Coral Sea","Ed","Bougainville","Bougainville 1","","Slope",1,8.5,3.5,0,68,"5",100,"Bougainville 1 Slope 1 2020","Nepthea",0,"SoC","none","no",NA,NA,NA,NA,"iii","high D",0.779844290657439,"none"
"200557",2020,"10/03/20","Coral Sea","Northern Coral Sea","Ed","Bougainville","Bougainville 1","","Slope",1,8.5,3.5,0,68,"5",100,"Bougainville 1 Slope 1 2020","Dendronephthea",0,"SoC","none","no",NA,NA,NA,NA,"iii","high D",0.779844290657439,"none"
"203365",2020,"10/03/20","Coral Sea","Northern Coral Sea","Ed","Bougainville","Bougainville 1","","Slope",1,8.5,3.5,0,68,"5",100,"Bougainville 1 Slope 1 2020","Other.soft.coral",0,"SoC","none","no",NA,NA,NA,NA,"iii","high D",0.779844290657439,"none"
"206173",2020,"10/03/20","Coral Sea","Northern Coral Sea","Ed","Bougainville","Bougainville 1","","Slope",1,8.5,3.5,0,68,"5",100,"Bougainville 1 Slope 1 2020","Caleurpa",0,"MA","none","no",NA,NA,NA,NA,"iii","high D",0.779844290657439,"none"
"208981",2020,"10/03/20","Coral Sea","Northern Coral Sea","Ed","Bougainville","Bougainville 1","","Slope",1,8.5,3.5,0,68,"5",100,"Bougainville 1 Slope 1 2020","Gracilaria",0,"MA","none","no",NA,NA,NA,NA,"iii","high D",0.779844290657439,"none"
"211789",2020,"10/03/20","Coral Sea","Northern Coral Sea","Ed","Bougainville","Bougainville 1","","Slope",1,8.5,3.5,0,68,"5",100,"Bougainville 1 Slope 1 2020","Halimeda",0,"MA","none","no",NA,NA,NA,NA,"iii","high D",0.779844290657439,"none"
"214597",2020,"10/03/20","Coral Sea","Northern Coral Sea","Ed","Bougainville","Bougainville 1","","Slope",1,8.5,3.5,0,68,"5",100,"Bougainville 1 Slope 1 2020","Galaxaura",0,"MA","none","no",NA,NA,NA,NA,"iii","high D",0.779844290657439,"none"
"217405",2020,"10/03/20","Coral Sea","Northern Coral Sea","Ed","Bougainville","Bougainville 1","","Slope",1,8.5,3.5,0,68,"5",100,"Bougainville 1 Slope 1 2020","Laurencia",0,"MA","none","no",NA,NA,NA,NA,"iii","high D",0.779844290657439,"none"
"220213",2020,"10/03/20","Coral Sea","Northern Coral Sea","Ed","Bougainville","Bougainville 1","","Slope",1,8.5,3.5,0,68,"5",100,"Bougainville 1 Slope 1 2020","Chlorodesmis",0,"MA","none","no",NA,NA,NA,NA,"iii","high D",0.779844290657439,"none"
"223021",2020,"10/03/20","Coral Sea","Northern Coral Sea","Ed","Bougainville","Bougainville 1","","Slope",1,8.5,3.5,0,68,"5",100,"Bougainville 1 Slope 1 2020","Halymenia",0,"MA","none","no",NA,NA,NA,NA,"iii","high D",0.779844290657439,"none"
"225829",2020,"10/03/20","Coral Sea","Northern Coral Sea","Ed","Bougainville","Bougainville 1","","Slope",1,8.5,3.5,0,68,"5",100,"Bougainville 1 Slope 1 2020","Blue.green.algae",0,"MA","none","no",NA,NA,NA,NA,"iii","high D",0.779844290657439,"none"
"228637",2020,"10/03/20","Coral Sea","Northern Coral Sea","Ed","Bougainville","Bougainville 1","","Slope",1,8.5,3.5,0,68,"5",100,"Bougainville 1 Slope 1 2020","Shaggy.carpet",0,"MA","none","no",NA,NA,NA,NA,"iii","high D",0.779844290657439,"none"
"231445",2020,"10/03/20","Coral Sea","Northern Coral Sea","Ed","Bougainville","Bougainville 1","","Slope",1,8.5,3.5,0,68,"5",100,"Bougainville 1 Slope 1 2020","Turbinaria..Algae.",0,"MA","none","no",NA,NA,NA,NA,"iii","high D",0.779844290657439,"none"
"234253",2020,"10/03/20","Coral Sea","Northern Coral Sea","Ed","Bougainville","Bougainville 1","","Slope",1,8.5,3.5,0,68,"5",100,"Bougainville 1 Slope 1 2020","Udeota",0,"MA","none","no",NA,NA,NA,NA,"iii","high D",0.779844290657439,"none"
"237061",2020,"10/03/20","Coral Sea","Northern Coral Sea","Ed","Bougainville","Bougainville 1","","Slope",1,8.5,3.5,0,68,"5",100,"Bougainville 1 Slope 1 2020","Amphiroa",0,"MA","none","no",NA,NA,NA,NA,"iii","high D",0.779844290657439,"none"
"239869",2020,"10/03/20","Coral Sea","Northern Coral Sea","Ed","Bougainville","Bougainville 1","","Slope",1,8.5,3.5,0,68,"5",100,"Bougainville 1 Slope 1 2020","Dictyosphaeria",0,"MA","none","no",NA,NA,NA,NA,"iii","high D",0.779844290657439,"none"
"242677",2020,"10/03/20","Coral Sea","Northern Coral Sea","Ed","Bougainville","Bougainville 1","","Slope",1,8.5,3.5,0,68,"5",100,"Bougainville 1 Slope 1 2020","Rhipiliopsis.",0,"MA","none","no",NA,NA,NA,NA,"iii","high D",0.779844290657439,"none"
"245485",2020,"10/03/20","Coral Sea","Northern Coral Sea","Ed","Bougainville","Bougainville 1","","Slope",1,8.5,3.5,0,68,"5",100,"Bougainville 1 Slope 1 2020","Codium",0,"MA","none","no",NA,NA,NA,NA,"iii","high D",0.779844290657439,"none"
"248293",2020,"10/03/20","Coral Sea","Northern Coral Sea","Ed","Bougainville","Bougainville 1","","Slope",1,8.5,3.5,0,68,"5",100,"Bougainville 1 Slope 1 2020","Other.algae",0,"MA","none","no",NA,NA,NA,NA,"iii","high D",0.779844290657439,"none"
"251101",2020,"10/03/20","Coral Sea","Northern Coral Sea","Ed","Bougainville","Bougainville 1","","Slope",1,8.5,3.5,0,68,"5",100,"Bougainville 1 Slope 1 2020","Gorgonians.incl.Isis.",0,"SoC","none","no",NA,NA,NA,NA,"iii","high D",0.779844290657439,"none"
"253909",2020,"10/03/20","Coral Sea","Northern Coral Sea","Ed","Bougainville","Bougainville 1","","Slope",1,8.5,3.5,0,68,"5",100,"Bougainville 1 Slope 1 2020","Hydroid",0,"Other","none","no",NA,NA,NA,NA,"iii","high D",0.779844290657439,"none"
"256717",2020,"10/03/20","Coral Sea","Northern Coral Sea","Ed","Bougainville","Bougainville 1","","Slope",1,8.5,3.5,0,68,"5",100,"Bougainville 1 Slope 1 2020","Sponges",0,"Other","none","no",NA,NA,NA,NA,"iii","high D",0.779844290657439,"none"
"259525",2020,"10/03/20","Coral Sea","Northern Coral Sea","Ed","Bougainville","Bougainville 1","","Slope",1,8.5,3.5,0,68,"5",100,"Bougainville 1 Slope 1 2020","Anemone",0,"Other","none","no",NA,NA,NA,NA,"iii","high D",0.779844290657439,"none"
"262333",2020,"10/03/20","Coral Sea","Northern Coral Sea","Ed","Bougainville","Bougainville 1","","Slope",1,8.5,3.5,0,68,"5",100,"Bougainville 1 Slope 1 2020","Zooanthid",0,"Other","none","no",NA,NA,NA,NA,"iii","high D",0.779844290657439,"none"
"265141",2020,"10/03/20","Coral Sea","Northern Coral Sea","Ed","Bougainville","Bougainville 1","","Slope",1,8.5,3.5,0,68,"5",100,"Bougainville 1 Slope 1 2020","Other.benthic.organism",0,"Other","none","no",NA,NA,NA,NA,"iii","high D",0.779844290657439,"none"
"267949",2020,"10/03/20","Coral Sea","Northern Coral Sea","Ed","Bougainville","Bougainville 1","","Slope",1,8.5,3.5,0,68,"5",100,"Bougainville 1 Slope 1 2020","Sand.Rubble",0,"Sand","none","no",NA,NA,NA,NA,"iii","high D",0.779844290657439,"none"
"270757",2020,"10/03/20","Coral Sea","Northern Coral Sea","Ed","Bougainville","Bougainville 1","","Slope",1,8.5,3.5,0,68,"5",100,"Bougainville 1 Slope 1 2020","CCA.Pavement",4,"CCA","none","no",NA,NA,NA,NA,"iii","high D",0.779844290657439,"none"
"273565",2020,"10/03/20","Coral Sea","Northern Coral Sea","Ed","Bougainville","Bougainville 1","","Slope",1,8.5,3.5,0,68,"5",100,"Bougainville 1 Slope 1 2020","Turf.Pavement",23,"Turf","none","no",NA,NA,NA,NA,"iii","high D",0.779844290657439,"none"
"14",2018,"12/04/18","Coral Sea","Central Coral Sea","Mike","Flinders","Flinders 3","Toe Reef","Slope",2,9,2.5,4,4,"",100,"Flinders 3 Slope 2 2018","Acropora...Tabular",0,"HC","Acropora tabular-bushy","yes",0.240328415385067,0.134035421382788,-0.0482618021729126,-0.113169850355026,"iv","low D",0,"Acr. tabular"
"2822",2018,"12/04/18","Coral Sea","Central Coral Sea","Mike","Flinders","Flinders 3","Toe Reef","Slope",2,9,2.5,4,4,"",100,"Flinders 3 Slope 2 2018","Acropora...Staghorn",0,"HC","Acropora branching","yes",0.281922521102274,-0.0635149911254278,0.0204441380642461,0.000409788797686724,"iv","low D",0,"Acr. branching"
"5630",2018,"12/04/18","Coral Sea","Central Coral Sea","Mike","Flinders","Flinders 3","Toe Reef","Slope",2,9,2.5,4,4,"",100,"Flinders 3 Slope 2 2018","Acropora...other",0,"HC","Acropora tabular-bushy","yes",0.139240828086872,0.0128591462882639,-0.0410847341926154,0.0242494399320568,"iv","low D",0,"Acr. Bushy"
"8438",2018,"12/04/18","Coral Sea","Central Coral Sea","Mike","Flinders","Flinders 3","Toe Reef","Slope",2,9,2.5,4,4,"",100,"Flinders 3 Slope 2 2018","Astreopora",1,"HC","Encrusting-submassive","no",-0.100672656808791,0.0249293811191919,0.0437230821454867,0.018986140277716,"iv","low D",0,"Encrusting"
"11246",2018,"12/04/18","Coral Sea","Central Coral Sea","Mike","Flinders","Flinders 3","Toe Reef","Slope",2,9,2.5,4,4,"",100,"Flinders 3 Slope 2 2018","Isopora",0,"HC","Branching (other)","no",0.083912073823699,0.0150709500173525,0.0422969758631734,-0.01667727145447,"iv","low D",0,"Columnar"
"14054",2018,"12/04/18","Coral Sea","Central Coral Sea","Mike","Flinders","Flinders 3","Toe Reef","Slope",2,9,2.5,4,4,"",100,"Flinders 3 Slope 2 2018","Montipora",0,"HC","Encrusting-foliose","no",0.000126234233786947,0.0620124407750369,0.0320823937551572,0.0127030367419577,"iv","low D",0,"Foliose"
"16862",2018,"12/04/18","Coral Sea","Central Coral Sea","Mike","Flinders","Flinders 3","Toe Reef","Slope",2,9,2.5,4,4,"",100,"Flinders 3 Slope 2 2018","Alveopora",0,"HC","Encrusting-submassive","no",-0.0526371368009176,-0.0615944403508045,0.0424184668426243,-0.0317201338697867,"iv","low D",0,"Encrusting"
"19670",2018,"12/04/18","Coral Sea","Central Coral Sea","Mike","Flinders","Flinders 3","Toe Reef","Slope",2,9,2.5,4,4,"",100,"Flinders 3 Slope 2 2018","Pocillopora",0,"HC","Bushy-corymbose (other)","no",0.166418425440558,-0.0150962312552074,0.136213247732585,-0.00967291656217472,"iv","low D",0,"Bushy (other)"
"22478",2018,"12/04/18","Coral Sea","Central Coral Sea","Mike","Flinders","Flinders 3","Toe Reef","Slope",2,9,2.5,4,4,"",100,"Flinders 3 Slope 2 2018","Seriatopora",0,"HC","Bushy-corymbose (other)","no",0.110977725548282,-0.0142253686589396,0.118794405836673,0.0252534379018654,"iv","low D",0,"Bushy (other)"
"25286",2018,"12/04/18","Coral Sea","Central Coral Sea","Mike","Flinders","Flinders 3","Toe Reef","Slope",2,9,2.5,4,4,"",100,"Flinders 3 Slope 2 2018","Stylophora",0,"HC","Bushy-corymbose (other)","no",0.097557848276538,-0.0231199531043404,0.0962806786798844,0.0122126255584989,"iv","low D",0,"Bushy (other)"
"28094",2018,"12/04/18","Coral Sea","Central Coral Sea","Mike","Flinders","Flinders 3","Toe Reef","Slope",2,9,2.5,4,4,"",100,"Flinders 3 Slope 2 2018","Stylocoeniella",0,"HC","Encrusting-submassive","no",-0.155347422346786,0.154422260937258,0.0769372077205655,-0.00783639259123267,"iv","low D",0,"Encrusting"
"30902",2018,"12/04/18","Coral Sea","Central Coral Sea","Mike","Flinders","Flinders 3","Toe Reef","Slope",2,9,2.5,4,4,"",100,"Flinders 3 Slope 2 2018","Porites...Massive",0,"HC","Massive-columnar","no",-0.109183471440086,-0.0863591294127497,-0.0715213942646123,0.0102314522263045,"iv","low D",0,"Massive"
"33710",2018,"12/04/18","Coral Sea","Central Coral Sea","Mike","Flinders","Flinders 3","Toe Reef","Slope",2,9,2.5,4,4,"",100,"Flinders 3 Slope 2 2018","Porites...Branching",0,"HC","Branching (other)","no",0.123056243261964,-0.00484182963326615,-0.0491427758661038,0.0268718400335514,"iv","low D",0,"Branching (other)"
"36518",2018,"12/04/18","Coral Sea","Central Coral Sea","Mike","Flinders","Flinders 3","Toe Reef","Slope",2,9,2.5,4,4,"",100,"Flinders 3 Slope 2 2018","Goniopora",0,"HC","Encrusting-submassive","no",-0.0659013787947221,-0.0813098156213875,-0.0365218300275952,-0.0702797668670932,"iv","low D",0,"Encrusting"
"39326",2018,"12/04/18","Coral Sea","Central Coral Sea","Mike","Flinders","Flinders 3","Toe Reef","Slope",2,9,2.5,4,4,"",100,"Flinders 3 Slope 2 2018","Astrea",0,"HC","Encrusting-submassive","no",-0.200139248881424,-0.0135253955263369,-0.0111714389728248,-0.000347983699355049,"iv","low D",0,"Encrusting"
"42134",2018,"12/04/18","Coral Sea","Central Coral Sea","Mike","Flinders","Flinders 3","Toe Reef","Slope",2,9,2.5,4,4,"",100,"Flinders 3 Slope 2 2018","Cyphastrea",0,"HC","Encrusting-submassive","no",-0.0740270081466874,-0.0976935567247429,-0.0676415376952733,0.00670265600665732,"iv","low D",0,"Encrusting"
"44942",2018,"12/04/18","Coral Sea","Central Coral Sea","Mike","Flinders","Flinders 3","Toe Reef","Slope",2,9,2.5,4,4,"",100,"Flinders 3 Slope 2 2018","Dipsastrea",0,"HC","Massive-columnar","no",-0.170585006194142,-0.0889734366549273,0.0125263195542029,0.0267296895356074,"iv","low D",0,"Massive"
"47750",2018,"12/04/18","Coral Sea","Central Coral Sea","Mike","Flinders","Flinders 3","Toe Reef","Slope",2,9,2.5,4,4,"",100,"Flinders 3 Slope 2 2018","Echinopora",0,"HC","Encrusting-foliose","no",-0.0398533446993827,0.12300727886765,0.0135827578734912,0.0367439036181558,"iv","low D",0,"Foliose"
"50558",2018,"12/04/18","Coral Sea","Central Coral Sea","Mike","Flinders","Flinders 3","Toe Reef","Slope",2,9,2.5,4,4,"",100,"Flinders 3 Slope 2 2018","Favites",0,"HC","Massive-columnar","no",-0.171471606389521,-0.0730282403869843,-0.0106400303078346,0.0218043139061569,"iv","low D",0,"Massive"
"53366",2018,"12/04/18","Coral Sea","Central Coral Sea","Mike","Flinders","Flinders 3","Toe Reef","Slope",2,9,2.5,4,4,"",100,"Flinders 3 Slope 2 2018","Goniastrea",0,"HC","Massive-columnar","no",-0.129567164119885,-0.0573984710048977,-0.0344209724758839,0.0123135211180992,"iv","low D",0,"Massive"
"56174",2018,"12/04/18","Coral Sea","Central Coral Sea","Mike","Flinders","Flinders 3","Toe Reef","Slope",2,9,2.5,4,4,"",100,"Flinders 3 Slope 2 2018","Hydnophora",0,"HC","Encrusting-foliose","no",-0.0220693239268366,-0.0690869121023572,-0.00698765165961518,0.00027039997412355,"iv","low D",0,"Branching (other)"
"58982",2018,"12/04/18","Coral Sea","Central Coral Sea","Mike","Flinders","Flinders 3","Toe Reef","Slope",2,9,2.5,4,4,"",100,"Flinders 3 Slope 2 2018","Leptoria",0,"HC","Massive-columnar","no",-0.170515240925304,-0.00528658882649215,-0.0155198400903626,0.0105260594867268,"iv","low D",0,"Massive"
"61790",2018,"12/04/18","Coral Sea","Central Coral Sea","Mike","Flinders","Flinders 3","Toe Reef","Slope",2,9,2.5,4,4,"",100,"Flinders 3 Slope 2 2018","Merulina",0,"HC","Encrusting-foliose","no",0.0425014257098473,0.0887031191550727,0.0240933120895385,0.0417819724197133,"iv","low D",0,"Foliose"
"64598",2018,"12/04/18","Coral Sea","Central Coral Sea","Mike","Flinders","Flinders 3","Toe Reef","Slope",2,9,2.5,4,4,"",100,"Flinders 3 Slope 2 2018","Platygyra",0,"HC","Massive-columnar","no",-0.127067093111153,-0.110448752671918,-0.0332040623252233,0.0197123259951778,"iv","low D",0,"Massive"
"67406",2018,"12/04/18","Coral Sea","Central Coral Sea","Mike","Flinders","Flinders 3","Toe Reef","Slope",2,9,2.5,4,4,"",100,"Flinders 3 Slope 2 2018","Other.Merulinidae",0,"HC","Massive-columnar","no",-0.0976220474435125,-0.103840087396198,0.00561589762183675,0.0427155327482793,"iv","low D",0,"Massive"
"70214",2018,"12/04/18","Coral Sea","Central Coral Sea","Mike","Flinders","Flinders 3","Toe Reef","Slope",2,9,2.5,4,4,"",100,"Flinders 3 Slope 2 2018","Acanthastrea",0,"HC","Encrusting-submassive","no",NA,NA,NA,NA,"iv","low D",0,"Encrusting"
"73022",2018,"12/04/18","Coral Sea","Central Coral Sea","Mike","Flinders","Flinders 3","Toe Reef","Slope",2,9,2.5,4,4,"",100,"Flinders 3 Slope 2 2018","Echinophyllia",0,"HC","Encrusting-submassive","no",NA,NA,NA,NA,"iv","low D",0,"Encrusting"
"75830",2018,"12/04/18","Coral Sea","Central Coral Sea","Mike","Flinders","Flinders 3","Toe Reef","Slope",2,9,2.5,4,4,"",100,"Flinders 3 Slope 2 2018","Lobophyllia",0,"HC","Massive-columnar","no",NA,NA,NA,NA,"iv","low D",0,"Massive"
"78638",2018,"12/04/18","Coral Sea","Central Coral Sea","Mike","Flinders","Flinders 3","Toe Reef","Slope",2,9,2.5,4,4,"",100,"Flinders 3 Slope 2 2018","Other.Lobophyllidae",0,"HC","Massive-columnar","no",-0.197435081881674,-0.0120328476022908,-0.01673138203562,0.0090115527065433,"iv","low D",0,"Massive"
"81446",2018,"12/04/18","Coral Sea","Central Coral Sea","Mike","Flinders","Flinders 3","Toe Reef","Slope",2,9,2.5,4,4,"",100,"Flinders 3 Slope 2 2018","Coelastrea",0,"HC","Encrusting-submassive","no",-0.191006559312044,-0.122046732964091,0.0156786666717618,0.047344831016019,"iv","low D",0,"Encrusting"
"84254",2018,"12/04/18","Coral Sea","Central Coral Sea","Mike","Flinders","Flinders 3","Toe Reef","Slope",2,9,2.5,4,4,"",100,"Flinders 3 Slope 2 2018","Coeloseris",0,"HC","Encrusting-submassive","no",-0.172704024646529,-0.103426931540477,0.0224755320795815,0.0218105521132626,"iv","low D",0,"Encrusting"
"87062",2018,"12/04/18","Coral Sea","Central Coral Sea","Mike","Flinders","Flinders 3","Toe Reef","Slope",2,9,2.5,4,4,"",100,"Flinders 3 Slope 2 2018","Halomitra",0,"HC","Encrusting-submassive","no",-0.167100178348715,-0.0994352737223055,0.0232958170520704,0.0105711378650488,"iv","low D",0,"Encrusting"
"89870",2018,"12/04/18","Coral Sea","Central Coral Sea","Mike","Flinders","Flinders 3","Toe Reef","Slope",2,9,2.5,4,4,"",100,"Flinders 3 Slope 2 2018","Fungiidae",0,"HC","Encrusting-submassive","no",-0.288910750106923,0.0125049653252868,-0.0013897587730078,-0.0492791056077181,"iv","low D",0,"Encrusting"
"92678",2018,"12/04/18","Coral Sea","Central Coral Sea","Mike","Flinders","Flinders 3","Toe Reef","Slope",2,9,2.5,4,4,"",100,"Flinders 3 Slope 2 2018","Leptastrea",3,"HC","Encrusting-submassive","no",-0.214521734582303,0.0628648419368869,-0.0383011946183843,-0.034818791956,"iv","low D",0,"Encrusting"
"95486",2018,"12/04/18","Coral Sea","Central Coral Sea","Mike","Flinders","Flinders 3","Toe Reef","Slope",2,9,2.5,4,4,"",100,"Flinders 3 Slope 2 2018","Pleisiastrea",0,"HC","Encrusting-submassive","no",-0.155445837745099,-0.108499993195654,0.0140781216756101,0.0555392579872258,"iv","low D",0,"Encrusting"
"98294",2018,"12/04/18","Coral Sea","Central Coral Sea","Mike","Flinders","Flinders 3","Toe Reef","Slope",2,9,2.5,4,4,"",100,"Flinders 3 Slope 2 2018","Diploastrea",0,"HC","Massive-columnar","no",-0.216778905149941,-0.105325535024696,0.110063397271714,0.133818892205185,"iv","low D",0,"Massive"
"101102",2018,"12/04/18","Coral Sea","Central Coral Sea","Mike","Flinders","Flinders 3","Toe Reef","Slope",2,9,2.5,4,4,"",100,"Flinders 3 Slope 2 2018","Galaxea",0,"HC","Massive-columnar","no",NA,NA,NA,NA,"iv","low D",0,"Massive"
"103910",2018,"12/04/18","Coral Sea","Central Coral Sea","Mike","Flinders","Flinders 3","Toe Reef","Slope",2,9,2.5,4,4,"",100,"Flinders 3 Slope 2 2018","Pavona",0,"HC","Massive-columnar","no",-0.0654443393924778,0.0198479615350563,0.0221971014315002,0.00194744347960258,"iv","low D",0,"Columnar"
"106718",2018,"12/04/18","Coral Sea","Central Coral Sea","Mike","Flinders","Flinders 3","Toe Reef","Slope",2,9,2.5,4,4,"",100,"Flinders 3 Slope 2 2018","Coscinarea",0,"HC","Massive-columnar","no",NA,NA,NA,NA,"iv","low D",0,"Columnar"
"109526",2018,"12/04/18","Coral Sea","Central Coral Sea","Mike","Flinders","Flinders 3","Toe Reef","Slope",2,9,2.5,4,4,"",100,"Flinders 3 Slope 2 2018","Psammocora",0,"HC","Massive-columnar","no",-0.0600891759544262,-0.0719212142509173,0.175306192059123,-0.063179821215691,"iv","low D",0,"Columnar"
"112334",2018,"12/04/18","Coral Sea","Central Coral Sea","Mike","Flinders","Flinders 3","Toe Reef","Slope",2,9,2.5,4,4,"",100,"Flinders 3 Slope 2 2018","Pachyseris",0,"HC","Encrusting-foliose","no",NA,NA,NA,NA,"iv","low D",0,"Foliose"
"115142",2018,"12/04/18","Coral Sea","Central Coral Sea","Mike","Flinders","Flinders 3","Toe Reef","Slope",2,9,2.5,4,4,"",100,"Flinders 3 Slope 2 2018","Turbinaria",0,"HC","Encrusting-foliose","no",-0.00292058014456572,0.0975100417830366,-0.106730622255791,0.0111431296279639,"iv","low D",0,"Foliose"
"117950",2018,"12/04/18","Coral Sea","Central Coral Sea","Mike","Flinders","Flinders 3","Toe Reef","Slope",2,9,2.5,4,4,"",100,"Flinders 3 Slope 2 2018","Euphyllia",0,"HC","Encrusting-submassive","no",NA,NA,NA,NA,"iv","low D",0,"Encrusting"
"120758",2018,"12/04/18","Coral Sea","Central Coral Sea","Mike","Flinders","Flinders 3","Toe Reef","Slope",2,9,2.5,4,4,"",100,"Flinders 3 Slope 2 2018","Physogyra",0,"HC","Encrusting-submassive","no",-0.180173889787317,-0.109520721193129,0.0147571930085642,0.04001649075012,"iv","low D",0,"Encrusting"
"123566",2018,"12/04/18","Coral Sea","Central Coral Sea","Mike","Flinders","Flinders 3","Toe Reef","Slope",2,9,2.5,4,4,"",100,"Flinders 3 Slope 2 2018","Oulophyllia",0,"HC","Encrusting-submassive","no",-0.132842657941001,-0.153276401502432,-0.0977986435840669,0.0531246771872431,"iv","low D",0,"Encrusting"
"126374",2018,"12/04/18","Coral Sea","Central Coral Sea","Mike","Flinders","Flinders 3","Toe Reef","Slope",2,9,2.5,4,4,"",100,"Flinders 3 Slope 2 2018","Mycedium",0,"HC","Encrusting-submassive","no",-0.0240667153975248,0.176838301127354,0.0480601262723803,0.0328882948010575,"iv","low D",0,"Encrusting"
"129182",2018,"12/04/18","Coral Sea","Central Coral Sea","Mike","Flinders","Flinders 3","Toe Reef","Slope",2,9,2.5,4,4,"",100,"Flinders 3 Slope 2 2018","Cynarina",0,"HC","Encrusting-submassive","no",NA,NA,NA,NA,"iv","low D",0,"Encrusting"
"131990",2018,"12/04/18","Coral Sea","Central Coral Sea","Mike","Flinders","Flinders 3","Toe Reef","Slope",2,9,2.5,4,4,"",100,"Flinders 3 Slope 2 2018","Gardinoseris",0,"HC","Encrusting-submassive","no",-0.140359849533919,-0.0922340986024226,0.0252378267861654,0.0236217710367828,"iv","low D",0,"Encrusting"
"134798",2018,"12/04/18","Coral Sea","Central Coral Sea","Mike","Flinders","Flinders 3","Toe Reef","Slope",2,9,2.5,4,4,"",100,"Flinders 3 Slope 2 2018","Leptoseris",0,"HC","Encrusting-foliose","no",-0.113176808041431,0.175498836497856,0.06293299577905,0.0173592087938436,"iv","low D",0,"Foliose"
"137606",2018,"12/04/18","Coral Sea","Central Coral Sea","Mike","Flinders","Flinders 3","Toe Reef","Slope",2,9,2.5,4,4,"",100,"Flinders 3 Slope 2 2018","Oxypora",0,"HC","Encrusting-submassive","no",NA,NA,NA,NA,"iv","low D",0,"Encrusting"
"140414",2018,"12/04/18","Coral Sea","Central Coral Sea","Mike","Flinders","Flinders 3","Toe Reef","Slope",2,9,2.5,4,4,"",100,"Flinders 3 Slope 2 2018","Scapophyllia",0,"HC","Encrusting-submassive","no",0.0481781615794045,-0.193096592599396,0.0971301774795498,-0.10679088278928,"iv","low D",0,"Encrusting"
"143222",2018,"12/04/18","Coral Sea","Central Coral Sea","Mike","Flinders","Flinders 3","Toe Reef","Slope",2,9,2.5,4,4,"",100,"Flinders 3 Slope 2 2018","Pectinia",0,"HC","Encrusting-foliose","no",0.0194150178906054,0.0499762641006908,0.00536152825216163,0.0422710623011345,"iv","low D",0,"Foliose"
"146030",2018,"12/04/18","Coral Sea","Central Coral Sea","Mike","Flinders","Flinders 3","Toe Reef","Slope",2,9,2.5,4,4,"",100,"Flinders 3 Slope 2 2018","Bernardpora",0,"HC","Encrusting-submassive","no",-0.199811883259408,0.0882839692151224,-0.0429146808591924,-0.0456104914730866,"iv","low D",0,"Encrusting"
"148838",2018,"12/04/18","Coral Sea","Central Coral Sea","Mike","Flinders","Flinders 3","Toe Reef","Slope",2,9,2.5,4,4,"",100,"Flinders 3 Slope 2 2018","Podabacia",0,"HC","Encrusting-submassive","no",-0.226730189710759,0.125257951054428,0.0358318279843551,-0.0138452856305281,"iv","low D",0,"Encrusting"
"151646",2018,"12/04/18","Coral Sea","Central Coral Sea","Mike","Flinders","Flinders 3","Toe Reef","Slope",2,9,2.5,4,4,"",100,"Flinders 3 Slope 2 2018","Tubastrea",0,"HC","Encrusting-submassive","no",NA,NA,NA,NA,"iv","low D",0,"Encrusting"
"154454",2018,"12/04/18","Coral Sea","Central Coral Sea","Mike","Flinders","Flinders 3","Toe Reef","Slope",2,9,2.5,4,4,"",100,"Flinders 3 Slope 2 2018","Paramontastrea",0,"HC","Encrusting-submassive","no",-0.114144587797251,-0.116915343487126,-0.0686247810581562,0.00929682681947961,"iv","low D",0,"Encrusting"
"157262",2018,"12/04/18","Coral Sea","Central Coral Sea","Mike","Flinders","Flinders 3","Toe Reef","Slope",2,9,2.5,4,4,"",100,"Flinders 3 Slope 2 2018","Paragoniastrea",0,"HC","Encrusting-submassive","no",-0.191967916813352,-0.0306993831342351,-0.02473163933448,0.0116447556061084,"iv","low D",0,"Encrusting"
"160070",2018,"12/04/18","Coral Sea","Central Coral Sea","Mike","Flinders","Flinders 3","Toe Reef","Slope",2,9,2.5,4,4,"",100,"Flinders 3 Slope 2 2018","Homophyllia",0,"HC","Encrusting-submassive","no",NA,NA,NA,NA,"iv","low D",0,"Encrusting"
"162878",2018,"12/04/18","Coral Sea","Central Coral Sea","Mike","Flinders","Flinders 3","Toe Reef","Slope",2,9,2.5,4,4,"",100,"Flinders 3 Slope 2 2018","Plerogyra",0,"HC","Encrusting-submassive","no",-0.105316075822891,-0.0998453875118921,0.0298845828432979,0.0359379942601894,"iv","low D",0,"Encrusting"
"165686",2018,"12/04/18","Coral Sea","Central Coral Sea","Mike","Flinders","Flinders 3","Toe Reef","Slope",2,9,2.5,4,4,"",100,"Flinders 3 Slope 2 2018","Australogyra",0,"HC","Massive-columnar","no",0.13065872570089,-0.0786784170899101,-0.0231514150570016,0.0367130452636839,"iv","low D",0,"Columnar"
"168494",2018,"12/04/18","Coral Sea","Central Coral Sea","Mike","Flinders","Flinders 3","Toe Reef","Slope",2,9,2.5,4,4,"",100,"Flinders 3 Slope 2 2018","Millepora",0,"Other","none","no",NA,NA,NA,NA,"iv","low D",0,"none"
"171302",2018,"12/04/18","Coral Sea","Central Coral Sea","Mike","Flinders","Flinders 3","Toe Reef","Slope",2,9,2.5,4,4,"",100,"Flinders 3 Slope 2 2018","Lobophytum",2,"SoC","none","no",NA,NA,NA,NA,"iv","low D",0,"none"
"174110",2018,"12/04/18","Coral Sea","Central Coral Sea","Mike","Flinders","Flinders 3","Toe Reef","Slope",2,9,2.5,4,4,"",100,"Flinders 3 Slope 2 2018","Sarcophyton",0,"SoC","none","no",NA,NA,NA,NA,"iv","low D",0,"none"
"176918",2018,"12/04/18","Coral Sea","Central Coral Sea","Mike","Flinders","Flinders 3","Toe Reef","Slope",2,9,2.5,4,4,"",100,"Flinders 3 Slope 2 2018","Sinularia",0,"SoC","none","no",NA,NA,NA,NA,"iv","low D",0,"none"
"179726",2018,"12/04/18","Coral Sea","Central Coral Sea","Mike","Flinders","Flinders 3","Toe Reef","Slope",2,9,2.5,4,4,"",100,"Flinders 3 Slope 2 2018","Palythoa",0,"SoC","none","no",NA,NA,NA,NA,"iv","low D",0,"none"
"182534",2018,"12/04/18","Coral Sea","Central Coral Sea","Mike","Flinders","Flinders 3","Toe Reef","Slope",2,9,2.5,4,4,"",100,"Flinders 3 Slope 2 2018","Rhytisma",0,"SoC","none","no",NA,NA,NA,NA,"iv","low D",0,"none"
"185342",2018,"12/04/18","Coral Sea","Central Coral Sea","Mike","Flinders","Flinders 3","Toe Reef","Slope",2,9,2.5,4,4,"",100,"Flinders 3 Slope 2 2018","Xenia",0,"SoC","none","no",NA,NA,NA,NA,"iv","low D",0,"none"
"188150",2018,"12/04/18","Coral Sea","Central Coral Sea","Mike","Flinders","Flinders 3","Toe Reef","Slope",2,9,2.5,4,4,"",100,"Flinders 3 Slope 2 2018","Heliopora",0,"SoC","none","no",NA,NA,NA,NA,"iv","low D",0,"none"
"190958",2018,"12/04/18","Coral Sea","Central Coral Sea","Mike","Flinders","Flinders 3","Toe Reef","Slope",2,9,2.5,4,4,"",100,"Flinders 3 Slope 2 2018","Tubipora",0,"SoC","none","no",NA,NA,NA,NA,"iv","low D",0,"none"
"193766",2018,"12/04/18","Coral Sea","Central Coral Sea","Mike","Flinders","Flinders 3","Toe Reef","Slope",2,9,2.5,4,4,"",100,"Flinders 3 Slope 2 2018","Distichopora",0,"SoC","none","no",NA,NA,NA,NA,"iv","low D",0,"none"
"196574",2018,"12/04/18","Coral Sea","Central Coral Sea","Mike","Flinders","Flinders 3","Toe Reef","Slope",2,9,2.5,4,4,"",100,"Flinders 3 Slope 2 2018","Nepthea",0,"SoC","none","no",NA,NA,NA,NA,"iv","low D",0,"none"
"199382",2018,"12/04/18","Coral Sea","Central Coral Sea","Mike","Flinders","Flinders 3","Toe Reef","Slope",2,9,2.5,4,4,"",100,"Flinders 3 Slope 2 2018","Dendronephthea",0,"SoC","none","no",NA,NA,NA,NA,"iv","low D",0,"none"
"202190",2018,"12/04/18","Coral Sea","Central Coral Sea","Mike","Flinders","Flinders 3","Toe Reef","Slope",2,9,2.5,4,4,"",100,"Flinders 3 Slope 2 2018","Other.soft.coral",0,"SoC","none","no",NA,NA,NA,NA,"iv","low D",0,"none"
"204998",2018,"12/04/18","Coral Sea","Central Coral Sea","Mike","Flinders","Flinders 3","Toe Reef","Slope",2,9,2.5,4,4,"",100,"Flinders 3 Slope 2 2018","Caleurpa",0,"MA","none","no",NA,NA,NA,NA,"iv","low D",0,"none"
"207806",2018,"12/04/18","Coral Sea","Central Coral Sea","Mike","Flinders","Flinders 3","Toe Reef","Slope",2,9,2.5,4,4,"",100,"Flinders 3 Slope 2 2018","Gracilaria",0,"MA","none","no",NA,NA,NA,NA,"iv","low D",0,"none"
"210614",2018,"12/04/18","Coral Sea","Central Coral Sea","Mike","Flinders","Flinders 3","Toe Reef","Slope",2,9,2.5,4,4,"",100,"Flinders 3 Slope 2 2018","Halimeda",2,"MA","none","no",NA,NA,NA,NA,"iv","low D",0,"none"
"213422",2018,"12/04/18","Coral Sea","Central Coral Sea","Mike","Flinders","Flinders 3","Toe Reef","Slope",2,9,2.5,4,4,"",100,"Flinders 3 Slope 2 2018","Galaxaura",0,"MA","none","no",NA,NA,NA,NA,"iv","low D",0,"none"
"216230",2018,"12/04/18","Coral Sea","Central Coral Sea","Mike","Flinders","Flinders 3","Toe Reef","Slope",2,9,2.5,4,4,"",100,"Flinders 3 Slope 2 2018","Laurencia",0,"MA","none","no",NA,NA,NA,NA,"iv","low D",0,"none"
"219038",2018,"12/04/18","Coral Sea","Central Coral Sea","Mike","Flinders","Flinders 3","Toe Reef","Slope",2,9,2.5,4,4,"",100,"Flinders 3 Slope 2 2018","Chlorodesmis",0,"MA","none","no",NA,NA,NA,NA,"iv","low D",0,"none"
"221846",2018,"12/04/18","Coral Sea","Central Coral Sea","Mike","Flinders","Flinders 3","Toe Reef","Slope",2,9,2.5,4,4,"",100,"Flinders 3 Slope 2 2018","Halymenia",0,"MA","none","no",NA,NA,NA,NA,"iv","low D",0,"none"
"224654",2018,"12/04/18","Coral Sea","Central Coral Sea","Mike","Flinders","Flinders 3","Toe Reef","Slope",2,9,2.5,4,4,"",100,"Flinders 3 Slope 2 2018","Blue.green.algae",0,"MA","none","no",NA,NA,NA,NA,"iv","low D",0,"none"
"227462",2018,"12/04/18","Coral Sea","Central Coral Sea","Mike","Flinders","Flinders 3","Toe Reef","Slope",2,9,2.5,4,4,"",100,"Flinders 3 Slope 2 2018","Shaggy.carpet",0,"MA","none","no",NA,NA,NA,NA,"iv","low D",0,"none"
"230270",2018,"12/04/18","Coral Sea","Central Coral Sea","Mike","Flinders","Flinders 3","Toe Reef","Slope",2,9,2.5,4,4,"",100,"Flinders 3 Slope 2 2018","Turbinaria..Algae.",0,"MA","none","no",NA,NA,NA,NA,"iv","low D",0,"none"
"233078",2018,"12/04/18","Coral Sea","Central Coral Sea","Mike","Flinders","Flinders 3","Toe Reef","Slope",2,9,2.5,4,4,"",100,"Flinders 3 Slope 2 2018","Udeota",2,"MA","none","no",NA,NA,NA,NA,"iv","low D",0,"none"
"235886",2018,"12/04/18","Coral Sea","Central Coral Sea","Mike","Flinders","Flinders 3","Toe Reef","Slope",2,9,2.5,4,4,"",100,"Flinders 3 Slope 2 2018","Amphiroa",0,"MA","none","no",NA,NA,NA,NA,"iv","low D",0,"none"
"238694",2018,"12/04/18","Coral Sea","Central Coral Sea","Mike","Flinders","Flinders 3","Toe Reef","Slope",2,9,2.5,4,4,"",100,"Flinders 3 Slope 2 2018","Dictyosphaeria",0,"MA","none","no",NA,NA,NA,NA,"iv","low D",0,"none"
"241502",2018,"12/04/18","Coral Sea","Central Coral Sea","Mike","Flinders","Flinders 3","Toe Reef","Slope",2,9,2.5,4,4,"",100,"Flinders 3 Slope 2 2018","Rhipiliopsis.",0,"MA","none","no",NA,NA,NA,NA,"iv","low D",0,"none"
"244310",2018,"12/04/18","Coral Sea","Central Coral Sea","Mike","Flinders","Flinders 3","Toe Reef","Slope",2,9,2.5,4,4,"",100,"Flinders 3 Slope 2 2018","Codium",0,"MA","none","no",NA,NA,NA,NA,"iv","low D",0,"none"
"247118",2018,"12/04/18","Coral Sea","Central Coral Sea","Mike","Flinders","Flinders 3","Toe Reef","Slope",2,9,2.5,4,4,"",100,"Flinders 3 Slope 2 2018","Other.algae",0,"MA","none","no",NA,NA,NA,NA,"iv","low D",0,"none"
"249926",2018,"12/04/18","Coral Sea","Central Coral Sea","Mike","Flinders","Flinders 3","Toe Reef","Slope",2,9,2.5,4,4,"",100,"Flinders 3 Slope 2 2018","Gorgonians.incl.Isis.",0,"SoC","none","no",NA,NA,NA,NA,"iv","low D",0,"none"
"252734",2018,"12/04/18","Coral Sea","Central Coral Sea","Mike","Flinders","Flinders 3","Toe Reef","Slope",2,9,2.5,4,4,"",100,"Flinders 3 Slope 2 2018","Hydroid",0,"Other","none","no",NA,NA,NA,NA,"iv","low D",0,"none"
"255542",2018,"12/04/18","Coral Sea","Central Coral Sea","Mike","Flinders","Flinders 3","Toe Reef","Slope",2,9,2.5,4,4,"",100,"Flinders 3 Slope 2 2018","Sponges",10,"Other","none","no",NA,NA,NA,NA,"iv","low D",0,"none"
"258350",2018,"12/04/18","Coral Sea","Central Coral Sea","Mike","Flinders","Flinders 3","Toe Reef","Slope",2,9,2.5,4,4,"",100,"Flinders 3 Slope 2 2018","Anemone",0,"Other","none","no",NA,NA,NA,NA,"iv","low D",0,"none"
"261158",2018,"12/04/18","Coral Sea","Central Coral Sea","Mike","Flinders","Flinders 3","Toe Reef","Slope",2,9,2.5,4,4,"",100,"Flinders 3 Slope 2 2018","Zooanthid",0,"Other","none","no",NA,NA,NA,NA,"iv","low D",0,"none"
"263966",2018,"12/04/18","Coral Sea","Central Coral Sea","Mike","Flinders","Flinders 3","Toe Reef","Slope",2,9,2.5,4,4,"",100,"Flinders 3 Slope 2 2018","Other.benthic.organism",0,"Other","none","no",NA,NA,NA,NA,"iv","low D",0,"none"
"266774",2018,"12/04/18","Coral Sea","Central Coral Sea","Mike","Flinders","Flinders 3","Toe Reef","Slope",2,9,2.5,4,4,"",100,"Flinders 3 Slope 2 2018","Sand.Rubble",0,"Sand","none","no",NA,NA,NA,NA,"iv","low D",0,"none"
"269582",2018,"12/04/18","Coral Sea","Central Coral Sea","Mike","Flinders","Flinders 3","Toe Reef","Slope",2,9,2.5,4,4,"",100,"Flinders 3 Slope 2 2018","CCA.Pavement",0,"CCA","none","no",NA,NA,NA,NA,"iv","low D",0,"none"
"272390",2018,"12/04/18","Coral Sea","Central Coral Sea","Mike","Flinders","Flinders 3","Toe Reef","Slope",2,9,2.5,4,4,"",100,"Flinders 3 Slope 2 2018","Turf.Pavement",80,"Turf","none","no",NA,NA,NA,NA,"iv","low D",0,"none"
"1368",2020,"21/03/20","GBR","Central Great Barrier Reef","Morgan","Yamacutta","Yamacutta 1","","Crest",3,1,2.5,0,90,"0",100,"Yamacutta 1 Crest 3 2020","Acropora...Tabular",76,"HC","Acropora tabular-bushy","yes",0.240328415385067,0.134035421382788,-0.0482618021729126,-0.113169850355026,"v","low D",0.163703703703704,"Acr. tabular"
"4176",2020,"21/03/20","GBR","Central Great Barrier Reef","Morgan","Yamacutta","Yamacutta 1","","Crest",3,1,2.5,0,90,"0",100,"Yamacutta 1 Crest 3 2020","Acropora...Staghorn",7,"HC","Acropora branching","yes",0.281922521102274,-0.0635149911254278,0.0204441380642461,0.000409788797686724,"v","low D",0.163703703703704,"Acr. branching"
"6984",2020,"21/03/20","GBR","Central Great Barrier Reef","Morgan","Yamacutta","Yamacutta 1","","Crest",3,1,2.5,0,90,"0",100,"Yamacutta 1 Crest 3 2020","Acropora...other",6,"HC","Acropora tabular-bushy","yes",0.139240828086872,0.0128591462882639,-0.0410847341926154,0.0242494399320568,"v","low D",0.163703703703704,"Acr. Bushy"
"9792",2020,"21/03/20","GBR","Central Great Barrier Reef","Morgan","Yamacutta","Yamacutta 1","","Crest",3,1,2.5,0,90,"0",100,"Yamacutta 1 Crest 3 2020","Astreopora",0,"HC","Encrusting-submassive","no",-0.100672656808791,0.0249293811191919,0.0437230821454867,0.018986140277716,"v","low D",0.163703703703704,"Encrusting"
"12600",2020,"21/03/20","GBR","Central Great Barrier Reef","Morgan","Yamacutta","Yamacutta 1","","Crest",3,1,2.5,0,90,"0",100,"Yamacutta 1 Crest 3 2020","Isopora",0,"HC","Branching (other)","no",0.083912073823699,0.0150709500173525,0.0422969758631734,-0.01667727145447,"v","low D",0.163703703703704,"Columnar"
"15408",2020,"21/03/20","GBR","Central Great Barrier Reef","Morgan","Yamacutta","Yamacutta 1","","Crest",3,1,2.5,0,90,"0",100,"Yamacutta 1 Crest 3 2020","Montipora",0,"HC","Encrusting-foliose","no",0.000126234233786947,0.0620124407750369,0.0320823937551572,0.0127030367419577,"v","low D",0.163703703703704,"Foliose"
"18216",2020,"21/03/20","GBR","Central Great Barrier Reef","Morgan","Yamacutta","Yamacutta 1","","Crest",3,1,2.5,0,90,"0",100,"Yamacutta 1 Crest 3 2020","Alveopora",0,"HC","Encrusting-submassive","no",-0.0526371368009176,-0.0615944403508045,0.0424184668426243,-0.0317201338697867,"v","low D",0.163703703703704,"Encrusting"
"21024",2020,"21/03/20","GBR","Central Great Barrier Reef","Morgan","Yamacutta","Yamacutta 1","","Crest",3,1,2.5,0,90,"0",100,"Yamacutta 1 Crest 3 2020","Pocillopora",0,"HC","Bushy-corymbose (other)","no",0.166418425440558,-0.0150962312552074,0.136213247732585,-0.00967291656217472,"v","low D",0.163703703703704,"Bushy (other)"
"23832",2020,"21/03/20","GBR","Central Great Barrier Reef","Morgan","Yamacutta","Yamacutta 1","","Crest",3,1,2.5,0,90,"0",100,"Yamacutta 1 Crest 3 2020","Seriatopora",0,"HC","Bushy-corymbose (other)","no",0.110977725548282,-0.0142253686589396,0.118794405836673,0.0252534379018654,"v","low D",0.163703703703704,"Bushy (other)"
"26640",2020,"21/03/20","GBR","Central Great Barrier Reef","Morgan","Yamacutta","Yamacutta 1","","Crest",3,1,2.5,0,90,"0",100,"Yamacutta 1 Crest 3 2020","Stylophora",0,"HC","Bushy-corymbose (other)","no",0.097557848276538,-0.0231199531043404,0.0962806786798844,0.0122126255584989,"v","low D",0.163703703703704,"Bushy (other)"
"29448",2020,"21/03/20","GBR","Central Great Barrier Reef","Morgan","Yamacutta","Yamacutta 1","","Crest",3,1,2.5,0,90,"0",100,"Yamacutta 1 Crest 3 2020","Stylocoeniella",0,"HC","Encrusting-submassive","no",-0.155347422346786,0.154422260937258,0.0769372077205655,-0.00783639259123267,"v","low D",0.163703703703704,"Encrusting"
"32256",2020,"21/03/20","GBR","Central Great Barrier Reef","Morgan","Yamacutta","Yamacutta 1","","Crest",3,1,2.5,0,90,"0",100,"Yamacutta 1 Crest 3 2020","Porites...Massive",0,"HC","Massive-columnar","no",-0.109183471440086,-0.0863591294127497,-0.0715213942646123,0.0102314522263045,"v","low D",0.163703703703704,"Massive"
"35064",2020,"21/03/20","GBR","Central Great Barrier Reef","Morgan","Yamacutta","Yamacutta 1","","Crest",3,1,2.5,0,90,"0",100,"Yamacutta 1 Crest 3 2020","Porites...Branching",0,"HC","Branching (other)","no",0.123056243261964,-0.00484182963326615,-0.0491427758661038,0.0268718400335514,"v","low D",0.163703703703704,"Branching (other)"
"37872",2020,"21/03/20","GBR","Central Great Barrier Reef","Morgan","Yamacutta","Yamacutta 1","","Crest",3,1,2.5,0,90,"0",100,"Yamacutta 1 Crest 3 2020","Goniopora",1,"HC","Encrusting-submassive","no",-0.0659013787947221,-0.0813098156213875,-0.0365218300275952,-0.0702797668670932,"v","low D",0.163703703703704,"Encrusting"
"40680",2020,"21/03/20","GBR","Central Great Barrier Reef","Morgan","Yamacutta","Yamacutta 1","","Crest",3,1,2.5,0,90,"0",100,"Yamacutta 1 Crest 3 2020","Astrea",0,"HC","Encrusting-submassive","no",-0.200139248881424,-0.0135253955263369,-0.0111714389728248,-0.000347983699355049,"v","low D",0.163703703703704,"Encrusting"
"43488",2020,"21/03/20","GBR","Central Great Barrier Reef","Morgan","Yamacutta","Yamacutta 1","","Crest",3,1,2.5,0,90,"0",100,"Yamacutta 1 Crest 3 2020","Cyphastrea",0,"HC","Encrusting-submassive","no",-0.0740270081466874,-0.0976935567247429,-0.0676415376952733,0.00670265600665732,"v","low D",0.163703703703704,"Encrusting"
"46296",2020,"21/03/20","GBR","Central Great Barrier Reef","Morgan","Yamacutta","Yamacutta 1","","Crest",3,1,2.5,0,90,"0",100,"Yamacutta 1 Crest 3 2020","Dipsastrea",0,"HC","Massive-columnar","no",-0.170585006194142,-0.0889734366549273,0.0125263195542029,0.0267296895356074,"v","low D",0.163703703703704,"Massive"
"49104",2020,"21/03/20","GBR","Central Great Barrier Reef","Morgan","Yamacutta","Yamacutta 1","","Crest",3,1,2.5,0,90,"0",100,"Yamacutta 1 Crest 3 2020","Echinopora",0,"HC","Encrusting-foliose","no",-0.0398533446993827,0.12300727886765,0.0135827578734912,0.0367439036181558,"v","low D",0.163703703703704,"Foliose"
"51912",2020,"21/03/20","GBR","Central Great Barrier Reef","Morgan","Yamacutta","Yamacutta 1","","Crest",3,1,2.5,0,90,"0",100,"Yamacutta 1 Crest 3 2020","Favites",0,"HC","Massive-columnar","no",-0.171471606389521,-0.0730282403869843,-0.0106400303078346,0.0218043139061569,"v","low D",0.163703703703704,"Massive"
"54720",2020,"21/03/20","GBR","Central Great Barrier Reef","Morgan","Yamacutta","Yamacutta 1","","Crest",3,1,2.5,0,90,"0",100,"Yamacutta 1 Crest 3 2020","Goniastrea",0,"HC","Massive-columnar","no",-0.129567164119885,-0.0573984710048977,-0.0344209724758839,0.0123135211180992,"v","low D",0.163703703703704,"Massive"
"57528",2020,"21/03/20","GBR","Central Great Barrier Reef","Morgan","Yamacutta","Yamacutta 1","","Crest",3,1,2.5,0,90,"0",100,"Yamacutta 1 Crest 3 2020","Hydnophora",0,"HC","Encrusting-foliose","no",-0.0220693239268366,-0.0690869121023572,-0.00698765165961518,0.00027039997412355,"v","low D",0.163703703703704,"Branching (other)"
"60336",2020,"21/03/20","GBR","Central Great Barrier Reef","Morgan","Yamacutta","Yamacutta 1","","Crest",3,1,2.5,0,90,"0",100,"Yamacutta 1 Crest 3 2020","Leptoria",0,"HC","Massive-columnar","no",-0.170515240925304,-0.00528658882649215,-0.0155198400903626,0.0105260594867268,"v","low D",0.163703703703704,"Massive"
"63144",2020,"21/03/20","GBR","Central Great Barrier Reef","Morgan","Yamacutta","Yamacutta 1","","Crest",3,1,2.5,0,90,"0",100,"Yamacutta 1 Crest 3 2020","Merulina",0,"HC","Encrusting-foliose","no",0.0425014257098473,0.0887031191550727,0.0240933120895385,0.0417819724197133,"v","low D",0.163703703703704,"Foliose"
"65952",2020,"21/03/20","GBR","Central Great Barrier Reef","Morgan","Yamacutta","Yamacutta 1","","Crest",3,1,2.5,0,90,"0",100,"Yamacutta 1 Crest 3 2020","Platygyra",0,"HC","Massive-columnar","no",-0.127067093111153,-0.110448752671918,-0.0332040623252233,0.0197123259951778,"v","low D",0.163703703703704,"Massive"
"68760",2020,"21/03/20","GBR","Central Great Barrier Reef","Morgan","Yamacutta","Yamacutta 1","","Crest",3,1,2.5,0,90,"0",100,"Yamacutta 1 Crest 3 2020","Other.Merulinidae",0,"HC","Massive-columnar","no",-0.0976220474435125,-0.103840087396198,0.00561589762183675,0.0427155327482793,"v","low D",0.163703703703704,"Massive"
"71568",2020,"21/03/20","GBR","Central Great Barrier Reef","Morgan","Yamacutta","Yamacutta 1","","Crest",3,1,2.5,0,90,"0",100,"Yamacutta 1 Crest 3 2020","Acanthastrea",0,"HC","Encrusting-submassive","no",NA,NA,NA,NA,"v","low D",0.163703703703704,"Encrusting"
"74376",2020,"21/03/20","GBR","Central Great Barrier Reef","Morgan","Yamacutta","Yamacutta 1","","Crest",3,1,2.5,0,90,"0",100,"Yamacutta 1 Crest 3 2020","Echinophyllia",0,"HC","Encrusting-submassive","no",NA,NA,NA,NA,"v","low D",0.163703703703704,"Encrusting"
"77184",2020,"21/03/20","GBR","Central Great Barrier Reef","Morgan","Yamacutta","Yamacutta 1","","Crest",3,1,2.5,0,90,"0",100,"Yamacutta 1 Crest 3 2020","Lobophyllia",0,"HC","Massive-columnar","no",NA,NA,NA,NA,"v","low D",0.163703703703704,"Massive"
"79992",2020,"21/03/20","GBR","Central Great Barrier Reef","Morgan","Yamacutta","Yamacutta 1","","Crest",3,1,2.5,0,90,"0",100,"Yamacutta 1 Crest 3 2020","Other.Lobophyllidae",0,"HC","Massive-columnar","no",-0.197435081881674,-0.0120328476022908,-0.01673138203562,0.0090115527065433,"v","low D",0.163703703703704,"Massive"
"82800",2020,"21/03/20","GBR","Central Great Barrier Reef","Morgan","Yamacutta","Yamacutta 1","","Crest",3,1,2.5,0,90,"0",100,"Yamacutta 1 Crest 3 2020","Coelastrea",0,"HC","Encrusting-submassive","no",-0.191006559312044,-0.122046732964091,0.0156786666717618,0.047344831016019,"v","low D",0.163703703703704,"Encrusting"
"85608",2020,"21/03/20","GBR","Central Great Barrier Reef","Morgan","Yamacutta","Yamacutta 1","","Crest",3,1,2.5,0,90,"0",100,"Yamacutta 1 Crest 3 2020","Coeloseris",0,"HC","Encrusting-submassive","no",-0.172704024646529,-0.103426931540477,0.0224755320795815,0.0218105521132626,"v","low D",0.163703703703704,"Encrusting"
"88416",2020,"21/03/20","GBR","Central Great Barrier Reef","Morgan","Yamacutta","Yamacutta 1","","Crest",3,1,2.5,0,90,"0",100,"Yamacutta 1 Crest 3 2020","Halomitra",0,"HC","Encrusting-submassive","no",-0.167100178348715,-0.0994352737223055,0.0232958170520704,0.0105711378650488,"v","low D",0.163703703703704,"Encrusting"
"91224",2020,"21/03/20","GBR","Central Great Barrier Reef","Morgan","Yamacutta","Yamacutta 1","","Crest",3,1,2.5,0,90,"0",100,"Yamacutta 1 Crest 3 2020","Fungiidae",0,"HC","Encrusting-submassive","no",-0.288910750106923,0.0125049653252868,-0.0013897587730078,-0.0492791056077181,"v","low D",0.163703703703704,"Encrusting"
"94032",2020,"21/03/20","GBR","Central Great Barrier Reef","Morgan","Yamacutta","Yamacutta 1","","Crest",3,1,2.5,0,90,"0",100,"Yamacutta 1 Crest 3 2020","Leptastrea",0,"HC","Encrusting-submassive","no",-0.214521734582303,0.0628648419368869,-0.0383011946183843,-0.034818791956,"v","low D",0.163703703703704,"Encrusting"
"96840",2020,"21/03/20","GBR","Central Great Barrier Reef","Morgan","Yamacutta","Yamacutta 1","","Crest",3,1,2.5,0,90,"0",100,"Yamacutta 1 Crest 3 2020","Pleisiastrea",0,"HC","Encrusting-submassive","no",-0.155445837745099,-0.108499993195654,0.0140781216756101,0.0555392579872258,"v","low D",0.163703703703704,"Encrusting"
"99648",2020,"21/03/20","GBR","Central Great Barrier Reef","Morgan","Yamacutta","Yamacutta 1","","Crest",3,1,2.5,0,90,"0",100,"Yamacutta 1 Crest 3 2020","Diploastrea",0,"HC","Massive-columnar","no",-0.216778905149941,-0.105325535024696,0.110063397271714,0.133818892205185,"v","low D",0.163703703703704,"Massive"
"102456",2020,"21/03/20","GBR","Central Great Barrier Reef","Morgan","Yamacutta","Yamacutta 1","","Crest",3,1,2.5,0,90,"0",100,"Yamacutta 1 Crest 3 2020","Galaxea",0,"HC","Massive-columnar","no",NA,NA,NA,NA,"v","low D",0.163703703703704,"Massive"
"105264",2020,"21/03/20","GBR","Central Great Barrier Reef","Morgan","Yamacutta","Yamacutta 1","","Crest",3,1,2.5,0,90,"0",100,"Yamacutta 1 Crest 3 2020","Pavona",0,"HC","Massive-columnar","no",-0.0654443393924778,0.0198479615350563,0.0221971014315002,0.00194744347960258,"v","low D",0.163703703703704,"Columnar"
"108072",2020,"21/03/20","GBR","Central Great Barrier Reef","Morgan","Yamacutta","Yamacutta 1","","Crest",3,1,2.5,0,90,"0",100,"Yamacutta 1 Crest 3 2020","Coscinarea",0,"HC","Massive-columnar","no",NA,NA,NA,NA,"v","low D",0.163703703703704,"Columnar"
"110880",2020,"21/03/20","GBR","Central Great Barrier Reef","Morgan","Yamacutta","Yamacutta 1","","Crest",3,1,2.5,0,90,"0",100,"Yamacutta 1 Crest 3 2020","Psammocora",0,"HC","Massive-columnar","no",-0.0600891759544262,-0.0719212142509173,0.175306192059123,-0.063179821215691,"v","low D",0.163703703703704,"Columnar"
"113688",2020,"21/03/20","GBR","Central Great Barrier Reef","Morgan","Yamacutta","Yamacutta 1","","Crest",3,1,2.5,0,90,"0",100,"Yamacutta 1 Crest 3 2020","Pachyseris",0,"HC","Encrusting-foliose","no",NA,NA,NA,NA,"v","low D",0.163703703703704,"Foliose"
"116496",2020,"21/03/20","GBR","Central Great Barrier Reef","Morgan","Yamacutta","Yamacutta 1","","Crest",3,1,2.5,0,90,"0",100,"Yamacutta 1 Crest 3 2020","Turbinaria",0,"HC","Encrusting-foliose","no",-0.00292058014456572,0.0975100417830366,-0.106730622255791,0.0111431296279639,"v","low D",0.163703703703704,"Foliose"
"119304",2020,"21/03/20","GBR","Central Great Barrier Reef","Morgan","Yamacutta","Yamacutta 1","","Crest",3,1,2.5,0,90,"0",100,"Yamacutta 1 Crest 3 2020","Euphyllia",0,"HC","Encrusting-submassive","no",NA,NA,NA,NA,"v","low D",0.163703703703704,"Encrusting"
"122112",2020,"21/03/20","GBR","Central Great Barrier Reef","Morgan","Yamacutta","Yamacutta 1","","Crest",3,1,2.5,0,90,"0",100,"Yamacutta 1 Crest 3 2020","Physogyra",0,"HC","Encrusting-submassive","no",-0.180173889787317,-0.109520721193129,0.0147571930085642,0.04001649075012,"v","low D",0.163703703703704,"Encrusting"
"124920",2020,"21/03/20","GBR","Central Great Barrier Reef","Morgan","Yamacutta","Yamacutta 1","","Crest",3,1,2.5,0,90,"0",100,"Yamacutta 1 Crest 3 2020","Oulophyllia",0,"HC","Encrusting-submassive","no",-0.132842657941001,-0.153276401502432,-0.0977986435840669,0.0531246771872431,"v","low D",0.163703703703704,"Encrusting"
"127728",2020,"21/03/20","GBR","Central Great Barrier Reef","Morgan","Yamacutta","Yamacutta 1","","Crest",3,1,2.5,0,90,"0",100,"Yamacutta 1 Crest 3 2020","Mycedium",0,"HC","Encrusting-submassive","no",-0.0240667153975248,0.176838301127354,0.0480601262723803,0.0328882948010575,"v","low D",0.163703703703704,"Encrusting"
"130536",2020,"21/03/20","GBR","Central Great Barrier Reef","Morgan","Yamacutta","Yamacutta 1","","Crest",3,1,2.5,0,90,"0",100,"Yamacutta 1 Crest 3 2020","Cynarina",0,"HC","Encrusting-submassive","no",NA,NA,NA,NA,"v","low D",0.163703703703704,"Encrusting"
"133344",2020,"21/03/20","GBR","Central Great Barrier Reef","Morgan","Yamacutta","Yamacutta 1","","Crest",3,1,2.5,0,90,"0",100,"Yamacutta 1 Crest 3 2020","Gardinoseris",0,"HC","Encrusting-submassive","no",-0.140359849533919,-0.0922340986024226,0.0252378267861654,0.0236217710367828,"v","low D",0.163703703703704,"Encrusting"
"136152",2020,"21/03/20","GBR","Central Great Barrier Reef","Morgan","Yamacutta","Yamacutta 1","","Crest",3,1,2.5,0,90,"0",100,"Yamacutta 1 Crest 3 2020","Leptoseris",0,"HC","Encrusting-foliose","no",-0.113176808041431,0.175498836497856,0.06293299577905,0.0173592087938436,"v","low D",0.163703703703704,"Foliose"
"138960",2020,"21/03/20","GBR","Central Great Barrier Reef","Morgan","Yamacutta","Yamacutta 1","","Crest",3,1,2.5,0,90,"0",100,"Yamacutta 1 Crest 3 2020","Oxypora",0,"HC","Encrusting-submassive","no",NA,NA,NA,NA,"v","low D",0.163703703703704,"Encrusting"
"141768",2020,"21/03/20","GBR","Central Great Barrier Reef","Morgan","Yamacutta","Yamacutta 1","","Crest",3,1,2.5,0,90,"0",100,"Yamacutta 1 Crest 3 2020","Scapophyllia",0,"HC","Encrusting-submassive","no",0.0481781615794045,-0.193096592599396,0.0971301774795498,-0.10679088278928,"v","low D",0.163703703703704,"Encrusting"
"144576",2020,"21/03/20","GBR","Central Great Barrier Reef","Morgan","Yamacutta","Yamacutta 1","","Crest",3,1,2.5,0,90,"0",100,"Yamacutta 1 Crest 3 2020","Pectinia",0,"HC","Encrusting-foliose","no",0.0194150178906054,0.0499762641006908,0.00536152825216163,0.0422710623011345,"v","low D",0.163703703703704,"Foliose"
"147384",2020,"21/03/20","GBR","Central Great Barrier Reef","Morgan","Yamacutta","Yamacutta 1","","Crest",3,1,2.5,0,90,"0",100,"Yamacutta 1 Crest 3 2020","Bernardpora",0,"HC","Encrusting-submassive","no",-0.199811883259408,0.0882839692151224,-0.0429146808591924,-0.0456104914730866,"v","low D",0.163703703703704,"Encrusting"
"150192",2020,"21/03/20","GBR","Central Great Barrier Reef","Morgan","Yamacutta","Yamacutta 1","","Crest",3,1,2.5,0,90,"0",100,"Yamacutta 1 Crest 3 2020","Podabacia",0,"HC","Encrusting-submassive","no",-0.226730189710759,0.125257951054428,0.0358318279843551,-0.0138452856305281,"v","low D",0.163703703703704,"Encrusting"
"153000",2020,"21/03/20","GBR","Central Great Barrier Reef","Morgan","Yamacutta","Yamacutta 1","","Crest",3,1,2.5,0,90,"0",100,"Yamacutta 1 Crest 3 2020","Tubastrea",0,"HC","Encrusting-submassive","no",NA,NA,NA,NA,"v","low D",0.163703703703704,"Encrusting"
"155808",2020,"21/03/20","GBR","Central Great Barrier Reef","Morgan","Yamacutta","Yamacutta 1","","Crest",3,1,2.5,0,90,"0",100,"Yamacutta 1 Crest 3 2020","Paramontastrea",0,"HC","Encrusting-submassive","no",-0.114144587797251,-0.116915343487126,-0.0686247810581562,0.00929682681947961,"v","low D",0.163703703703704,"Encrusting"
"158616",2020,"21/03/20","GBR","Central Great Barrier Reef","Morgan","Yamacutta","Yamacutta 1","","Crest",3,1,2.5,0,90,"0",100,"Yamacutta 1 Crest 3 2020","Paragoniastrea",0,"HC","Encrusting-submassive","no",-0.191967916813352,-0.0306993831342351,-0.02473163933448,0.0116447556061084,"v","low D",0.163703703703704,"Encrusting"
"161424",2020,"21/03/20","GBR","Central Great Barrier Reef","Morgan","Yamacutta","Yamacutta 1","","Crest",3,1,2.5,0,90,"0",100,"Yamacutta 1 Crest 3 2020","Homophyllia",0,"HC","Encrusting-submassive","no",NA,NA,NA,NA,"v","low D",0.163703703703704,"Encrusting"
"164232",2020,"21/03/20","GBR","Central Great Barrier Reef","Morgan","Yamacutta","Yamacutta 1","","Crest",3,1,2.5,0,90,"0",100,"Yamacutta 1 Crest 3 2020","Plerogyra",0,"HC","Encrusting-submassive","no",-0.105316075822891,-0.0998453875118921,0.0298845828432979,0.0359379942601894,"v","low D",0.163703703703704,"Encrusting"
"167040",2020,"21/03/20","GBR","Central Great Barrier Reef","Morgan","Yamacutta","Yamacutta 1","","Crest",3,1,2.5,0,90,"0",100,"Yamacutta 1 Crest 3 2020","Australogyra",0,"HC","Massive-columnar","no",0.13065872570089,-0.0786784170899101,-0.0231514150570016,0.0367130452636839,"v","low D",0.163703703703704,"Columnar"
"169848",2020,"21/03/20","GBR","Central Great Barrier Reef","Morgan","Yamacutta","Yamacutta 1","","Crest",3,1,2.5,0,90,"0",100,"Yamacutta 1 Crest 3 2020","Millepora",0,"Other","none","no",NA,NA,NA,NA,"v","low D",0.163703703703704,"none"
"172656",2020,"21/03/20","GBR","Central Great Barrier Reef","Morgan","Yamacutta","Yamacutta 1","","Crest",3,1,2.5,0,90,"0",100,"Yamacutta 1 Crest 3 2020","Lobophytum",1,"SoC","none","no",NA,NA,NA,NA,"v","low D",0.163703703703704,"none"
"175464",2020,"21/03/20","GBR","Central Great Barrier Reef","Morgan","Yamacutta","Yamacutta 1","","Crest",3,1,2.5,0,90,"0",100,"Yamacutta 1 Crest 3 2020","Sarcophyton",0,"SoC","none","no",NA,NA,NA,NA,"v","low D",0.163703703703704,"none"
"178272",2020,"21/03/20","GBR","Central Great Barrier Reef","Morgan","Yamacutta","Yamacutta 1","","Crest",3,1,2.5,0,90,"0",100,"Yamacutta 1 Crest 3 2020","Sinularia",0,"SoC","none","no",NA,NA,NA,NA,"v","low D",0.163703703703704,"none"
"181080",2020,"21/03/20","GBR","Central Great Barrier Reef","Morgan","Yamacutta","Yamacutta 1","","Crest",3,1,2.5,0,90,"0",100,"Yamacutta 1 Crest 3 2020","Palythoa",0,"SoC","none","no",NA,NA,NA,NA,"v","low D",0.163703703703704,"none"
"183888",2020,"21/03/20","GBR","Central Great Barrier Reef","Morgan","Yamacutta","Yamacutta 1","","Crest",3,1,2.5,0,90,"0",100,"Yamacutta 1 Crest 3 2020","Rhytisma",0,"SoC","none","no",NA,NA,NA,NA,"v","low D",0.163703703703704,"none"
"186696",2020,"21/03/20","GBR","Central Great Barrier Reef","Morgan","Yamacutta","Yamacutta 1","","Crest",3,1,2.5,0,90,"0",100,"Yamacutta 1 Crest 3 2020","Xenia",0,"SoC","none","no",NA,NA,NA,NA,"v","low D",0.163703703703704,"none"
"189504",2020,"21/03/20","GBR","Central Great Barrier Reef","Morgan","Yamacutta","Yamacutta 1","","Crest",3,1,2.5,0,90,"0",100,"Yamacutta 1 Crest 3 2020","Heliopora",0,"SoC","none","no",NA,NA,NA,NA,"v","low D",0.163703703703704,"none"
"192312",2020,"21/03/20","GBR","Central Great Barrier Reef","Morgan","Yamacutta","Yamacutta 1","","Crest",3,1,2.5,0,90,"0",100,"Yamacutta 1 Crest 3 2020","Tubipora",0,"SoC","none","no",NA,NA,NA,NA,"v","low D",0.163703703703704,"none"
"195120",2020,"21/03/20","GBR","Central Great Barrier Reef","Morgan","Yamacutta","Yamacutta 1","","Crest",3,1,2.5,0,90,"0",100,"Yamacutta 1 Crest 3 2020","Distichopora",0,"SoC","none","no",NA,NA,NA,NA,"v","low D",0.163703703703704,"none"
"197928",2020,"21/03/20","GBR","Central Great Barrier Reef","Morgan","Yamacutta","Yamacutta 1","","Crest",3,1,2.5,0,90,"0",100,"Yamacutta 1 Crest 3 2020","Nepthea",0,"SoC","none","no",NA,NA,NA,NA,"v","low D",0.163703703703704,"none"
"200736",2020,"21/03/20","GBR","Central Great Barrier Reef","Morgan","Yamacutta","Yamacutta 1","","Crest",3,1,2.5,0,90,"0",100,"Yamacutta 1 Crest 3 2020","Dendronephthea",0,"SoC","none","no",NA,NA,NA,NA,"v","low D",0.163703703703704,"none"
"203544",2020,"21/03/20","GBR","Central Great Barrier Reef","Morgan","Yamacutta","Yamacutta 1","","Crest",3,1,2.5,0,90,"0",100,"Yamacutta 1 Crest 3 2020","Other.soft.coral",0,"SoC","none","no",NA,NA,NA,NA,"v","low D",0.163703703703704,"none"
"206352",2020,"21/03/20","GBR","Central Great Barrier Reef","Morgan","Yamacutta","Yamacutta 1","","Crest",3,1,2.5,0,90,"0",100,"Yamacutta 1 Crest 3 2020","Caleurpa",0,"MA","none","no",NA,NA,NA,NA,"v","low D",0.163703703703704,"none"
"209160",2020,"21/03/20","GBR","Central Great Barrier Reef","Morgan","Yamacutta","Yamacutta 1","","Crest",3,1,2.5,0,90,"0",100,"Yamacutta 1 Crest 3 2020","Gracilaria",0,"MA","none","no",NA,NA,NA,NA,"v","low D",0.163703703703704,"none"
"211968",2020,"21/03/20","GBR","Central Great Barrier Reef","Morgan","Yamacutta","Yamacutta 1","","Crest",3,1,2.5,0,90,"0",100,"Yamacutta 1 Crest 3 2020","Halimeda",0,"MA","none","no",NA,NA,NA,NA,"v","low D",0.163703703703704,"none"
"214776",2020,"21/03/20","GBR","Central Great Barrier Reef","Morgan","Yamacutta","Yamacutta 1","","Crest",3,1,2.5,0,90,"0",100,"Yamacutta 1 Crest 3 2020","Galaxaura",0,"MA","none","no",NA,NA,NA,NA,"v","low D",0.163703703703704,"none"
"217584",2020,"21/03/20","GBR","Central Great Barrier Reef","Morgan","Yamacutta","Yamacutta 1","","Crest",3,1,2.5,0,90,"0",100,"Yamacutta 1 Crest 3 2020","Laurencia",0,"MA","none","no",NA,NA,NA,NA,"v","low D",0.163703703703704,"none"
"220392",2020,"21/03/20","GBR","Central Great Barrier Reef","Morgan","Yamacutta","Yamacutta 1","","Crest",3,1,2.5,0,90,"0",100,"Yamacutta 1 Crest 3 2020","Chlorodesmis",0,"MA","none","no",NA,NA,NA,NA,"v","low D",0.163703703703704,"none"
"223200",2020,"21/03/20","GBR","Central Great Barrier Reef","Morgan","Yamacutta","Yamacutta 1","","Crest",3,1,2.5,0,90,"0",100,"Yamacutta 1 Crest 3 2020","Halymenia",0,"MA","none","no",NA,NA,NA,NA,"v","low D",0.163703703703704,"none"
"226008",2020,"21/03/20","GBR","Central Great Barrier Reef","Morgan","Yamacutta","Yamacutta 1","","Crest",3,1,2.5,0,90,"0",100,"Yamacutta 1 Crest 3 2020","Blue.green.algae",0,"MA","none","no",NA,NA,NA,NA,"v","low D",0.163703703703704,"none"
"228816",2020,"21/03/20","GBR","Central Great Barrier Reef","Morgan","Yamacutta","Yamacutta 1","","Crest",3,1,2.5,0,90,"0",100,"Yamacutta 1 Crest 3 2020","Shaggy.carpet",0,"MA","none","no",NA,NA,NA,NA,"v","low D",0.163703703703704,"none"
"231624",2020,"21/03/20","GBR","Central Great Barrier Reef","Morgan","Yamacutta","Yamacutta 1","","Crest",3,1,2.5,0,90,"0",100,"Yamacutta 1 Crest 3 2020","Turbinaria..Algae.",0,"MA","none","no",NA,NA,NA,NA,"v","low D",0.163703703703704,"none"
"234432",2020,"21/03/20","GBR","Central Great Barrier Reef","Morgan","Yamacutta","Yamacutta 1","","Crest",3,1,2.5,0,90,"0",100,"Yamacutta 1 Crest 3 2020","Udeota",0,"MA","none","no",NA,NA,NA,NA,"v","low D",0.163703703703704,"none"
"237240",2020,"21/03/20","GBR","Central Great Barrier Reef","Morgan","Yamacutta","Yamacutta 1","","Crest",3,1,2.5,0,90,"0",100,"Yamacutta 1 Crest 3 2020","Amphiroa",0,"MA","none","no",NA,NA,NA,NA,"v","low D",0.163703703703704,"none"
"240048",2020,"21/03/20","GBR","Central Great Barrier Reef","Morgan","Yamacutta","Yamacutta 1","","Crest",3,1,2.5,0,90,"0",100,"Yamacutta 1 Crest 3 2020","Dictyosphaeria",0,"MA","none","no",NA,NA,NA,NA,"v","low D",0.163703703703704,"none"
"242856",2020,"21/03/20","GBR","Central Great Barrier Reef","Morgan","Yamacutta","Yamacutta 1","","Crest",3,1,2.5,0,90,"0",100,"Yamacutta 1 Crest 3 2020","Rhipiliopsis.",0,"MA","none","no",NA,NA,NA,NA,"v","low D",0.163703703703704,"none"
"245664",2020,"21/03/20","GBR","Central Great Barrier Reef","Morgan","Yamacutta","Yamacutta 1","","Crest",3,1,2.5,0,90,"0",100,"Yamacutta 1 Crest 3 2020","Codium",0,"MA","none","no",NA,NA,NA,NA,"v","low D",0.163703703703704,"none"
"248472",2020,"21/03/20","GBR","Central Great Barrier Reef","Morgan","Yamacutta","Yamacutta 1","","Crest",3,1,2.5,0,90,"0",100,"Yamacutta 1 Crest 3 2020","Other.algae",0,"MA","none","no",NA,NA,NA,NA,"v","low D",0.163703703703704,"none"
"251280",2020,"21/03/20","GBR","Central Great Barrier Reef","Morgan","Yamacutta","Yamacutta 1","","Crest",3,1,2.5,0,90,"0",100,"Yamacutta 1 Crest 3 2020","Gorgonians.incl.Isis.",0,"SoC","none","no",NA,NA,NA,NA,"v","low D",0.163703703703704,"none"
"254088",2020,"21/03/20","GBR","Central Great Barrier Reef","Morgan","Yamacutta","Yamacutta 1","","Crest",3,1,2.5,0,90,"0",100,"Yamacutta 1 Crest 3 2020","Hydroid",0,"Other","none","no",NA,NA,NA,NA,"v","low D",0.163703703703704,"none"
"256896",2020,"21/03/20","GBR","Central Great Barrier Reef","Morgan","Yamacutta","Yamacutta 1","","Crest",3,1,2.5,0,90,"0",100,"Yamacutta 1 Crest 3 2020","Sponges",0,"Other","none","no",NA,NA,NA,NA,"v","low D",0.163703703703704,"none"
"259704",2020,"21/03/20","GBR","Central Great Barrier Reef","Morgan","Yamacutta","Yamacutta 1","","Crest",3,1,2.5,0,90,"0",100,"Yamacutta 1 Crest 3 2020","Anemone",0,"Other","none","no",NA,NA,NA,NA,"v","low D",0.163703703703704,"none"
"262512",2020,"21/03/20","GBR","Central Great Barrier Reef","Morgan","Yamacutta","Yamacutta 1","","Crest",3,1,2.5,0,90,"0",100,"Yamacutta 1 Crest 3 2020","Zooanthid",0,"Other","none","no",NA,NA,NA,NA,"v","low D",0.163703703703704,"none"
"265320",2020,"21/03/20","GBR","Central Great Barrier Reef","Morgan","Yamacutta","Yamacutta 1","","Crest",3,1,2.5,0,90,"0",100,"Yamacutta 1 Crest 3 2020","Other.benthic.organism",0,"Other","none","no",NA,NA,NA,NA,"v","low D",0.163703703703704,"none"
"268128",2020,"21/03/20","GBR","Central Great Barrier Reef","Morgan","Yamacutta","Yamacutta 1","","Crest",3,1,2.5,0,90,"0",100,"Yamacutta 1 Crest 3 2020","Sand.Rubble",0,"Sand","none","no",NA,NA,NA,NA,"v","low D",0.163703703703704,"none"
"270936",2020,"21/03/20","GBR","Central Great Barrier Reef","Morgan","Yamacutta","Yamacutta 1","","Crest",3,1,2.5,0,90,"0",100,"Yamacutta 1 Crest 3 2020","CCA.Pavement",3,"CCA","none","no",NA,NA,NA,NA,"v","low D",0.163703703703704,"none"
"273744",2020,"21/03/20","GBR","Central Great Barrier Reef","Morgan","Yamacutta","Yamacutta 1","","Crest",3,1,2.5,0,90,"0",100,"Yamacutta 1 Crest 3 2020","Turf.Pavement",6,"Turf","none","no",NA,NA,NA,NA,"v","low D",0.163703703703704,"none"
